run_id,dataset,step,draft_entropy_mean,draft_entropy_max,draft_conf_mean,draft_conf_min,target_entropy_mean,alpha_n_mean,accept_length_mean,depth_mean,n_rows,step_acceptance_rate_gamma_fixed,step_acceptance_rate_depth_inferred,step_acceptance_rate,step_acceptance_rate_source
livecodebench_0,livecodebench,0,12.308822631835938,12.308822631835938,0.012588142417371273,0.012588142417371273,1.7100095748901367,0.0,0.0,3.0,1,0.0,0.0,0.0,gamma_fixed
livecodebench_0,livecodebench,1,10.847282409667969,10.847282409667969,0.0885818600654602,0.0885818600654602,1.2501471042633057,1.0,1.0,3.0,1,0.25,0.5,0.25,gamma_fixed
livecodebench_0,livecodebench,2,8.98863410949707,8.98863410949707,0.08585648238658905,0.08585648238658905,1.3520076274871826,0.0,0.0,3.0,1,0.0,0.0,0.0,gamma_fixed
livecodebench_0,livecodebench,3,8.53028678894043,8.53028678894043,0.1015596091747284,0.1015596091747284,0.07828978449106216,1.0,1.0,2.0,1,0.25,1.0,0.25,gamma_fixed
livecodebench_0,livecodebench,4,8.979108810424805,8.979108810424805,0.15607449412345886,0.15607449412345886,0.0008039737585932016,0.0,0.0,2.0,1,0.0,0.0,0.0,gamma_fixed
livecodebench_0,livecodebench,5,6.139974594116211,6.139974594116211,0.3607640266418457,0.3607640266418457,0.26098713278770447,1.0,2.0,4.0,1,0.5,0.6666666666666666,0.5,gamma_fixed
livecodebench_0,livecodebench,6,7.659095764160156,7.659095764160156,0.07591621577739716,0.07591621577739716,0.7221868634223938,1.0,1.0,3.0,1,0.25,0.5,0.25,gamma_fixed
livecodebench_0,livecodebench,7,8.074895858764648,8.074895858764648,0.10136144608259201,0.10136144608259201,0.7709358930587769,1.0,2.0,3.0,1,0.5,1.0,0.5,gamma_fixed
livecodebench_0,livecodebench,8,6.5040974617004395,6.5040974617004395,0.4120054244995117,0.4120054244995117,0.40565091371536255,1.0,1.0,2.0,1,0.25,1.0,0.25,gamma_fixed
livecodebench_0,livecodebench,9,8.66571044921875,8.66571044921875,0.12788285315036774,0.12788285315036774,1.1263599395751953,0.0,0.0,2.0,1,0.0,0.0,0.0,gamma_fixed
livecodebench_0,livecodebench,10,1.3594526052474976,1.3594526052474976,0.8853022456169128,0.8853022456169128,1.4731547832489014,1.0,3.0,4.0,1,0.75,1.0,0.75,gamma_fixed
livecodebench_0,livecodebench,11,6.130867004394531,6.130867004394531,0.3429013192653656,0.3429013192653656,2.559539318084717,1.0,1.0,3.0,1,0.25,0.5,0.25,gamma_fixed
livecodebench_0,livecodebench,12,7.498325824737549,7.498325824737549,0.3506903648376465,0.3506903648376465,0.3755396604537964,1.0,1.0,2.0,1,0.25,1.0,0.25,gamma_fixed
livecodebench_0,livecodebench,13,0.29052507877349854,0.29052507877349854,0.982305645942688,0.982305645942688,6.560689143952914e-06,1.0,2.0,3.0,1,0.5,1.0,0.5,gamma_fixed
livecodebench_0,livecodebench,14,1.544970154762268,1.544970154762268,0.7056522369384766,0.7056522369384766,1.6490367650985718,1.0,1.0,3.0,1,0.25,0.5,0.25,gamma_fixed
livecodebench_0,livecodebench,15,9.350972175598145,9.350972175598145,0.0608813650906086,0.0608813650906086,1.4563469886779785,1.0,2.0,3.0,1,0.5,1.0,0.5,gamma_fixed
livecodebench_0,livecodebench,16,0.44073909521102905,0.44073909521102905,0.9687010049819946,0.9687010049819946,0.463189035654068,1.0,1.0,3.0,1,0.25,0.5,0.25,gamma_fixed
livecodebench_0,livecodebench,17,3.6835579872131348,3.6835579872131348,0.5112490653991699,0.5112490653991699,0.0038684180472046137,1.0,2.0,3.0,1,0.5,1.0,0.5,gamma_fixed
livecodebench_0,livecodebench,18,0.25509631633758545,0.25509631633758545,0.978013277053833,0.978013277053833,0.07756912708282471,1.0,3.0,4.0,1,0.75,1.0,0.75,gamma_fixed
livecodebench_0,livecodebench,19,9.15114974975586,9.15114974975586,0.1251646876335144,0.1251646876335144,1.2905728816986084,1.0,1.0,4.0,1,0.25,0.3333333333333333,0.25,gamma_fixed
livecodebench_0,livecodebench,20,0.01580207608640194,0.01580207608640194,0.998859167098999,0.998859167098999,1.096505045890808,1.0,3.0,5.0,1,0.75,0.75,0.75,gamma_fixed
livecodebench_0,livecodebench,21,5.920802116394043,5.920802116394043,0.16245035827159882,0.16245035827159882,2.5031862258911133,0.0,0.0,2.0,1,0.0,0.0,0.0,gamma_fixed
livecodebench_0,livecodebench,22,4.572366714477539,4.572366714477539,0.3893177807331085,0.3893177807331085,0.44629618525505066,1.0,3.0,4.0,1,0.75,1.0,0.75,gamma_fixed
livecodebench_0,livecodebench,23,7.715341567993164,7.715341567993164,0.12013482302427292,0.12013482302427292,0.7462996244430542,0.0,0.0,2.0,1,0.0,0.0,0.0,gamma_fixed
livecodebench_0,livecodebench,24,5.616971969604492,5.616971969604492,0.3958350419998169,0.3958350419998169,1.354714274406433,0.0,0.0,2.0,1,0.0,0.0,0.0,gamma_fixed
livecodebench_0,livecodebench,25,0.8398426175117493,0.8398426175117493,0.9398432374000549,0.9398432374000549,1.2381395101547241,0.0,0.0,3.0,1,0.0,0.0,0.0,gamma_fixed
livecodebench_0,livecodebench,26,2.8554420471191406,2.8554420471191406,0.6145798563957214,0.6145798563957214,0.41521361470222473,1.0,2.0,4.0,1,0.5,0.6666666666666666,0.5,gamma_fixed
livecodebench_0,livecodebench,27,2.3532614707946777,2.3532614707946777,0.7990232706069946,0.7990232706069946,0.9491512179374695,1.0,1.0,3.0,1,0.25,0.5,0.25,gamma_fixed
livecodebench_0,livecodebench,28,9.942032814025879,9.942032814025879,0.21270444989204407,0.21270444989204407,0.00030175206484273076,1.0,1.0,2.0,1,0.25,1.0,0.25,gamma_fixed
livecodebench_0,livecodebench,29,1.5068353414535522,1.5068353414535522,0.6274668574333191,0.6274668574333191,0.0009209048002958298,1.0,3.0,4.0,1,0.75,1.0,0.75,gamma_fixed
livecodebench_0,livecodebench,30,9.923673629760742,9.923673629760742,0.07878634333610535,0.07878634333610535,0.28455108404159546,0.0,0.0,2.0,1,0.0,0.0,0.0,gamma_fixed
livecodebench_0,livecodebench,31,4.626508712768555,4.626508712768555,0.3985501825809479,0.3985501825809479,1.0101289749145508,0.0,0.0,2.0,1,0.0,0.0,0.0,gamma_fixed
livecodebench_0,livecodebench,32,1.193902611732483,1.193902611732483,0.6824404001235962,0.6824404001235962,0.030063463374972343,1.0,2.0,4.0,1,0.5,0.6666666666666666,0.5,gamma_fixed
livecodebench_0,livecodebench,33,9.797660827636719,9.797660827636719,0.09157243371009827,0.09157243371009827,1.8156747817993164,1.0,1.0,3.0,1,0.25,0.5,0.25,gamma_fixed
livecodebench_0,livecodebench,34,9.113243103027344,9.113243103027344,0.07636234164237976,0.07636234164237976,1.0091301202774048,0.0,0.0,2.0,1,0.0,0.0,0.0,gamma_fixed
livecodebench_0,livecodebench,35,4.532066345214844,4.532066345214844,0.29559943079948425,0.29559943079948425,1.9307074546813965,1.0,1.0,3.0,1,0.25,0.5,0.25,gamma_fixed
livecodebench_0,livecodebench,36,6.951829433441162,6.951829433441162,0.08703836053609848,0.08703836053609848,3.3203816413879395,0.0,0.0,2.0,1,0.0,0.0,0.0,gamma_fixed
livecodebench_0,livecodebench,37,6.422179222106934,6.422179222106934,0.16581624746322632,0.16581624746322632,0.499653697013855,0.0,0.0,2.0,1,0.0,0.0,0.0,gamma_fixed
livecodebench_0,livecodebench,38,5.399438858032227,5.399438858032227,0.25582000613212585,0.25582000613212585,1.3203394412994385,0.0,0.0,2.0,1,0.0,0.0,0.0,gamma_fixed
livecodebench_0,livecodebench,39,1.9791918992996216,1.9791918992996216,0.6938645243644714,0.6938645243644714,1.0952677726745605,1.0,2.0,3.0,1,0.5,1.0,0.5,gamma_fixed
livecodebench_0,livecodebench,40,8.754405975341797,8.754405975341797,0.1577601134777069,0.1577601134777069,0.1979983150959015,0.0,0.0,2.0,1,0.0,0.0,0.0,gamma_fixed
livecodebench_0,livecodebench,41,10.557219505310059,10.557219505310059,0.06318307667970657,0.06318307667970657,1.371934175491333,0.0,0.0,2.0,1,0.0,0.0,0.0,gamma_fixed
livecodebench_0,livecodebench,42,8.74573040008545,8.74573040008545,0.1789402961730957,0.1789402961730957,0.8752535581588745,0.0,0.0,2.0,1,0.0,0.0,0.0,gamma_fixed
livecodebench_0,livecodebench,43,5.690596580505371,5.690596580505371,0.25707218050956726,0.25707218050956726,2.0759692192077637,0.0,0.0,2.0,1,0.0,0.0,0.0,gamma_fixed
livecodebench_0,livecodebench,44,4.90564489364624,4.90564489364624,0.1753079891204834,0.1753079891204834,0.0002743846271187067,1.0,2.0,3.0,1,0.5,1.0,0.5,gamma_fixed
livecodebench_0,livecodebench,45,8.669679641723633,8.669679641723633,0.15485991537570953,0.15485991537570953,0.8012819290161133,1.0,1.0,3.0,1,0.25,0.5,0.25,gamma_fixed
livecodebench_0,livecodebench,46,0.9033278226852417,0.9033278226852417,0.8950820565223694,0.8950820565223694,1.5067131519317627,1.0,1.0,2.0,1,0.25,1.0,0.25,gamma_fixed
livecodebench_0,livecodebench,47,3.476213216781616,3.476213216781616,0.316822350025177,0.316822350025177,2.943641424179077,0.0,0.0,2.0,1,0.0,0.0,0.0,gamma_fixed
livecodebench_0,livecodebench,48,0.9940586686134338,0.9940586686134338,0.8351234197616577,0.8351234197616577,0.01357415970414877,1.0,3.0,4.0,1,0.75,1.0,0.75,gamma_fixed
livecodebench_0,livecodebench,49,4.269964218139648,4.269964218139648,0.31899556517601013,0.31899556517601013,1.7790889739990234,1.0,3.0,4.0,1,0.75,1.0,0.75,gamma_fixed
livecodebench_0,livecodebench,50,6.618917465209961,6.618917465209961,0.2752600312232971,0.2752600312232971,1.10544753074646,0.0,0.0,2.0,1,0.0,0.0,0.0,gamma_fixed
livecodebench_0,livecodebench,51,4.714437961578369,4.714437961578369,0.5376188158988953,0.5376188158988953,0.0005676890723407269,0.0,0.0,2.0,1,0.0,0.0,0.0,gamma_fixed
livecodebench_0,livecodebench,52,7.1302385330200195,7.1302385330200195,0.22953960299491882,0.22953960299491882,1.17195463180542,1.0,1.0,3.0,1,0.25,0.5,0.25,gamma_fixed
livecodebench_0,livecodebench,53,3.85787296295166,3.85787296295166,0.37148961424827576,0.37148961424827576,1.0123882293701172,1.0,3.0,5.0,1,0.75,0.75,0.75,gamma_fixed
livecodebench_0,livecodebench,54,4.729499816894531,4.729499816894531,0.3486415445804596,0.3486415445804596,2.3019464015960693,0.0,0.0,2.0,1,0.0,0.0,0.0,gamma_fixed
livecodebench_0,livecodebench,55,9.246321678161621,9.246321678161621,0.17394372820854187,0.17394372820854187,1.8891931772232056,1.0,4.0,5.0,1,1.0,1.0,1.0,gamma_fixed
livecodebench_0,livecodebench,56,0.5520347952842712,0.5520347952842712,0.9626302123069763,0.9626302123069763,0.042355481535196304,0.0,0.0,3.0,1,0.0,0.0,0.0,gamma_fixed
livecodebench_0,livecodebench,57,2.377403497695923,2.377403497695923,0.7469567060470581,0.7469567060470581,0.028584841638803482,1.0,2.0,3.0,1,0.5,1.0,0.5,gamma_fixed
livecodebench_0,livecodebench,58,5.500354766845703,5.500354766845703,0.16760708391666412,0.16760708391666412,0.1111842691898346,1.0,2.0,3.0,1,0.5,1.0,0.5,gamma_fixed
livecodebench_0,livecodebench,59,10.767084121704102,10.767084121704102,0.05521699786186218,0.05521699786186218,0.3005831837654114,0.0,0.0,2.0,1,0.0,0.0,0.0,gamma_fixed
livecodebench_0,livecodebench,60,5.632987976074219,5.632987976074219,0.376787394285202,0.376787394285202,2.098714590072632,0.0,0.0,2.0,1,0.0,0.0,0.0,gamma_fixed
livecodebench_0,livecodebench,61,6.230602264404297,6.230602264404297,0.3653732240200043,0.3653732240200043,1.146141529083252,1.0,1.0,3.0,1,0.25,0.5,0.25,gamma_fixed
livecodebench_0,livecodebench,62,5.677100658416748,5.677100658416748,0.33137911558151245,0.33137911558151245,0.516503632068634,0.0,0.0,2.0,1,0.0,0.0,0.0,gamma_fixed
livecodebench_0,livecodebench,63,2.3600001335144043,2.3600001335144043,0.6792821288108826,0.6792821288108826,0.4330286383628845,1.0,1.0,2.0,1,0.25,1.0,0.25,gamma_fixed
livecodebench_0,livecodebench,64,7.428956031799316,7.428956031799316,0.2728513777256012,0.2728513777256012,1.7002824544906616,0.0,0.0,2.0,1,0.0,0.0,0.0,gamma_fixed
livecodebench_0,livecodebench,65,6.479611396789551,6.479611396789551,0.1389511525630951,0.1389511525630951,0.025056159123778343,1.0,2.0,3.0,1,0.5,1.0,0.5,gamma_fixed
livecodebench_0,livecodebench,66,7.210265159606934,7.210265159606934,0.2209617644548416,0.2209617644548416,0.030406519770622253,0.0,0.0,2.0,1,0.0,0.0,0.0,gamma_fixed
livecodebench_0,livecodebench,67,8.303314208984375,8.303314208984375,0.21860086917877197,0.21860086917877197,0.028561072424054146,1.0,2.0,3.0,1,0.5,1.0,0.5,gamma_fixed
livecodebench_0,livecodebench,68,7.849577903747559,7.849577903747559,0.09085981547832489,0.09085981547832489,0.8849096894264221,0.0,0.0,2.0,1,0.0,0.0,0.0,gamma_fixed
livecodebench_0,livecodebench,69,8.145072937011719,8.145072937011719,0.21521176397800446,0.21521176397800446,2.3271567821502686,0.0,0.0,2.0,1,0.0,0.0,0.0,gamma_fixed
livecodebench_0,livecodebench,70,5.038960933685303,5.038960933685303,0.5107500553131104,0.5107500553131104,0.0664779543876648,0.0,0.0,2.0,1,0.0,0.0,0.0,gamma_fixed
livecodebench_0,livecodebench,71,9.457647323608398,9.457647323608398,0.12838336825370789,0.12838336825370789,0.0001980781089514494,0.0,0.0,2.0,1,0.0,0.0,0.0,gamma_fixed
livecodebench_0,livecodebench,72,8.542826652526855,8.542826652526855,0.13194230198860168,0.13194230198860168,1.1646543741226196,0.0,0.0,2.0,1,0.0,0.0,0.0,gamma_fixed
livecodebench_0,livecodebench,73,1.8370778560638428,1.8370778560638428,0.682273805141449,0.682273805141449,1.0951787233352661,1.0,2.0,3.0,1,0.5,1.0,0.5,gamma_fixed
livecodebench_0,livecodebench,74,7.693541049957275,7.693541049957275,0.25457391142845154,0.25457391142845154,0.31413257122039795,1.0,1.0,3.0,1,0.25,0.5,0.25,gamma_fixed
livecodebench_0,livecodebench,75,4.974620342254639,4.974620342254639,0.4448319971561432,0.4448319971561432,0.5389969944953918,0.0,0.0,2.0,1,0.0,0.0,0.0,gamma_fixed
livecodebench_0,livecodebench,76,2.113009452819824,2.113009452819824,0.6787847876548767,0.6787847876548767,1.8825831413269043,1.0,3.0,4.0,1,0.75,1.0,0.75,gamma_fixed
livecodebench_0,livecodebench,77,8.363958358764648,8.363958358764648,0.08652987331151962,0.08652987331151962,0.0002796609478536993,0.0,0.0,2.0,1,0.0,0.0,0.0,gamma_fixed
livecodebench_0,livecodebench,78,7.523408889770508,7.523408889770508,0.17496591806411743,0.17496591806411743,2.8602864742279053,1.0,2.0,3.0,1,0.5,1.0,0.5,gamma_fixed
livecodebench_0,livecodebench,79,2.1153275966644287,2.1153275966644287,0.44137030839920044,0.44137030839920044,1.8303178548812866,0.0,0.0,3.0,1,0.0,0.0,0.0,gamma_fixed
livecodebench_0,livecodebench,80,0.07274263352155685,0.07274263352155685,0.9944307804107666,0.9944307804107666,1.608762264251709,1.0,2.0,4.0,1,0.5,0.6666666666666666,0.5,gamma_fixed
livecodebench_0,livecodebench,81,6.41391658782959,6.41391658782959,0.26653075218200684,0.26653075218200684,3.3421084880828857,1.0,2.0,3.0,1,0.5,1.0,0.5,gamma_fixed
livecodebench_0,livecodebench,82,5.124881744384766,5.124881744384766,0.21002118289470673,0.21002118289470673,2.4611434936523438,1.0,1.0,3.0,1,0.25,0.5,0.25,gamma_fixed
livecodebench_0,livecodebench,83,10.311981201171875,10.311981201171875,0.04079405963420868,0.04079405963420868,1.4468576908111572,1.0,1.0,3.0,1,0.25,0.5,0.25,gamma_fixed
livecodebench_0,livecodebench,84,9.456581115722656,9.456581115722656,0.13908691704273224,0.13908691704273224,0.5228224992752075,1.0,1.0,3.0,1,0.25,0.5,0.25,gamma_fixed
livecodebench_0,livecodebench,85,4.108153820037842,4.108153820037842,0.6794479489326477,0.6794479489326477,1.7042709589004517,1.0,2.0,4.0,1,0.5,0.6666666666666666,0.5,gamma_fixed
livecodebench_0,livecodebench,86,6.999184608459473,6.999184608459473,0.3459284007549286,0.3459284007549286,1.028213620185852,0.0,0.0,2.0,1,0.0,0.0,0.0,gamma_fixed
livecodebench_0,livecodebench,87,2.7246594429016113,2.7246594429016113,0.64313143491745,0.64313143491745,0.6670628190040588,1.0,2.0,3.0,1,0.5,1.0,0.5,gamma_fixed
livecodebench_0,livecodebench,88,3.308928966522217,3.308928966522217,0.6792821288108826,0.6792821288108826,1.4927431344985962,0.0,0.0,2.0,1,0.0,0.0,0.0,gamma_fixed
livecodebench_0,livecodebench,89,10.676401138305664,10.676401138305664,0.0608813650906086,0.0608813650906086,0.9380854368209839,0.0,0.0,2.0,1,0.0,0.0,0.0,gamma_fixed
livecodebench_0,livecodebench,90,8.805852890014648,8.805852890014648,0.16711677610874176,0.16711677610874176,1.7190675735473633,0.0,0.0,2.0,1,0.0,0.0,0.0,gamma_fixed
livecodebench_0,livecodebench,91,0.3238453269004822,0.3238453269004822,0.9688783884048462,0.9688783884048462,0.7614988684654236,1.0,1.0,4.0,1,0.25,0.3333333333333333,0.25,gamma_fixed
livecodebench_0,livecodebench,92,2.2549822330474854,2.2549822330474854,0.5939286351203918,0.5939286351203918,2.1064560413360596,1.0,1.0,3.0,1,0.25,0.5,0.25,gamma_fixed
livecodebench_0,livecodebench,93,7.418249130249023,7.418249130249023,0.2603565752506256,0.2603565752506256,0.2996479272842407,0.0,0.0,2.0,1,0.0,0.0,0.0,gamma_fixed
livecodebench_0,livecodebench,94,4.36802339553833,4.36802339553833,0.5748127698898315,0.5748127698898315,1.987461805343628,0.0,0.0,2.0,1,0.0,0.0,0.0,gamma_fixed
livecodebench_0,livecodebench,95,2.394339084625244,2.394339084625244,0.7528151869773865,0.7528151869773865,1.4812347888946533,0.0,0.0,2.0,1,0.0,0.0,0.0,gamma_fixed
livecodebench_0,livecodebench,96,0.05071675404906273,0.05071675404906273,0.9958468079566956,0.9958468079566956,1.438071370124817,1.0,2.0,4.0,1,0.5,0.6666666666666666,0.5,gamma_fixed
livecodebench_0,livecodebench,97,5.7860541343688965,5.7860541343688965,0.24891969561576843,0.24891969561576843,0.502543568611145,1.0,1.0,3.0,1,0.25,0.5,0.25,gamma_fixed
livecodebench_0,livecodebench,98,3.393740653991699,3.393740653991699,0.5686710476875305,0.5686710476875305,0.3017174005508423,0.0,0.0,2.0,1,0.0,0.0,0.0,gamma_fixed
livecodebench_0,livecodebench,99,4.5951828956604,4.5951828956604,0.5530619621276855,0.5530619621276855,0.014538594521582127,1.0,3.0,5.0,1,0.75,0.75,0.75,gamma_fixed
livecodebench_0,livecodebench,100,11.507669448852539,11.507669448852539,0.04471609368920326,0.04471609368920326,0.36880773305892944,1.0,1.0,3.0,1,0.25,0.5,0.25,gamma_fixed
livecodebench_0,livecodebench,101,2.4683830738067627,2.4683830738067627,0.5904588103294373,0.5904588103294373,3.891408920288086,1.0,3.0,4.0,1,0.75,1.0,0.75,gamma_fixed
livecodebench_0,livecodebench,102,3.1613974571228027,3.1613974571228027,0.5525221824645996,0.5525221824645996,2.4833791255950928,0.0,0.0,2.0,1,0.0,0.0,0.0,gamma_fixed
livecodebench_0,livecodebench,103,8.005714416503906,8.005714416503906,0.2188144475221634,0.2188144475221634,0.3182899057865143,0.0,0.0,2.0,1,0.0,0.0,0.0,gamma_fixed
livecodebench_0,livecodebench,104,7.975750923156738,7.975750923156738,0.19122646749019623,0.19122646749019623,2.460263252258301,0.0,0.0,2.0,1,0.0,0.0,0.0,gamma_fixed
livecodebench_0,livecodebench,105,3.0609145164489746,3.0609145164489746,0.4146290421485901,0.4146290421485901,1.7829432487487793,1.0,1.0,3.0,1,0.25,0.5,0.25,gamma_fixed
livecodebench_0,livecodebench,106,2.4423694610595703,2.4423694610595703,0.6209141612052917,0.6209141612052917,2.0539467334747314,1.0,2.0,4.0,1,0.5,0.6666666666666666,0.5,gamma_fixed
livecodebench_0,livecodebench,107,5.580611228942871,5.580611228942871,0.33365216851234436,0.33365216851234436,2.1257052421569824,0.0,0.0,2.0,1,0.0,0.0,0.0,gamma_fixed
livecodebench_0,livecodebench,108,5.2508769035339355,5.2508769035339355,0.22204332053661346,0.22204332053661346,3.3980507850646973,1.0,1.0,3.0,1,0.25,0.5,0.25,gamma_fixed
livecodebench_0,livecodebench,109,5.288341999053955,5.288341999053955,0.23798517882823944,0.23798517882823944,1.8756498098373413,1.0,1.0,2.0,1,0.25,1.0,0.25,gamma_fixed
livecodebench_0,livecodebench,110,11.6239013671875,11.6239013671875,0.10315893590450287,0.10315893590450287,2.5324888229370117,1.0,2.0,4.0,1,0.5,0.6666666666666666,0.5,gamma_fixed
livecodebench_0,livecodebench,111,5.447101593017578,5.447101593017578,0.21228942275047302,0.21228942275047302,2.2858521938323975,1.0,1.0,3.0,1,0.25,0.5,0.25,gamma_fixed
livecodebench_0,livecodebench,112,9.11437702178955,9.11437702178955,0.07358051836490631,0.07358051836490631,1.1356289386749268,0.0,0.0,2.0,1,0.0,0.0,0.0,gamma_fixed
livecodebench_0,livecodebench,113,3.51674747467041,3.51674747467041,0.35970866680145264,0.35970866680145264,1.380056619644165,0.0,0.0,2.0,1,0.0,0.0,0.0,gamma_fixed
livecodebench_0,livecodebench,114,1.3190510272979736,1.3190510272979736,0.5167705416679382,0.5167705416679382,1.4538328647613525,1.0,2.0,5.0,1,0.5,0.5,0.5,gamma_fixed
livecodebench_0,livecodebench,115,5.011543273925781,5.011543273925781,0.2744547724723816,0.2744547724723816,1.2163076400756836,1.0,1.0,2.0,1,0.25,1.0,0.25,gamma_fixed
livecodebench_0,livecodebench,116,7.324361324310303,7.324361324310303,0.1756507158279419,0.1756507158279419,1.958550214767456,1.0,1.0,3.0,1,0.25,0.5,0.25,gamma_fixed
livecodebench_0,livecodebench,117,4.741194725036621,4.741194725036621,0.3997195363044739,0.3997195363044739,2.7865445613861084,0.0,0.0,2.0,1,0.0,0.0,0.0,gamma_fixed
livecodebench_0,livecodebench,118,4.815453052520752,4.815453052520752,0.3916056156158447,0.3916056156158447,2.4325313568115234,1.0,2.0,3.0,1,0.5,1.0,0.5,gamma_fixed
livecodebench_0,livecodebench,119,4.068398952484131,4.068398952484131,0.560675323009491,0.560675323009491,1.6673693656921387,1.0,2.0,3.0,1,0.5,1.0,0.5,gamma_fixed
livecodebench_0,livecodebench,120,5.379599571228027,5.379599571228027,0.33791500329971313,0.33791500329971313,1.069382905960083,1.0,2.0,4.0,1,0.5,0.6666666666666666,0.5,gamma_fixed
livecodebench_0,livecodebench,121,9.147257804870605,9.147257804870605,0.07651162892580032,0.07651162892580032,0.7350106239318848,0.0,0.0,2.0,1,0.0,0.0,0.0,gamma_fixed
livecodebench_0,livecodebench,122,12.268117904663086,12.268117904663086,0.06281395256519318,0.06281395256519318,1.5125271081924438,1.0,1.0,2.0,1,0.25,1.0,0.25,gamma_fixed
livecodebench_0,livecodebench,123,1.633573293685913,1.633573293685913,0.8247895836830139,0.8247895836830139,0.2756022810935974,1.0,3.0,4.0,1,0.75,1.0,0.75,gamma_fixed
livecodebench_0,livecodebench,124,8.585311889648438,8.585311889648438,0.06417806446552277,0.06417806446552277,1.684478521347046,0.0,0.0,2.0,1,0.0,0.0,0.0,gamma_fixed
livecodebench_0,livecodebench,125,11.544145584106445,11.544145584106445,0.05341372638940811,0.05341372638940811,1.6025744116632268e-05,0.0,0.0,2.0,1,0.0,0.0,0.0,gamma_fixed
livecodebench_0,livecodebench,126,9.380722045898438,9.380722045898438,0.10560528934001923,0.10560528934001923,0.2701600193977356,0.0,0.0,2.0,1,0.0,0.0,0.0,gamma_fixed
livecodebench_0,livecodebench,127,4.994263172149658,4.994263172149658,0.3076750934123993,0.3076750934123993,0.16500888764858246,1.0,2.0,3.0,1,0.5,1.0,0.5,gamma_fixed
livecodebench_0,livecodebench,128,5.370601177215576,5.370601177215576,0.32055696845054626,0.32055696845054626,0.002130108652636409,1.0,1.0,3.0,1,0.25,0.5,0.25,gamma_fixed
livecodebench_0,livecodebench,129,7.8841094970703125,7.8841094970703125,0.17259009182453156,0.17259009182453156,2.440957546234131,0.0,0.0,2.0,1,0.0,0.0,0.0,gamma_fixed
livecodebench_0,livecodebench,130,1.0233006477355957,1.0233006477355957,0.9040314555168152,0.9040314555168152,0.0011303913779556751,1.0,4.0,5.0,1,1.0,1.0,1.0,gamma_fixed
livecodebench_0,livecodebench,131,9.848978042602539,9.848978042602539,0.11508211493492126,0.11508211493492126,0.7607989311218262,1.0,1.0,3.0,1,0.25,0.5,0.25,gamma_fixed
livecodebench_0,livecodebench,132,6.991540908813477,6.991540908813477,0.3149714171886444,0.3149714171886444,0.5409201979637146,0.0,0.0,2.0,1,0.0,0.0,0.0,gamma_fixed
livecodebench_0,livecodebench,133,9.798683166503906,9.798683166503906,0.1155325323343277,0.1155325323343277,0.00041536387288942933,1.0,3.0,4.0,1,0.75,1.0,0.75,gamma_fixed
livecodebench_0,livecodebench,134,10.180230140686035,10.180230140686035,0.10478345304727554,0.10478345304727554,0.0008348198607563972,0.0,0.0,2.0,1,0.0,0.0,0.0,gamma_fixed
livecodebench_0,livecodebench,135,5.525990009307861,5.525990009307861,0.31558719277381897,0.31558719277381897,2.083998203277588,0.0,0.0,2.0,1,0.0,0.0,0.0,gamma_fixed
livecodebench_0,livecodebench,136,1.778146505355835,1.778146505355835,0.46504321694374084,0.46504321694374084,0.442138135433197,1.0,1.0,3.0,1,0.25,0.5,0.25,gamma_fixed
livecodebench_0,livecodebench,137,2.1164798736572266,2.1164798736572266,0.8491034507751465,0.8491034507751465,2.118452310562134,1.0,1.0,3.0,1,0.25,0.5,0.25,gamma_fixed
livecodebench_0,livecodebench,138,3.245821475982666,3.245821475982666,0.716064989566803,0.716064989566803,1.2022886276245117,1.0,3.0,5.0,1,0.75,0.75,0.75,gamma_fixed
livecodebench_0,livecodebench,139,7.728818893432617,7.728818893432617,0.31620416045188904,0.31620416045188904,0.009068446233868599,1.0,1.0,2.0,1,0.25,1.0,0.25,gamma_fixed
livecodebench_0,livecodebench,140,4.8307905197143555,4.8307905197143555,0.4396495819091797,0.4396495819091797,1.6924183368682861,0.0,0.0,2.0,1,0.0,0.0,0.0,gamma_fixed
livecodebench_0,livecodebench,141,4.180819511413574,4.180819511413574,0.32624155282974243,0.32624155282974243,2.1007375717163086,1.0,1.0,2.0,1,0.25,1.0,0.25,gamma_fixed
livecodebench_0,livecodebench,142,1.128738522529602,1.128738522529602,0.8835748434066772,0.8835748434066772,3.7228851318359375,1.0,1.0,4.0,1,0.25,0.3333333333333333,0.25,gamma_fixed
livecodebench_0,livecodebench,143,1.2185263633728027,1.2185263633728027,0.8336973786354065,0.8336973786354065,2.5454399585723877,0.0,0.0,3.0,1,0.0,0.0,0.0,gamma_fixed
livecodebench_0,livecodebench,144,6.535002708435059,6.535002708435059,0.23938371241092682,0.23938371241092682,0.0175456665456295,0.0,0.0,3.0,1,0.0,0.0,0.0,gamma_fixed
livecodebench_0,livecodebench,145,7.333858489990234,7.333858489990234,0.23406687378883362,0.23406687378883362,1.0487464666366577,1.0,1.0,3.0,1,0.25,0.5,0.25,gamma_fixed
livecodebench_0,livecodebench,146,1.3600807189941406,1.3600807189941406,0.8706198930740356,0.8706198930740356,3.5267717838287354,1.0,1.0,3.0,1,0.25,0.5,0.25,gamma_fixed
livecodebench_0,livecodebench,147,3.0263967514038086,3.0263967514038086,0.5381441116333008,0.5381441116333008,2.8083677291870117,0.0,0.0,2.0,1,0.0,0.0,0.0,gamma_fixed
livecodebench_0,livecodebench,148,6.825067043304443,6.825067043304443,0.27338477969169617,0.27338477969169617,1.4013712406158447,1.0,1.0,3.0,1,0.25,0.5,0.25,gamma_fixed
livecodebench_0,livecodebench,149,4.720830917358398,4.720830917358398,0.4763038754463196,0.4763038754463196,3.6583430767059326,1.0,2.0,3.0,1,0.5,1.0,0.5,gamma_fixed
livecodebench_0,livecodebench,150,4.971532344818115,4.971532344818115,0.3094831705093384,0.3094831705093384,4.698217391967773,0.0,0.0,2.0,1,0.0,0.0,0.0,gamma_fixed
livecodebench_0,livecodebench,151,3.4244768619537354,3.4244768619537354,0.5421000719070435,0.5421000719070435,3.197662591934204,0.0,0.0,2.0,1,0.0,0.0,0.0,gamma_fixed
livecodebench_0,livecodebench,152,10.826148986816406,10.826148986816406,0.06595715135335922,0.06595715135335922,0.7675457000732422,1.0,1.0,2.0,1,0.25,1.0,0.25,gamma_fixed
livecodebench_0,livecodebench,153,2.5709056854248047,2.5709056854248047,0.41059961915016174,0.41059961915016174,3.5228586196899414,1.0,3.0,4.0,1,0.75,1.0,0.75,gamma_fixed
livecodebench_0,livecodebench,154,2.555908203125,2.555908203125,0.7137959599494934,0.7137959599494934,3.1298117637634277,0.0,0.0,3.0,1,0.0,0.0,0.0,gamma_fixed
livecodebench_0,livecodebench,155,4.808139324188232,4.808139324188232,0.2636829614639282,0.2636829614639282,1.9187426567077637,0.0,0.0,2.0,1,0.0,0.0,0.0,gamma_fixed
livecodebench_0,livecodebench,156,4.144744396209717,4.144744396209717,0.31069445610046387,0.31069445610046387,0.7686014175415039,1.0,1.0,2.0,1,0.25,1.0,0.25,gamma_fixed
livecodebench_0,livecodebench,157,10.409788131713867,10.409788131713867,0.028590310364961624,0.028590310364961624,2.6143136024475098,0.0,0.0,2.0,1,0.0,0.0,0.0,gamma_fixed
livecodebench_0,livecodebench,158,8.688959121704102,8.688959121704102,0.0838676244020462,0.0838676244020462,0.48421648144721985,1.0,1.0,3.0,1,0.25,0.5,0.25,gamma_fixed
livecodebench_0,livecodebench,159,8.661836624145508,8.661836624145508,0.09068252891302109,0.09068252891302109,2.685312271118164,0.0,0.0,3.0,1,0.0,0.0,0.0,gamma_fixed
livecodebench_0,livecodebench,160,5.463601112365723,5.463601112365723,0.21945643424987793,0.21945643424987793,0.16449791193008423,1.0,2.0,3.0,1,0.5,1.0,0.5,gamma_fixed
livecodebench_0,livecodebench,161,9.797709465026855,9.797709465026855,0.09337853640317917,0.09337853640317917,2.133234739303589,0.0,0.0,2.0,1,0.0,0.0,0.0,gamma_fixed
livecodebench_0,livecodebench,162,8.36220932006836,8.36220932006836,0.17174941301345825,0.17174941301345825,0.4729120433330536,1.0,1.0,3.0,1,0.25,0.5,0.25,gamma_fixed
livecodebench_0,livecodebench,163,2.5891194343566895,2.5891194343566895,0.39179688692092896,0.39179688692092896,0.1274930238723755,1.0,3.0,4.0,1,0.75,1.0,0.75,gamma_fixed
livecodebench_0,livecodebench,164,4.509077072143555,4.509077072143555,0.363948792219162,0.363948792219162,4.570768356323242,0.0,0.0,2.0,1,0.0,0.0,0.0,gamma_fixed
livecodebench_0,livecodebench,165,3.333372116088867,3.333372116088867,0.5305776596069336,0.5305776596069336,2.450917959213257,0.0,0.0,2.0,1,0.0,0.0,0.0,gamma_fixed
livecodebench_0,livecodebench,166,2.6461455821990967,2.6461455821990967,0.6931872963905334,0.6931872963905334,2.723135471343994,0.0,0.0,2.0,1,0.0,0.0,0.0,gamma_fixed
livecodebench_0,livecodebench,167,1.643579125404358,1.643579125404358,0.47190549969673157,0.47190549969673157,0.5018869638442993,1.0,1.0,5.0,1,0.25,0.25,0.25,gamma_fixed
livecodebench_0,livecodebench,168,1.1167559623718262,1.1167559623718262,0.8917557597160339,0.8917557597160339,1.8876632452011108,0.0,0.0,2.0,1,0.0,0.0,0.0,gamma_fixed
livecodebench_0,livecodebench,169,4.086822509765625,4.086822509765625,0.5210780501365662,0.5210780501365662,2.0785763263702393,0.0,0.0,2.0,1,0.0,0.0,0.0,gamma_fixed
livecodebench_0,livecodebench,170,3.0583596229553223,3.0583596229553223,0.6080132722854614,0.6080132722854614,1.8119045495986938,1.0,3.0,4.0,1,0.75,1.0,0.75,gamma_fixed
livecodebench_0,livecodebench,171,7.912169456481934,7.912169456481934,0.2667911648750305,0.2667911648750305,1.7790498733520508,1.0,1.0,3.0,1,0.25,0.5,0.25,gamma_fixed
livecodebench_0,livecodebench,172,7.319511413574219,7.319511413574219,0.1654927134513855,0.1654927134513855,2.3970746994018555,0.0,0.0,2.0,1,0.0,0.0,0.0,gamma_fixed
livecodebench_0,livecodebench,173,3.0858535766601562,3.0858535766601562,0.5776263475418091,0.5776263475418091,1.1723755598068237,1.0,1.0,3.0,1,0.25,0.5,0.25,gamma_fixed
livecodebench_0,livecodebench,174,1.4518711566925049,1.4518711566925049,0.8129943013191223,0.8129943013191223,3.166109085083008,1.0,1.0,3.0,1,0.25,0.5,0.25,gamma_fixed
livecodebench_0,livecodebench,175,9.061704635620117,9.061704635620117,0.27904918789863586,0.27904918789863586,1.1047585010528564,0.0,0.0,2.0,1,0.0,0.0,0.0,gamma_fixed
livecodebench_0,livecodebench,176,8.348804473876953,8.348804473876953,0.14533542096614838,0.14533542096614838,1.7928177118301392,1.0,1.0,2.0,1,0.25,1.0,0.25,gamma_fixed
livecodebench_0,livecodebench,177,1.9838478565216064,1.9838478565216064,0.6262425184249878,0.6262425184249878,2.8177342414855957,1.0,2.0,4.0,1,0.5,0.6666666666666666,0.5,gamma_fixed
livecodebench_0,livecodebench,178,5.0024847984313965,5.0024847984313965,0.3233867883682251,0.3233867883682251,0.009547126479446888,1.0,1.0,2.0,1,0.25,1.0,0.25,gamma_fixed
livecodebench_0,livecodebench,179,6.248613357543945,6.248613357543945,0.17754775285720825,0.17754775285720825,0.007978188805282116,1.0,1.0,3.0,1,0.25,0.5,0.25,gamma_fixed
livecodebench_0,livecodebench,180,5.768057823181152,5.768057823181152,0.25432541966438293,0.25432541966438293,1.727624773979187,1.0,1.0,3.0,1,0.25,0.5,0.25,gamma_fixed
livecodebench_0,livecodebench,181,4.467733383178711,4.467733383178711,0.4751424491405487,0.4751424491405487,0.002398674376308918,1.0,1.0,3.0,1,0.25,0.5,0.25,gamma_fixed
livecodebench_0,livecodebench,182,8.510562896728516,8.510562896728516,0.07756487280130386,0.07756487280130386,2.0734381675720215,0.0,0.0,2.0,1,0.0,0.0,0.0,gamma_fixed
livecodebench_0,livecodebench,183,7.869016170501709,7.869016170501709,0.10895755141973495,0.10895755141973495,1.958847999572754,0.0,0.0,2.0,1,0.0,0.0,0.0,gamma_fixed
livecodebench_0,livecodebench,184,2.3573708534240723,2.3573708534240723,0.7740618586540222,0.7740618586540222,2.868016004562378,1.0,1.0,3.0,1,0.25,0.5,0.25,gamma_fixed
livecodebench_0,livecodebench,185,7.183999061584473,7.183999061584473,0.4816831648349762,0.4816831648349762,3.9043586254119873,1.0,4.0,5.0,1,1.0,1.0,1.0,gamma_fixed
livecodebench_0,livecodebench,186,4.587806224822998,4.587806224822998,0.1831837296485901,0.1831837296485901,1.2221505641937256,1.0,1.0,2.0,1,0.25,1.0,0.25,gamma_fixed
livecodebench_0,livecodebench,187,9.626683235168457,9.626683235168457,0.048444148153066635,0.048444148153066635,3.044532537460327,0.0,0.0,2.0,1,0.0,0.0,0.0,gamma_fixed
livecodebench_0,livecodebench,188,8.418951034545898,8.418951034545898,0.10810964554548264,0.10810964554548264,1.252333402633667,0.0,0.0,2.0,1,0.0,0.0,0.0,gamma_fixed
livecodebench_0,livecodebench,189,3.290924549102783,3.290924549102783,0.5636948943138123,0.5636948943138123,0.15271632373332977,1.0,3.0,5.0,1,0.75,0.75,0.75,gamma_fixed
livecodebench_0,livecodebench,190,11.014490127563477,11.014490127563477,0.08892856538295746,0.08892856538295746,2.949056386947632,1.0,1.0,3.0,1,0.25,0.5,0.25,gamma_fixed
livecodebench_0,livecodebench,191,10.788883209228516,10.788883209228516,0.042919132858514786,0.042919132858514786,2.8445940017700195,0.0,0.0,2.0,1,0.0,0.0,0.0,gamma_fixed
livecodebench_0,livecodebench,192,2.820038318634033,2.820038318634033,0.616684079170227,0.616684079170227,1.6818594932556152,1.0,3.0,5.0,1,0.75,0.75,0.75,gamma_fixed
livecodebench_0,livecodebench,193,10.209447860717773,10.209447860717773,0.10789869725704193,0.10789869725704193,2.692819356918335,0.0,0.0,2.0,1,0.0,0.0,0.0,gamma_fixed
livecodebench_0,livecodebench,194,6.490596771240234,6.490596771240234,0.29215559363365173,0.29215559363365173,0.7146978974342346,1.0,1.0,3.0,1,0.25,0.5,0.25,gamma_fixed
livecodebench_0,livecodebench,195,1.1911545991897583,1.1911545991897583,0.8306499123573303,0.8306499123573303,0.76624596118927,1.0,1.0,3.0,1,0.25,0.5,0.25,gamma_fixed
livecodebench_0,livecodebench,196,7.129947662353516,7.129947662353516,0.19633562862873077,0.19633562862873077,2.4070708751678467,0.0,0.0,2.0,1,0.0,0.0,0.0,gamma_fixed
livecodebench_0,livecodebench,197,9.684894561767578,9.684894561767578,0.14294254779815674,0.14294254779815674,0.009834079071879387,0.0,0.0,2.0,1,0.0,0.0,0.0,gamma_fixed
livecodebench_0,livecodebench,198,7.044155120849609,7.044155120849609,0.28678473830223083,0.28678473830223083,0.07447095215320587,0.0,0.0,2.0,1,0.0,0.0,0.0,gamma_fixed
livecodebench_0,livecodebench,199,10.753873825073242,10.753873825073242,0.05310167372226715,0.05310167372226715,1.9169849157333374,0.0,0.0,2.0,1,0.0,0.0,0.0,gamma_fixed
livecodebench_0,livecodebench,200,2.200237989425659,2.200237989425659,0.3632386326789856,0.3632386326789856,0.00014129048213362694,1.0,4.0,5.0,1,1.0,1.0,1.0,gamma_fixed
livecodebench_0,livecodebench,201,3.2080159187316895,3.2080159187316895,0.5587621927261353,0.5587621927261353,0.8955011367797852,1.0,4.0,5.0,1,1.0,1.0,1.0,gamma_fixed
livecodebench_0,livecodebench,202,10.407341003417969,10.407341003417969,0.0679180696606636,0.0679180696606636,0.0810166597366333,0.0,0.0,2.0,1,0.0,0.0,0.0,gamma_fixed
livecodebench_0,livecodebench,203,4.855645656585693,4.855645656585693,0.5942187309265137,0.5942187309265137,0.002575422404333949,1.0,4.0,5.0,1,1.0,1.0,1.0,gamma_fixed
livecodebench_0,livecodebench,204,10.954690933227539,10.954690933227539,0.042919132858514786,0.042919132858514786,0.0027644268702715635,1.0,1.0,3.0,1,0.25,0.5,0.25,gamma_fixed
livecodebench_0,livecodebench,205,7.358034133911133,7.358034133911133,0.47676926851272583,0.47676926851272583,0.0677349641919136,1.0,2.0,3.0,1,0.5,1.0,0.5,gamma_fixed
livecodebench_0,livecodebench,206,5.437917232513428,5.437917232513428,0.4124079942703247,0.4124079942703247,2.284152030944824,1.0,1.0,3.0,1,0.25,0.5,0.25,gamma_fixed
livecodebench_0,livecodebench,207,7.155723571777344,7.155723571777344,0.2535814046859741,0.2535814046859741,0.4657056927680969,1.0,1.0,3.0,1,0.25,0.5,0.25,gamma_fixed
livecodebench_0,livecodebench,208,0.7592526078224182,0.7592526078224182,0.9504575133323669,0.9504575133323669,3.363158941268921,1.0,3.0,4.0,1,0.75,1.0,0.75,gamma_fixed
livecodebench_0,livecodebench,209,3.697335720062256,3.697335720062256,0.3632386326789856,0.3632386326789856,2.0934677124023438,0.0,0.0,2.0,1,0.0,0.0,0.0,gamma_fixed
livecodebench_0,livecodebench,210,4.184185028076172,4.184185028076172,0.3294431269168854,0.3294431269168854,0.0010358820436522365,1.0,2.0,5.0,1,0.5,0.5,0.5,gamma_fixed
livecodebench_0,livecodebench,211,0.1688854843378067,0.1688854843378067,0.9887795448303223,0.9887795448303223,2.181488513946533,1.0,2.0,4.0,1,0.5,0.6666666666666666,0.5,gamma_fixed
livecodebench_0,livecodebench,212,6.9456682205200195,6.9456682205200195,0.1871618926525116,0.1871618926525116,1.7418692111968994,0.0,0.0,2.0,1,0.0,0.0,0.0,gamma_fixed
livecodebench_0,livecodebench,213,3.29225492477417,3.29225492477417,0.4261229634284973,0.4261229634284973,0.7325340509414673,1.0,2.0,3.0,1,0.5,1.0,0.5,gamma_fixed
livecodebench_0,livecodebench,214,2.2280144691467285,2.2280144691467285,0.7072044014930725,0.7072044014930725,1.0094250440597534,1.0,1.0,2.0,1,0.25,1.0,0.25,gamma_fixed
livecodebench_0,livecodebench,215,5.434433460235596,5.434433460235596,0.3002544343471527,0.3002544343471527,3.5817909240722656,1.0,2.0,3.0,1,0.5,1.0,0.5,gamma_fixed
livecodebench_0,livecodebench,216,4.494611740112305,4.494611740112305,0.45183709263801575,0.45183709263801575,0.1331404447555542,1.0,2.0,4.0,1,0.5,0.6666666666666666,0.5,gamma_fixed
livecodebench_0,livecodebench,217,7.8890862464904785,7.8890862464904785,0.12590022385120392,0.12590022385120392,2.5209484100341797,1.0,1.0,2.0,1,0.25,1.0,0.25,gamma_fixed
livecodebench_0,livecodebench,218,1.4504725933074951,1.4504725933074951,0.8428043127059937,0.8428043127059937,0.19162821769714355,1.0,3.0,5.0,1,0.75,0.75,0.75,gamma_fixed
livecodebench_0,livecodebench,219,11.805495262145996,11.805495262145996,0.07386849820613861,0.07386849820613861,1.7681175470352173,1.0,1.0,2.0,1,0.25,1.0,0.25,gamma_fixed
livecodebench_0,livecodebench,220,3.6895911693573,3.6895911693573,0.5739713311195374,0.5739713311195374,1.1885157823562622,1.0,3.0,5.0,1,0.75,0.75,0.75,gamma_fixed
livecodebench_0,livecodebench,221,11.70191764831543,11.70191764831543,0.035720471292734146,0.035720471292734146,1.8520982265472412,0.0,0.0,2.0,1,0.0,0.0,0.0,gamma_fixed
livecodebench_0,livecodebench,222,1.1191048622131348,1.1191048622131348,0.8960113525390625,0.8960113525390625,0.07237130403518677,1.0,3.0,5.0,1,0.75,0.75,0.75,gamma_fixed
livecodebench_0,livecodebench,223,10.214092254638672,10.214092254638672,0.18426021933555603,0.18426021933555603,0.0009710199665278196,1.0,1.0,3.0,1,0.25,0.5,0.25,gamma_fixed
livecodebench_0,livecodebench,224,10.957355499267578,10.957355499267578,0.03271498903632164,0.03271498903632164,1.1704163551330566,1.0,1.0,2.0,1,0.25,1.0,0.25,gamma_fixed
livecodebench_0,livecodebench,225,7.291330337524414,7.291330337524414,0.2039574682712555,0.2039574682712555,0.0010682310676202178,1.0,3.0,4.0,1,0.75,1.0,0.75,gamma_fixed
livecodebench_0,livecodebench,226,4.079555511474609,4.079555511474609,0.6903162598609924,0.6903162598609924,0.0005619163275696337,1.0,1.0,5.0,1,0.25,0.25,0.25,gamma_fixed
livecodebench_0,livecodebench,227,9.537178039550781,9.537178039550781,0.0984349474310875,0.0984349474310875,0.00875322986394167,1.0,2.0,5.0,1,0.5,0.5,0.5,gamma_fixed
livecodebench_0,livecodebench,228,4.354806900024414,4.354806900024414,0.5861498713493347,0.5861498713493347,0.11231101304292679,1.0,1.0,2.0,1,0.25,1.0,0.25,gamma_fixed
livecodebench_0,livecodebench,229,4.530329704284668,4.530329704284668,0.667445957660675,0.667445957660675,0.007350684609264135,1.0,4.0,5.0,1,1.0,1.0,1.0,gamma_fixed
livecodebench_0,livecodebench,230,9.136285781860352,9.136285781860352,0.1175813302397728,0.1175813302397728,0.008401187136769295,1.0,1.0,3.0,1,0.25,0.5,0.25,gamma_fixed
livecodebench_0,livecodebench,231,3.1183054447174072,3.1183054447174072,0.7807998061180115,0.7807998061180115,1.4527490139007568,1.0,4.0,5.0,1,1.0,1.0,1.0,gamma_fixed
livecodebench_0,livecodebench,232,8.759010314941406,8.759010314941406,0.08305259048938751,0.08305259048938751,0.08094528317451477,0.0,0.0,2.0,1,0.0,0.0,0.0,gamma_fixed
livecodebench_0,livecodebench,233,11.762581825256348,11.762581825256348,0.057081155478954315,0.057081155478954315,2.239701509475708,1.0,2.0,3.0,1,0.5,1.0,0.5,gamma_fixed
livecodebench_0,livecodebench,234,6.287566184997559,6.287566184997559,0.49431127309799194,0.49431127309799194,0.004457495175302029,1.0,3.0,5.0,1,0.75,0.75,0.75,gamma_fixed
livecodebench_0,livecodebench,235,3.219534158706665,3.219534158706665,0.34189823269844055,0.34189823269844055,0.02829109877347946,1.0,1.0,3.0,1,0.25,0.5,0.25,gamma_fixed
livecodebench_0,livecodebench,236,1.551218032836914,1.551218032836914,0.7489653825759888,0.7489653825759888,1.8627204895019531,1.0,2.0,3.0,1,0.5,1.0,0.5,gamma_fixed
livecodebench_0,livecodebench,237,8.968814849853516,8.968814849853516,0.06544386595487595,0.06544386595487595,0.5139511227607727,0.0,0.0,2.0,1,0.0,0.0,0.0,gamma_fixed
livecodebench_0,livecodebench,238,2.8968629837036133,2.8968629837036133,0.3744032382965088,0.3744032382965088,2.3034276962280273,1.0,2.0,3.0,1,0.5,1.0,0.5,gamma_fixed
livecodebench_0,livecodebench,239,0.7702634930610657,0.7702634930610657,0.9041970372200012,0.9041970372200012,0.016151441261172295,1.0,1.0,4.0,1,0.25,0.3333333333333333,0.25,gamma_fixed
livecodebench_0,livecodebench,240,9.310881614685059,9.310881614685059,0.08737902343273163,0.08737902343273163,2.711717128753662,1.0,1.0,3.0,1,0.25,0.5,0.25,gamma_fixed
livecodebench_0,livecodebench,241,4.026789665222168,4.026789665222168,0.42570701241493225,0.42570701241493225,0.33561617136001587,1.0,3.0,4.0,1,0.75,1.0,0.75,gamma_fixed
livecodebench_0,livecodebench,242,0.19829869270324707,0.19829869270324707,0.9893304109573364,0.9893304109573364,0.8411328792572021,1.0,2.0,5.0,1,0.5,0.5,0.5,gamma_fixed
livecodebench_0,livecodebench,243,0.2930947542190552,0.2930947542190552,0.9697953462600708,0.9697953462600708,0.5445229411125183,1.0,3.0,4.0,1,0.75,1.0,0.75,gamma_fixed
livecodebench_0,livecodebench,244,10.488895416259766,10.488895416259766,0.13168485462665558,0.13168485462665558,0.012172000482678413,1.0,4.0,5.0,1,1.0,1.0,1.0,gamma_fixed
livecodebench_0,livecodebench,245,8.602700233459473,8.602700233459473,0.28959909081459045,0.28959909081459045,0.25242313742637634,0.0,0.0,2.0,1,0.0,0.0,0.0,gamma_fixed
livecodebench_0,livecodebench,246,7.862182140350342,7.862182140350342,0.2304380089044571,0.2304380089044571,0.0008003259426914155,0.0,0.0,2.0,1,0.0,0.0,0.0,gamma_fixed
livecodebench_0,livecodebench,247,11.381038665771484,11.381038665771484,0.13091550767421722,0.13091550767421722,0.610530436038971,1.0,1.0,3.0,1,0.25,0.5,0.25,gamma_fixed
livecodebench_0,livecodebench,248,0.3723476827144623,0.3723476827144623,0.9545561671257019,0.9545561671257019,0.002065691165626049,1.0,4.0,5.0,1,1.0,1.0,1.0,gamma_fixed
livecodebench_0,livecodebench,249,0.47464004158973694,0.47464004158973694,0.9467231631278992,0.9467231631278992,0.07692062854766846,1.0,4.0,5.0,1,1.0,1.0,1.0,gamma_fixed
livecodebench_0,livecodebench,250,9.2025146484375,9.2025146484375,0.11067338287830353,0.11067338287830353,0.06312011927366257,0.0,0.0,2.0,1,0.0,0.0,0.0,gamma_fixed
livecodebench_0,livecodebench,251,0.38660430908203125,0.38660430908203125,0.9694846868515015,0.9694846868515015,0.01085602305829525,1.0,4.0,5.0,1,1.0,1.0,1.0,gamma_fixed
livecodebench_0,livecodebench,252,8.799097061157227,8.799097061157227,0.13091550767421722,0.13091550767421722,0.005511036608368158,1.0,1.0,3.0,1,0.25,0.5,0.25,gamma_fixed
livecodebench_0,livecodebench,253,0.11309787631034851,0.11309787631034851,0.9925056099891663,0.9925056099891663,1.1810541152954102,1.0,4.0,5.0,1,1.0,1.0,1.0,gamma_fixed
livecodebench_0,livecodebench,254,2.3955471515655518,2.3955471515655518,0.7877886891365051,0.7877886891365051,1.233246922492981,1.0,3.0,4.0,1,0.75,1.0,0.75,gamma_fixed
livecodebench_0,livecodebench,255,4.75783634185791,4.75783634185791,0.42653927206993103,0.42653927206993103,3.5109128952026367,1.0,1.0,3.0,1,0.25,0.5,0.25,gamma_fixed
livecodebench_0,livecodebench,256,4.87477970123291,4.87477970123291,0.3352853059768677,0.3352853059768677,2.08913254737854,1.0,1.0,2.0,1,0.25,1.0,0.25,gamma_fixed
livecodebench_0,livecodebench,257,1.7137212753295898,1.7137212753295898,0.5913243293762207,0.5913243293762207,3.349637269973755,1.0,1.0,3.0,1,0.25,0.5,0.25,gamma_fixed
livecodebench_0,livecodebench,258,7.351014137268066,7.351014137268066,0.12250426411628723,0.12250426411628723,0.9919382333755493,1.0,2.0,4.0,1,0.5,0.6666666666666666,0.5,gamma_fixed
livecodebench_0,livecodebench,259,2.394988536834717,2.394988536834717,0.7544711232185364,0.7544711232185364,2.261963367462158,1.0,1.0,3.0,1,0.25,0.5,0.25,gamma_fixed
livecodebench_0,livecodebench,260,4.958791255950928,4.958791255950928,0.13854466378688812,0.13854466378688812,3.221785068511963,1.0,1.0,3.0,1,0.25,0.5,0.25,gamma_fixed
livecodebench_0,livecodebench,261,5.694974899291992,5.694974899291992,0.2851092517375946,0.2851092517375946,0.24468842148780823,0.0,0.0,2.0,1,0.0,0.0,0.0,gamma_fixed
livecodebench_0,livecodebench,262,10.90561294555664,10.90561294555664,0.07386849820613861,0.07386849820613861,2.9294214248657227,1.0,4.0,5.0,1,1.0,1.0,1.0,gamma_fixed
livecodebench_0,livecodebench,263,7.433963775634766,7.433963775634766,0.0838676244020462,0.0838676244020462,3.748135566711426,0.0,0.0,2.0,1,0.0,0.0,0.0,gamma_fixed
livecodebench_0,livecodebench,264,6.437888145446777,6.437888145446777,0.29444700479507446,0.29444700479507446,2.3732261657714844,0.0,0.0,2.0,1,0.0,0.0,0.0,gamma_fixed
livecodebench_0,livecodebench,265,6.058027744293213,6.058027744293213,0.2950226366519928,0.2950226366519928,2.7246158123016357,1.0,3.0,5.0,1,0.75,0.75,0.75,gamma_fixed
livecodebench_0,livecodebench,266,6.423920631408691,6.423920631408691,0.15791425108909607,0.15791425108909607,0.13574349880218506,1.0,1.0,3.0,1,0.25,0.5,0.25,gamma_fixed
livecodebench_0,livecodebench,267,7.329345703125,7.329345703125,0.40246134996414185,0.40246134996414185,1.116587519645691,1.0,1.0,2.0,1,0.25,1.0,0.25,gamma_fixed
livecodebench_0,livecodebench,268,3.4179205894470215,3.4179205894470215,0.40601420402526855,0.40601420402526855,4.515260696411133,1.0,1.0,2.0,1,0.25,1.0,0.25,gamma_fixed
livecodebench_0,livecodebench,269,3.205660104751587,3.205660104751587,0.38572263717651367,0.38572263717651367,2.9420485496520996,1.0,2.0,4.0,1,0.5,0.6666666666666666,0.5,gamma_fixed
livecodebench_0,livecodebench,270,5.735529899597168,5.735529899597168,0.2739192545413971,0.2739192545413971,1.1270031929016113,1.0,1.0,3.0,1,0.25,0.5,0.25,gamma_fixed
livecodebench_0,livecodebench,271,1.69435715675354,1.69435715675354,0.5463517904281616,0.5463517904281616,1.6927635669708252,1.0,1.0,3.0,1,0.25,0.5,0.25,gamma_fixed
livecodebench_0,livecodebench,272,8.132624626159668,8.132624626159668,0.17008033394813538,0.17008033394813538,3.004300594329834,1.0,1.0,3.0,1,0.25,0.5,0.25,gamma_fixed
livecodebench_0,livecodebench,273,5.0081634521484375,5.0081634521484375,0.39525559544563293,0.39525559544563293,0.34252604842185974,0.0,0.0,2.0,1,0.0,0.0,0.0,gamma_fixed
livecodebench_0,livecodebench,274,2.1919708251953125,2.1919708251953125,0.691328227519989,0.691328227519989,0.5913386940956116,1.0,1.0,3.0,1,0.25,0.5,0.25,gamma_fixed
livecodebench_0,livecodebench,275,5.291714668273926,5.291714668273926,0.17547927796840668,0.17547927796840668,1.4861234426498413,0.0,0.0,2.0,1,0.0,0.0,0.0,gamma_fixed
livecodebench_0,livecodebench,276,5.449785232543945,5.449785232543945,0.40462881326675415,0.40462881326675415,1.2777270078659058,1.0,1.0,2.0,1,0.25,1.0,0.25,gamma_fixed
livecodebench_0,livecodebench,277,6.832844257354736,6.832844257354736,0.225760355591774,0.225760355591774,1.6577404737472534,1.0,1.0,2.0,1,0.25,1.0,0.25,gamma_fixed
livecodebench_0,livecodebench,278,3.9097979068756104,3.9097979068756104,0.6221280097961426,0.6221280097961426,2.935713768005371,1.0,2.0,4.0,1,0.5,0.6666666666666666,0.5,gamma_fixed
livecodebench_0,livecodebench,279,1.8961050510406494,1.8961050510406494,0.762805700302124,0.762805700302124,0.2671753168106079,1.0,4.0,5.0,1,1.0,1.0,1.0,gamma_fixed
livecodebench_0,livecodebench,280,0.8363415598869324,0.8363415598869324,0.855136513710022,0.855136513710022,0.8795186281204224,1.0,1.0,3.0,1,0.25,0.5,0.25,gamma_fixed
livecodebench_0,livecodebench,281,7.1681647300720215,7.1681647300720215,0.10832099616527557,0.10832099616527557,0.8892802596092224,1.0,3.0,4.0,1,0.75,1.0,0.75,gamma_fixed
livecodebench_0,livecodebench,282,5.656968116760254,5.656968116760254,0.2932990491390228,0.2932990491390228,1.3492882251739502,1.0,1.0,3.0,1,0.25,0.5,0.25,gamma_fixed
livecodebench_0,livecodebench,283,6.967021942138672,6.967021942138672,0.13091550767421722,0.13091550767421722,1.039686918258667,0.0,0.0,2.0,1,0.0,0.0,0.0,gamma_fixed
livecodebench_0,livecodebench,284,4.662520885467529,4.662520885467529,0.21416349709033966,0.21416349709033966,2.4105684757232666,1.0,4.0,5.0,1,1.0,1.0,1.0,gamma_fixed
livecodebench_0,livecodebench,285,4.464667320251465,4.464667320251465,0.39333033561706543,0.39333033561706543,0.012818338349461555,0.0,0.0,2.0,1,0.0,0.0,0.0,gamma_fixed
livecodebench_0,livecodebench,286,2.0835959911346436,2.0835959911346436,0.7594608664512634,0.7594608664512634,0.8982155323028564,1.0,1.0,3.0,1,0.25,0.5,0.25,gamma_fixed
livecodebench_0,livecodebench,287,0.22622746229171753,0.22622746229171753,0.9751967787742615,0.9751967787742615,0.2044084072113037,1.0,3.0,5.0,1,0.75,0.75,0.75,gamma_fixed
livecodebench_0,livecodebench,288,6.8649420738220215,6.8649420738220215,0.16197513043880463,0.16197513043880463,0.23800870776176453,1.0,1.0,2.0,1,0.25,1.0,0.25,gamma_fixed
livecodebench_0,livecodebench,289,0.020658206194639206,0.020658206194639206,0.9988991022109985,0.9988991022109985,1.6951065063476562,1.0,1.0,3.0,1,0.25,0.5,0.25,gamma_fixed
livecodebench_0,livecodebench,290,7.042937755584717,7.042937755584717,0.2688836455345154,0.2688836455345154,0.9281967878341675,1.0,2.0,3.0,1,0.5,1.0,0.5,gamma_fixed
livecodebench_0,livecodebench,291,4.662705421447754,4.662705421447754,0.3558652698993683,0.3558652698993683,0.4763893485069275,1.0,3.0,5.0,1,0.75,0.75,0.75,gamma_fixed
livecodebench_0,livecodebench,292,7.097022533416748,7.097022533416748,0.31899556517601013,0.31899556517601013,2.3335745334625244,1.0,2.0,3.0,1,0.5,1.0,0.5,gamma_fixed
livecodebench_0,livecodebench,293,1.2126835584640503,1.2126835584640503,0.8562855124473572,0.8562855124473572,2.0651283264160156,0.0,0.0,3.0,1,0.0,0.0,0.0,gamma_fixed
livecodebench_0,livecodebench,294,4.6097307205200195,4.6097307205200195,0.21689969301223755,0.21689969301223755,0.2264700084924698,1.0,2.0,3.0,1,0.5,1.0,0.5,gamma_fixed
livecodebench_0,livecodebench,295,9.223373413085938,9.223373413085938,0.32751843333244324,0.32751843333244324,0.9722199440002441,1.0,2.0,4.0,1,0.5,0.6666666666666666,0.5,gamma_fixed
livecodebench_0,livecodebench,296,0.8317581415176392,0.8317581415176392,0.9067391753196716,0.9067391753196716,1.3614466190338135,1.0,2.0,4.0,1,0.5,0.6666666666666666,0.5,gamma_fixed
livecodebench_0,livecodebench,297,5.822315216064453,5.822315216064453,0.22797586023807526,0.22797586023807526,2.702512264251709,1.0,1.0,3.0,1,0.25,0.5,0.25,gamma_fixed
livecodebench_0,livecodebench,298,7.695562362670898,7.695562362670898,0.1770283728837967,0.1770283728837967,2.6400692462921143,1.0,4.0,5.0,1,1.0,1.0,1.0,gamma_fixed
livecodebench_0,livecodebench,299,5.461116790771484,5.461116790771484,0.14113931357860565,0.14113931357860565,1.5086281299591064,1.0,1.0,4.0,1,0.25,0.3333333333333333,0.25,gamma_fixed
livecodebench_0,livecodebench,300,5.236332893371582,5.236332893371582,0.20515605807304382,0.20515605807304382,2.760540008544922,1.0,2.0,3.0,1,0.5,1.0,0.5,gamma_fixed
livecodebench_0,livecodebench,301,3.7869608402252197,3.7869608402252197,0.4845137894153595,0.4845137894153595,2.017430067062378,0.0,0.0,2.0,1,0.0,0.0,0.0,gamma_fixed
livecodebench_0,livecodebench,302,3.4174375534057617,3.4174375534057617,0.5003823041915894,0.5003823041915894,2.3128485679626465,0.0,0.0,2.0,1,0.0,0.0,0.0,gamma_fixed
livecodebench_0,livecodebench,303,2.1392340660095215,2.1392340660095215,0.6368813514709473,0.6368813514709473,0.12382206320762634,1.0,4.0,5.0,1,1.0,1.0,1.0,gamma_fixed
livecodebench_0,livecodebench,304,2.4610748291015625,2.4610748291015625,0.546618640422821,0.546618640422821,0.000740181771107018,1.0,1.0,3.0,1,0.25,0.5,0.25,gamma_fixed
livecodebench_0,livecodebench,305,7.1587042808532715,7.1587042808532715,0.28399771451950073,0.28399771451950073,2.3079071044921875,1.0,2.0,5.0,1,0.5,0.5,0.5,gamma_fixed
livecodebench_0,livecodebench,306,0.03206775337457657,0.03206775337457657,0.9976834058761597,0.9976834058761597,1.7958139181137085,1.0,2.0,4.0,1,0.5,0.6666666666666666,0.5,gamma_fixed
livecodebench_0,livecodebench,307,4.055308818817139,4.055308818817139,0.1677708476781845,0.1677708476781845,2.5714235305786133,1.0,1.0,2.0,1,0.25,1.0,0.25,gamma_fixed
livecodebench_0,livecodebench,308,3.4164507389068604,3.4164507389068604,0.47491052746772766,0.47491052746772766,2.432922124862671,1.0,3.0,4.0,1,0.75,1.0,0.75,gamma_fixed
livecodebench_0,livecodebench,309,6.654353618621826,6.654353618621826,0.09901341050863266,0.09901341050863266,0.12462180107831955,0.0,0.0,2.0,1,0.0,0.0,0.0,gamma_fixed
livecodebench_0,livecodebench,310,6.00933313369751,6.00933313369751,0.13666339218616486,0.13666339218616486,1.2778873443603516,0.0,0.0,2.0,1,0.0,0.0,0.0,gamma_fixed
livecodebench_0,livecodebench,311,5.107137680053711,5.107137680053711,0.25482264161109924,0.25482264161109924,1.5541541576385498,1.0,1.0,3.0,1,0.25,0.5,0.25,gamma_fixed
livecodebench_0,livecodebench,312,8.138235092163086,8.138235092163086,0.15410560369491577,0.15410560369491577,0.8504631519317627,0.0,0.0,2.0,1,0.0,0.0,0.0,gamma_fixed
livecodebench_0,livecodebench,313,3.484387159347534,3.484387159347534,0.5968357920646667,0.5968357920646667,1.4698067903518677,1.0,1.0,3.0,1,0.25,0.5,0.25,gamma_fixed
livecodebench_0,livecodebench,314,2.8103175163269043,2.8103175163269043,0.6108402013778687,0.6108402013778687,1.3434650897979736,1.0,1.0,3.0,1,0.25,0.5,0.25,gamma_fixed
livecodebench_0,livecodebench,315,5.876523017883301,5.876523017883301,0.3259231150150299,0.3259231150150299,2.502253293991089,1.0,1.0,3.0,1,0.25,0.5,0.25,gamma_fixed
livecodebench_0,livecodebench,316,8.302730560302734,8.302730560302734,0.11712292581796646,0.11712292581796646,1.6321392059326172,0.0,0.0,2.0,1,0.0,0.0,0.0,gamma_fixed
livecodebench_0,livecodebench,317,10.141740798950195,10.141740798950195,0.11575840413570404,0.11575840413570404,2.1139349937438965,0.0,0.0,2.0,1,0.0,0.0,0.0,gamma_fixed
livecodebench_0,livecodebench,318,4.790825843811035,4.790825843811035,0.32212603092193604,0.32212603092193604,1.7417645454406738,1.0,3.0,5.0,1,0.75,0.75,0.75,gamma_fixed
livecodebench_0,livecodebench,319,9.382883071899414,9.382883071899414,0.0840315893292427,0.0840315893292427,0.11667090654373169,0.0,0.0,2.0,1,0.0,0.0,0.0,gamma_fixed
livecodebench_0,livecodebench,320,7.518268585205078,7.518268585205078,0.16892164945602417,0.16892164945602417,1.0945377349853516,0.0,0.0,2.0,1,0.0,0.0,0.0,gamma_fixed
livecodebench_0,livecodebench,321,12.94686508178711,12.94686508178711,0.007816155441105366,0.007816155441105366,0.013740630820393562,0.0,0.0,2.0,1,0.0,0.0,0.0,gamma_fixed
livecodebench_0,livecodebench,322,4.711684226989746,4.711684226989746,0.3555178940296173,0.3555178940296173,2.7581496238708496,1.0,2.0,3.0,1,0.5,1.0,0.5,gamma_fixed
livecodebench_0,livecodebench,323,5.909778594970703,5.909778594970703,0.3076750934123993,0.3076750934123993,0.40039071440696716,1.0,1.0,3.0,1,0.25,0.5,0.25,gamma_fixed
livecodebench_0,livecodebench,324,2.225637197494507,2.225637197494507,0.7804185748100281,0.7804185748100281,0.924822986125946,0.0,0.0,3.0,1,0.0,0.0,0.0,gamma_fixed
livecodebench_0,livecodebench,325,6.833773612976074,6.833773612976074,0.10498830676078796,0.10498830676078796,0.632175087928772,1.0,4.0,5.0,1,1.0,1.0,1.0,gamma_fixed
livecodebench_0,livecodebench,326,7.406760215759277,7.406760215759277,0.12888585031032562,0.12888585031032562,2.9747908115386963,0.0,0.0,2.0,1,0.0,0.0,0.0,gamma_fixed
livecodebench_0,livecodebench,327,5.555964469909668,5.555964469909668,0.37294360995292664,0.37294360995292664,0.9277758002281189,1.0,1.0,3.0,1,0.25,0.5,0.25,gamma_fixed
livecodebench_0,livecodebench,328,4.806332588195801,4.806332588195801,0.177374467253685,0.177374467253685,1.427504062652588,1.0,1.0,3.0,1,0.25,0.5,0.25,gamma_fixed
livecodebench_0,livecodebench,329,2.6931540966033936,2.6931540966033936,0.7802281379699707,0.7802281379699707,2.275904417037964,1.0,1.0,3.0,1,0.25,0.5,0.25,gamma_fixed
livecodebench_0,livecodebench,330,3.709733009338379,3.709733009338379,0.6505535840988159,0.6505535840988159,0.5338556170463562,1.0,2.0,4.0,1,0.5,0.6666666666666666,0.5,gamma_fixed
livecodebench_0,livecodebench,331,2.2932257652282715,2.2932257652282715,0.6195513606071472,0.6195513606071472,3.1433982849121094,1.0,3.0,4.0,1,0.75,1.0,0.75,gamma_fixed
livecodebench_0,livecodebench,332,5.776472091674805,5.776472091674805,0.23021307587623596,0.23021307587623596,2.4987761974334717,1.0,2.0,3.0,1,0.5,1.0,0.5,gamma_fixed
livecodebench_0,livecodebench,333,1.0527427196502686,1.0527427196502686,0.7232686281204224,0.7232686281204224,0.7365713715553284,1.0,2.0,4.0,1,0.5,0.6666666666666666,0.5,gamma_fixed
livecodebench_0,livecodebench,334,5.906819820404053,5.906819820404053,0.34966444969177246,0.34966444969177246,3.4513630867004395,1.0,2.0,3.0,1,0.5,1.0,0.5,gamma_fixed
livecodebench_0,livecodebench,335,4.844976425170898,4.844976425170898,0.3177519142627716,0.3177519142627716,0.2065936028957367,1.0,2.0,3.0,1,0.5,1.0,0.5,gamma_fixed
livecodebench_0,livecodebench,336,2.451237678527832,2.451237678527832,0.6273136734962463,0.6273136734962463,0.910971462726593,0.0,0.0,2.0,1,0.0,0.0,0.0,gamma_fixed
livecodebench_0,livecodebench,337,0.7278613448143005,0.7278613448143005,0.8773411512374878,0.8773411512374878,0.0004975387710146606,1.0,2.0,4.0,1,0.5,0.6666666666666666,0.5,gamma_fixed
livecodebench_0,livecodebench,338,5.423455238342285,5.423455238342285,0.6089045405387878,0.6089045405387878,1.4035558700561523,1.0,1.0,3.0,1,0.25,0.5,0.25,gamma_fixed
livecodebench_0,livecodebench,339,5.683204650878906,5.683204650878906,0.16071462631225586,0.16071462631225586,1.1626405715942383,1.0,2.0,3.0,1,0.5,1.0,0.5,gamma_fixed
livecodebench_0,livecodebench,340,4.529406547546387,4.529406547546387,0.2932990491390228,0.2932990491390228,1.1385860443115234,1.0,1.0,3.0,1,0.25,0.5,0.25,gamma_fixed
livecodebench_0,livecodebench,341,10.993993759155273,10.993993759155273,0.04640664905309677,0.04640664905309677,0.21375039219856262,1.0,4.0,5.0,1,1.0,1.0,1.0,gamma_fixed
livecodebench_0,livecodebench,342,3.880331516265869,3.880331516265869,0.5796040296554565,0.5796040296554565,0.172561913728714,1.0,2.0,3.0,1,0.5,1.0,0.5,gamma_fixed
livecodebench_0,livecodebench,343,3.808161973953247,3.808161973953247,0.5137515068054199,0.5137515068054199,0.18435430526733398,1.0,2.0,4.0,1,0.5,0.6666666666666666,0.5,gamma_fixed
livecodebench_0,livecodebench,344,4.003704071044922,4.003704071044922,0.7111867070198059,0.7111867070198059,1.4523115158081055,1.0,1.0,3.0,1,0.25,0.5,0.25,gamma_fixed
livecodebench_0,livecodebench,345,1.9814592599868774,1.9814592599868774,0.7674757838249207,0.7674757838249207,0.06621713936328888,1.0,1.0,3.0,1,0.25,0.5,0.25,gamma_fixed
livecodebench_0,livecodebench,346,0.7537567615509033,0.7537567615509033,0.86268550157547,0.86268550157547,0.025913408026099205,1.0,4.0,5.0,1,1.0,1.0,1.0,gamma_fixed
livecodebench_0,livecodebench,347,9.51648235321045,9.51648235321045,0.14336194097995758,0.14336194097995758,1.0939877033233643,1.0,1.0,3.0,1,0.25,0.5,0.25,gamma_fixed
livecodebench_0,livecodebench,348,0.7091475129127502,0.7091475129127502,0.8986401557922363,0.8986401557922363,0.5370132327079773,1.0,3.0,4.0,1,0.75,1.0,0.75,gamma_fixed
livecodebench_0,livecodebench,349,0.14980095624923706,0.14980095624923706,0.9905161261558533,0.9905161261558533,2.0805130004882812,1.0,4.0,5.0,1,1.0,1.0,1.0,gamma_fixed
livecodebench_0,livecodebench,350,1.204951524734497,1.204951524734497,0.8479641079902649,0.8479641079902649,1.8307346105575562,1.0,4.0,5.0,1,1.0,1.0,1.0,gamma_fixed
livecodebench_0,livecodebench,351,3.058260679244995,3.058260679244995,0.352751225233078,0.352751225233078,1.0460816621780396,1.0,1.0,3.0,1,0.25,0.5,0.25,gamma_fixed
livecodebench_0,livecodebench,352,7.632655620574951,7.632655620574951,0.21584318578243256,0.21584318578243256,1.3146488666534424,1.0,2.0,4.0,1,0.5,0.6666666666666666,0.5,gamma_fixed
livecodebench_0,livecodebench,353,3.085901975631714,3.085901975631714,0.6151803135871887,0.6151803135871887,4.1271843910217285,1.0,1.0,3.0,1,0.25,0.5,0.25,gamma_fixed
livecodebench_0,livecodebench,354,3.5378074645996094,3.5378074645996094,0.5678386092185974,0.5678386092185974,3.1662325859069824,0.0,0.0,2.0,1,0.0,0.0,0.0,gamma_fixed
livecodebench_0,livecodebench,355,0.859953761100769,0.859953761100769,0.9192773103713989,0.9192773103713989,1.7418901920318604,0.0,0.0,4.0,1,0.0,0.0,0.0,gamma_fixed
livecodebench_0,livecodebench,356,0.43238264322280884,0.43238264322280884,0.9614264965057373,0.9614264965057373,1.0912353992462158,0.0,0.0,4.0,1,0.0,0.0,0.0,gamma_fixed
livecodebench_0,livecodebench,357,3.5093894004821777,3.5093894004821777,0.36680325865745544,0.36680325865745544,0.07490025460720062,1.0,3.0,4.0,1,0.75,1.0,0.75,gamma_fixed
livecodebench_0,livecodebench,358,5.192789554595947,5.192789554595947,0.16134364902973175,0.16134364902973175,2.492668628692627,1.0,2.0,3.0,1,0.5,1.0,0.5,gamma_fixed
livecodebench_0,livecodebench,359,4.417261123657227,4.417261123657227,0.2793218195438385,0.2793218195438385,3.7307403087615967,0.0,0.0,2.0,1,0.0,0.0,0.0,gamma_fixed
livecodebench_0,livecodebench,360,2.9712014198303223,2.9712014198303223,0.42384037375450134,0.42384037375450134,2.850999116897583,1.0,1.0,3.0,1,0.25,0.5,0.25,gamma_fixed
livecodebench_0,livecodebench,361,2.95029878616333,2.95029878616333,0.5872958898544312,0.5872958898544312,1.7204803228378296,1.0,1.0,3.0,1,0.25,0.5,0.25,gamma_fixed
livecodebench_0,livecodebench,362,0.6507596969604492,0.6507596969604492,0.9457414150238037,0.9457414150238037,2.2452497482299805,1.0,1.0,3.0,1,0.25,0.5,0.25,gamma_fixed
livecodebench_0,livecodebench,363,9.465993881225586,9.465993881225586,0.19826236367225647,0.19826236367225647,0.18841616809368134,1.0,2.0,3.0,1,0.5,1.0,0.5,gamma_fixed
livecodebench_0,livecodebench,364,8.390283584594727,8.390283584594727,0.06281395256519318,0.06281395256519318,0.7172049283981323,0.0,0.0,2.0,1,0.0,0.0,0.0,gamma_fixed
livecodebench_0,livecodebench,365,8.378719329833984,8.378719329833984,0.13375858962535858,0.13375858962535858,1.858992099761963,0.0,0.0,2.0,1,0.0,0.0,0.0,gamma_fixed
livecodebench_0,livecodebench,366,9.12639045715332,9.12639045715332,0.09728814661502838,0.09728814661502838,0.2532206177711487,1.0,1.0,2.0,1,0.25,1.0,0.25,gamma_fixed
livecodebench_0,livecodebench,367,11.708002090454102,11.708002090454102,0.06686509400606155,0.06686509400606155,2.0102977752685547,1.0,1.0,3.0,1,0.25,0.5,0.25,gamma_fixed
livecodebench_0,livecodebench,368,7.408825874328613,7.408825874328613,0.23682597279548645,0.23682597279548645,0.0007854502182453871,1.0,3.0,5.0,1,0.75,0.75,0.75,gamma_fixed
livecodebench_0,livecodebench,369,4.677300453186035,4.677300453186035,0.295310914516449,0.295310914516449,1.3887616395950317,0.0,0.0,2.0,1,0.0,0.0,0.0,gamma_fixed
livecodebench_0,livecodebench,370,9.861456871032715,9.861456871032715,0.19595253467559814,0.19595253467559814,0.03988335654139519,1.0,3.0,4.0,1,0.75,1.0,0.75,gamma_fixed
livecodebench_0,livecodebench,371,0.7807447910308838,0.7807447910308838,0.9188845753669739,0.9188845753669739,0.09327337145805359,1.0,3.0,5.0,1,0.75,0.75,0.75,gamma_fixed
livecodebench_0,livecodebench,372,6.418318748474121,6.418318748474121,0.352751225233078,0.352751225233078,0.05344085395336151,1.0,1.0,4.0,1,0.25,0.3333333333333333,0.25,gamma_fixed
livecodebench_0,livecodebench,373,0.09463039040565491,0.09463039040565491,0.9946584701538086,0.9946584701538086,0.0005429142620414495,1.0,4.0,5.0,1,1.0,1.0,1.0,gamma_fixed
livecodebench_0,livecodebench,374,8.80804443359375,8.80804443359375,0.26086559891700745,0.26086559891700745,0.010777016170322895,0.0,0.0,2.0,1,0.0,0.0,0.0,gamma_fixed
livecodebench_0,livecodebench,375,0.6453556418418884,0.6453556418418884,0.8783055543899536,0.8783055543899536,0.006217540241777897,1.0,4.0,5.0,1,1.0,1.0,1.0,gamma_fixed
livecodebench_0,livecodebench,376,0.004991412162780762,0.004991412162780762,0.9997459053993225,0.9997459053993225,0.008805385790765285,1.0,4.0,5.0,1,1.0,1.0,1.0,gamma_fixed
livecodebench_0,livecodebench,377,0.17736601829528809,0.17736601829528809,0.9872643947601318,0.9872643947601318,0.24558612704277039,1.0,2.0,3.0,1,0.5,1.0,0.5,gamma_fixed
livecodebench_0,livecodebench,378,0.14673878252506256,0.14673878252506256,0.9816912412643433,0.9816912412643433,1.8601608276367188,1.0,2.0,4.0,1,0.5,0.6666666666666666,0.5,gamma_fixed
livecodebench_0,livecodebench,379,0.47417083382606506,0.47417083382606506,0.9606053233146667,0.9606053233146667,1.427940845489502,1.0,1.0,3.0,1,0.25,0.5,0.25,gamma_fixed
livecodebench_0,livecodebench,380,0.8758080005645752,0.8758080005645752,0.8995731472969055,0.8995731472969055,3.704164981842041,1.0,3.0,4.0,1,0.75,1.0,0.75,gamma_fixed
livecodebench_0,livecodebench,381,3.0601143836975098,3.0601143836975098,0.5001381039619446,0.5001381039619446,0.14237073063850403,1.0,1.0,2.0,1,0.25,1.0,0.25,gamma_fixed
livecodebench_0,livecodebench,382,4.387704849243164,4.387704849243164,0.5290254354476929,0.5290254354476929,2.885106086730957,1.0,1.0,3.0,1,0.25,0.5,0.25,gamma_fixed
livecodebench_0,livecodebench,383,0.6725754141807556,0.6725754141807556,0.9318749308586121,0.9318749308586121,2.458674192428589,1.0,2.0,4.0,1,0.5,0.6666666666666666,0.5,gamma_fixed
livecodebench_0,livecodebench,384,4.12719202041626,4.12719202041626,0.2930127680301666,0.2930127680301666,0.4192834198474884,1.0,1.0,3.0,1,0.25,0.5,0.25,gamma_fixed
livecodebench_0,livecodebench,385,3.9628548622131348,3.9628548622131348,0.5215871930122375,0.5215871930122375,1.0322113037109375,1.0,2.0,3.0,1,0.5,1.0,0.5,gamma_fixed
livecodebench_0,livecodebench,386,0.6215498447418213,0.6215498447418213,0.9433777332305908,0.9433777332305908,0.012206160463392735,1.0,2.0,3.0,1,0.5,1.0,0.5,gamma_fixed
livecodebench_0,livecodebench,387,11.144943237304688,11.144943237304688,0.06952870637178421,0.06952870637178421,0.3532521426677704,1.0,1.0,3.0,1,0.25,0.5,0.25,gamma_fixed
livecodebench_0,livecodebench,388,0.9347780346870422,0.9347780346870422,0.9125131964683533,0.9125131964683533,2.012033462524414,1.0,3.0,4.0,1,0.75,1.0,0.75,gamma_fixed
livecodebench_0,livecodebench,389,9.528411865234375,9.528411865234375,0.24126124382019043,0.24126124382019043,2.3578896522521973,0.0,0.0,2.0,1,0.0,0.0,0.0,gamma_fixed
livecodebench_0,livecodebench,390,1.5985907316207886,1.5985907316207886,0.7482343316078186,0.7482343316078186,2.6737875938415527,1.0,2.0,4.0,1,0.5,0.6666666666666666,0.5,gamma_fixed
livecodebench_0,livecodebench,391,6.142578125,6.142578125,0.14448635280132294,0.14448635280132294,0.3704630434513092,1.0,1.0,3.0,1,0.25,0.5,0.25,gamma_fixed
livecodebench_0,livecodebench,392,7.175609588623047,7.175609588623047,0.3618224859237671,0.3618224859237671,2.42159366607666,1.0,1.0,2.0,1,0.25,1.0,0.25,gamma_fixed
livecodebench_0,livecodebench,393,3.017078161239624,3.017078161239624,0.36608755588531494,0.36608755588531494,1.7387151718139648,1.0,1.0,3.0,1,0.25,0.5,0.25,gamma_fixed
livecodebench_0,livecodebench,394,8.203605651855469,8.203605651855469,0.18408037722110748,0.18408037722110748,0.6246841549873352,1.0,1.0,3.0,1,0.25,0.5,0.25,gamma_fixed
livecodebench_0,livecodebench,395,7.056983470916748,7.056983470916748,0.23821771144866943,0.23821771144866943,0.8435788154602051,0.0,0.0,2.0,1,0.0,0.0,0.0,gamma_fixed
livecodebench_0,livecodebench,396,4.4383392333984375,4.4383392333984375,0.45294156670570374,0.45294156670570374,1.0595598220825195,1.0,3.0,4.0,1,0.75,1.0,0.75,gamma_fixed
livecodebench_0,livecodebench,397,4.06466817855835,4.06466817855835,0.4321998655796051,0.4321998655796051,3.4253580570220947,0.0,0.0,2.0,1,0.0,0.0,0.0,gamma_fixed
livecodebench_0,livecodebench,398,6.558975696563721,6.558975696563721,0.361116498708725,0.361116498708725,1.2339017391204834,1.0,2.0,4.0,1,0.5,0.6666666666666666,0.5,gamma_fixed
livecodebench_0,livecodebench,399,0.06700637936592102,0.06700637936592102,0.9948292374610901,0.9948292374610901,0.00156419537961483,1.0,4.0,5.0,1,1.0,1.0,1.0,gamma_fixed
livecodebench_0,livecodebench,400,7.803428649902344,7.803428649902344,0.12013482302427292,0.12013482302427292,1.9119973182678223,1.0,2.0,4.0,1,0.5,0.6666666666666666,0.5,gamma_fixed
livecodebench_0,livecodebench,401,9.287689208984375,9.287689208984375,0.15531426668167114,0.15531426668167114,1.3148325681686401,1.0,2.0,3.0,1,0.5,1.0,0.5,gamma_fixed
livecodebench_0,livecodebench,402,1.7657452821731567,1.7657452821731567,0.801074206829071,0.801074206829071,2.1850619316101074,1.0,4.0,5.0,1,1.0,1.0,1.0,gamma_fixed
livecodebench_0,livecodebench,403,1.8309223651885986,1.8309223651885986,0.8194706439971924,0.8194706439971924,0.01874699629843235,1.0,4.0,5.0,1,1.0,1.0,1.0,gamma_fixed
livecodebench_0,livecodebench,404,1.4035346508026123,1.4035346508026123,0.7993159294128418,0.7993159294128418,0.16597722470760345,1.0,4.0,5.0,1,1.0,1.0,1.0,gamma_fixed
livecodebench_0,livecodebench,405,6.4705810546875,6.4705810546875,0.3103911876678467,0.3103911876678467,0.3998255431652069,0.0,0.0,2.0,1,0.0,0.0,0.0,gamma_fixed
livecodebench_0,livecodebench,406,2.6621055603027344,2.6621055603027344,0.42820870876312256,0.42820870876312256,0.264442503452301,1.0,4.0,5.0,1,1.0,1.0,1.0,gamma_fixed
livecodebench_0,livecodebench,407,1.3503848314285278,1.3503848314285278,0.9210182428359985,0.9210182428359985,2.8518381118774414,1.0,3.0,5.0,1,0.75,0.75,0.75,gamma_fixed
livecodebench_0,livecodebench,408,3.4136459827423096,3.4136459827423096,0.6930180191993713,0.6930180191993713,1.8989964723587036,1.0,1.0,3.0,1,0.25,0.5,0.25,gamma_fixed
livecodebench_0,livecodebench,409,1.529227614402771,1.529227614402771,0.7898107767105103,0.7898107767105103,0.2176884412765503,1.0,2.0,3.0,1,0.5,1.0,0.5,gamma_fixed
livecodebench_0,livecodebench,410,7.53720760345459,7.53720760345459,0.3931383490562439,0.3931383490562439,1.1074347496032715,1.0,4.0,5.0,1,1.0,1.0,1.0,gamma_fixed
livecodebench_0,livecodebench,411,6.781610488891602,6.781610488891602,0.0797150507569313,0.0797150507569313,0.578113317489624,1.0,1.0,3.0,1,0.25,0.5,0.25,gamma_fixed
livecodebench_0,livecodebench,412,8.907768249511719,8.907768249511719,0.12888585031032562,0.12888585031032562,0.06746214628219604,1.0,1.0,2.0,1,0.25,1.0,0.25,gamma_fixed
livecodebench_0,livecodebench,413,4.18698787689209,4.18698787689209,0.47259727120399475,0.47259727120399475,2.8107452392578125,1.0,2.0,4.0,1,0.5,0.6666666666666666,0.5,gamma_fixed
livecodebench_0,livecodebench,414,1.3564565181732178,1.3564565181732178,0.7607598900794983,0.7607598900794983,0.18741922080516815,1.0,3.0,4.0,1,0.75,1.0,0.75,gamma_fixed
livecodebench_0,livecodebench,415,0.9034414291381836,0.9034414291381836,0.938839852809906,0.938839852809906,0.09142302721738815,0.0,0.0,2.0,1,0.0,0.0,0.0,gamma_fixed
livecodebench_0,livecodebench,416,6.577768325805664,6.577768325805664,0.20535649359226227,0.20535649359226227,1.489505648612976,1.0,1.0,3.0,1,0.25,0.5,0.25,gamma_fixed
livecodebench_0,livecodebench,417,8.899578094482422,8.899578094482422,0.19942747056484222,0.19942747056484222,0.671076238155365,0.0,0.0,2.0,1,0.0,0.0,0.0,gamma_fixed
livecodebench_0,livecodebench,418,2.5907201766967773,2.5907201766967773,0.802150547504425,0.802150547504425,0.13794878125190735,1.0,1.0,2.0,1,0.25,1.0,0.25,gamma_fixed
livecodebench_0,livecodebench,419,1.2922390699386597,1.2922390699386597,0.9118450880050659,0.9118450880050659,2.137728214263916,1.0,3.0,4.0,1,0.75,1.0,0.75,gamma_fixed
livecodebench_0,livecodebench,420,7.1343841552734375,7.1343841552734375,0.10396802425384521,0.10396802425384521,1.9083448648452759,0.0,0.0,2.0,1,0.0,0.0,0.0,gamma_fixed
livecodebench_0,livecodebench,421,4.016796112060547,4.016796112060547,0.40128397941589355,0.40128397941589355,1.7598934173583984,1.0,3.0,4.0,1,0.75,1.0,0.75,gamma_fixed
livecodebench_0,livecodebench,422,1.4208509922027588,1.4208509922027588,0.7765224575996399,0.7765224575996399,0.7756024599075317,0.0,0.0,3.0,1,0.0,0.0,0.0,gamma_fixed
livecodebench_0,livecodebench,423,1.5549274682998657,1.5549274682998657,0.8691332936286926,0.8691332936286926,0.9267540574073792,1.0,1.0,3.0,1,0.25,0.5,0.25,gamma_fixed
livecodebench_0,livecodebench,424,2.2979555130004883,2.2979555130004883,0.5135006904602051,0.5135006904602051,0.09723763167858124,1.0,3.0,4.0,1,0.75,1.0,0.75,gamma_fixed
livecodebench_0,livecodebench,425,10.7462158203125,10.7462158203125,0.1862502545118332,0.1862502545118332,1.4079803228378296,1.0,1.0,3.0,1,0.25,0.5,0.25,gamma_fixed
livecodebench_0,livecodebench,426,2.424142360687256,2.424142360687256,0.811506986618042,0.811506986618042,0.005206332542002201,1.0,4.0,5.0,1,1.0,1.0,1.0,gamma_fixed
livecodebench_0,livecodebench,427,11.47558307647705,11.47558307647705,0.04266839101910591,0.04266839101910591,0.38149940967559814,0.0,0.0,2.0,1,0.0,0.0,0.0,gamma_fixed
livecodebench_0,livecodebench,428,3.0617527961730957,3.0617527961730957,0.49745896458625793,0.49745896458625793,0.10907310247421265,1.0,2.0,4.0,1,0.5,0.6666666666666666,0.5,gamma_fixed
livecodebench_0,livecodebench,429,1.6811280250549316,1.6811280250549316,0.8651109933853149,0.8651109933853149,0.0015569409588351846,1.0,4.0,5.0,1,1.0,1.0,1.0,gamma_fixed
livecodebench_0,livecodebench,430,0.07215326279401779,0.07215326279401779,0.9939340353012085,0.9939340353012085,0.010311032645404339,1.0,3.0,5.0,1,0.75,0.75,0.75,gamma_fixed
livecodebench_0,livecodebench,431,3.3608551025390625,3.3608551025390625,0.667608916759491,0.667608916759491,0.0013184737181290984,1.0,4.0,5.0,1,1.0,1.0,1.0,gamma_fixed
livecodebench_0,livecodebench,432,10.09292984008789,10.09292984008789,0.16500858962535858,0.16500858962535858,0.0010010750265792012,0.0,0.0,2.0,1,0.0,0.0,0.0,gamma_fixed
livecodebench_0,livecodebench,433,0.0214832853525877,0.0214832853525877,0.9985581040382385,0.9985581040382385,0.002386912237852812,0.0,0.0,4.0,1,0.0,0.0,0.0,gamma_fixed
livecodebench_0,livecodebench,434,6.589206695556641,6.589206695556641,0.4483208656311035,0.4483208656311035,0.0029940707609057426,1.0,1.0,3.0,1,0.25,0.5,0.25,gamma_fixed
livecodebench_0,livecodebench,435,0.12675538659095764,0.12675538659095764,0.993039608001709,0.993039608001709,1.4111061096191406,1.0,4.0,5.0,1,1.0,1.0,1.0,gamma_fixed
livecodebench_0,livecodebench,436,3.4538822174072266,3.4538822174072266,0.4345274865627289,0.4345274865627289,1.796987533569336,1.0,2.0,4.0,1,0.5,0.6666666666666666,0.5,gamma_fixed
livecodebench_0,livecodebench,437,9.378316879272461,9.378316879272461,0.12250426411628723,0.12250426411628723,1.826054334640503,1.0,2.0,4.0,1,0.5,0.6666666666666666,0.5,gamma_fixed
livecodebench_0,livecodebench,438,0.16493773460388184,0.16493773460388184,0.9827854037284851,0.9827854037284851,2.149244785308838,1.0,4.0,5.0,1,1.0,1.0,1.0,gamma_fixed
livecodebench_0,livecodebench,439,2.6688554286956787,2.6688554286956787,0.6797798275947571,0.6797798275947571,2.151763677597046,0.0,0.0,2.0,1,0.0,0.0,0.0,gamma_fixed
livecodebench_0,livecodebench,440,0.2443193793296814,0.2443193793296814,0.979701042175293,0.979701042175293,0.4089202582836151,1.0,3.0,4.0,1,0.75,1.0,0.75,gamma_fixed
livecodebench_0,livecodebench,441,7.754941463470459,7.754941463470459,0.11241623759269714,0.11241623759269714,2.4749207496643066,0.0,0.0,2.0,1,0.0,0.0,0.0,gamma_fixed
livecodebench_0,livecodebench,442,4.514442443847656,4.514442443847656,0.4450492560863495,0.4450492560863495,0.013411445543169975,1.0,1.0,4.0,1,0.25,0.3333333333333333,0.25,gamma_fixed
livecodebench_0,livecodebench,443,0.37152954936027527,0.37152954936027527,0.9536826610565186,0.9536826610565186,2.8605313301086426,1.0,2.0,4.0,1,0.5,0.6666666666666666,0.5,gamma_fixed
livecodebench_0,livecodebench,444,5.4821014404296875,5.4821014404296875,0.3149714171886444,0.3149714171886444,3.393004894256592,0.0,0.0,2.0,1,0.0,0.0,0.0,gamma_fixed
livecodebench_0,livecodebench,445,3.976348876953125,3.976348876953125,0.47167515754699707,0.47167515754699707,0.7390066385269165,0.0,0.0,2.0,1,0.0,0.0,0.0,gamma_fixed
livecodebench_0,livecodebench,446,3.1373510360717773,3.1373510360717773,0.2976270616054535,0.2976270616054535,2.0171327590942383,1.0,1.0,4.0,1,0.25,0.3333333333333333,0.25,gamma_fixed
livecodebench_0,livecodebench,447,1.3986835479736328,1.3986835479736328,0.7500633597373962,0.7500633597373962,2.7806079387664795,1.0,3.0,4.0,1,0.75,1.0,0.75,gamma_fixed
livecodebench_0,livecodebench,448,3.0105576515197754,3.0105576515197754,0.6157813668251038,0.6157813668251038,0.0006314098136499524,1.0,4.0,5.0,1,1.0,1.0,1.0,gamma_fixed
livecodebench_0,livecodebench,449,2.5616114139556885,2.5616114139556885,0.7704795598983765,0.7704795598983765,1.419101357460022,1.0,1.0,3.0,1,0.25,0.5,0.25,gamma_fixed
livecodebench_0,livecodebench,450,3.2159087657928467,3.2159087657928467,0.43644124269485474,0.43644124269485474,0.057411156594753265,0.0,0.0,2.0,1,0.0,0.0,0.0,gamma_fixed
livecodebench_0,livecodebench,451,0.26855704188346863,0.26855704188346863,0.9636295437812805,0.9636295437812805,1.965864896774292,1.0,3.0,5.0,1,0.75,0.75,0.75,gamma_fixed
livecodebench_0,livecodebench,452,7.953497886657715,7.953497886657715,0.09374400973320007,0.09374400973320007,0.49977338314056396,0.0,0.0,2.0,1,0.0,0.0,0.0,gamma_fixed
livecodebench_0,livecodebench,453,3.087639808654785,3.087639808654785,0.716239869594574,0.716239869594574,2.4223365783691406,1.0,4.0,5.0,1,1.0,1.0,1.0,gamma_fixed
livecodebench_0,livecodebench,454,7.729992866516113,7.729992866516113,0.10235615074634552,0.10235615074634552,0.1492052525281906,0.0,0.0,2.0,1,0.0,0.0,0.0,gamma_fixed
livecodebench_0,livecodebench,455,0.7800140380859375,0.7800140380859375,0.896284818649292,0.896284818649292,1.0591195821762085,1.0,4.0,5.0,1,1.0,1.0,1.0,gamma_fixed
livecodebench_0,livecodebench,456,8.297947883605957,8.297947883605957,0.11024190485477448,0.11024190485477448,0.04056437686085701,1.0,4.0,5.0,1,1.0,1.0,1.0,gamma_fixed
livecodebench_0,livecodebench,457,11.312036514282227,11.312036514282227,0.03085317462682724,0.03085317462682724,1.055490255355835,1.0,2.0,3.0,1,0.5,1.0,0.5,gamma_fixed
livecodebench_0,livecodebench,458,0.8515250086784363,0.8515250086784363,0.842187225818634,0.842187225818634,1.3491029739379883,1.0,2.0,5.0,1,0.5,0.5,0.5,gamma_fixed
livecodebench_0,livecodebench,459,5.674491882324219,5.674491882324219,0.2851092517375946,0.2851092517375946,1.6440699100494385,0.0,0.0,2.0,1,0.0,0.0,0.0,gamma_fixed
livecodebench_0,livecodebench,460,6.740869522094727,6.740869522094727,0.11873521655797958,0.11873521655797958,1.3645820617675781,0.0,0.0,2.0,1,0.0,0.0,0.0,gamma_fixed
livecodebench_0,livecodebench,461,6.643662452697754,6.643662452697754,0.2641984522342682,0.2641984522342682,0.5517783164978027,1.0,1.0,2.0,1,0.25,1.0,0.25,gamma_fixed
livecodebench_0,livecodebench,462,0.4087059199810028,0.4087059199810028,0.9560137987136841,0.9560137987136841,0.6398254632949829,1.0,3.0,4.0,1,0.75,1.0,0.75,gamma_fixed
livecodebench_0,livecodebench,463,4.625418663024902,4.625418663024902,0.3960283398628235,0.3960283398628235,0.326164573431015,0.0,0.0,2.0,1,0.0,0.0,0.0,gamma_fixed
livecodebench_0,livecodebench,464,7.2765092849731445,7.2765092849731445,0.14169171452522278,0.14169171452522278,1.4798121452331543,0.0,0.0,2.0,1,0.0,0.0,0.0,gamma_fixed
livecodebench_0,livecodebench,465,4.0076799392700195,4.0076799392700195,0.3405652642250061,0.3405652642250061,1.4967443943023682,1.0,1.0,2.0,1,0.25,1.0,0.25,gamma_fixed
livecodebench_0,livecodebench,466,0.5179525017738342,0.5179525017738342,0.9469832181930542,0.9469832181930542,0.7261976599693298,1.0,2.0,4.0,1,0.5,0.6666666666666666,0.5,gamma_fixed
livecodebench_0,livecodebench,467,6.44329309463501,6.44329309463501,0.18826177716255188,0.18826177716255188,1.941063404083252,1.0,4.0,5.0,1,1.0,1.0,1.0,gamma_fixed
livecodebench_0,livecodebench,468,3.585667848587036,3.585667848587036,0.4964883327484131,0.4964883327484131,3.181635856628418,1.0,2.0,3.0,1,0.5,1.0,0.5,gamma_fixed
livecodebench_0,livecodebench,469,2.9605870246887207,2.9605870246887207,0.2315659373998642,0.2315659373998642,1.4367812871932983,1.0,2.0,3.0,1,0.5,1.0,0.5,gamma_fixed
livecodebench_0,livecodebench,470,4.326324462890625,4.326324462890625,0.57537442445755,0.57537442445755,1.4035981893539429,0.0,0.0,2.0,1,0.0,0.0,0.0,gamma_fixed
livecodebench_0,livecodebench,471,2.718141555786133,2.718141555786133,0.5308367609977722,0.5308367609977722,2.06183123588562,1.0,3.0,4.0,1,0.75,1.0,0.75,gamma_fixed
livecodebench_0,livecodebench,472,2.2731614112854004,2.2731614112854004,0.7862515449523926,0.7862515449523926,4.0402092933654785,1.0,2.0,3.0,1,0.5,1.0,0.5,gamma_fixed
livecodebench_0,livecodebench,473,3.891331672668457,3.891331672668457,0.279594749212265,0.279594749212265,1.5306637287139893,1.0,2.0,3.0,1,0.5,1.0,0.5,gamma_fixed
livecodebench_0,livecodebench,474,0.48329007625579834,0.48329007625579834,0.9593455791473389,0.9593455791473389,2.179685354232788,1.0,1.0,3.0,1,0.25,0.5,0.25,gamma_fixed
livecodebench_0,livecodebench,475,10.957050323486328,10.957050323486328,0.054043352603912354,0.054043352603912354,1.1328178644180298,1.0,4.0,5.0,1,1.0,1.0,1.0,gamma_fixed
livecodebench_0,livecodebench,476,1.6345113515853882,1.6345113515853882,0.8109128475189209,0.8109128475189209,1.4847185611724854,0.0,0.0,3.0,1,0.0,0.0,0.0,gamma_fixed
livecodebench_0,livecodebench,477,2.185398578643799,2.185398578643799,0.6945424675941467,0.6945424675941467,1.117163896560669,0.0,0.0,2.0,1,0.0,0.0,0.0,gamma_fixed
livecodebench_0,livecodebench,478,2.324472665786743,2.324472665786743,0.4786352813243866,0.4786352813243866,0.9513551592826843,1.0,1.0,4.0,1,0.25,0.3333333333333333,0.25,gamma_fixed
livecodebench_0,livecodebench,479,3.9595298767089844,3.9595298767089844,0.3425666391849518,0.3425666391849518,2.4830503463745117,1.0,2.0,4.0,1,0.5,0.6666666666666666,0.5,gamma_fixed
livecodebench_0,livecodebench,480,5.265988826751709,5.265988826751709,0.22686539590358734,0.22686539590358734,3.089129686355591,0.0,0.0,2.0,1,0.0,0.0,0.0,gamma_fixed
livecodebench_0,livecodebench,481,6.773577690124512,6.773577690124512,0.18661437928676605,0.18661437928676605,2.099637985229492,0.0,0.0,2.0,1,0.0,0.0,0.0,gamma_fixed
livecodebench_0,livecodebench,482,1.8912811279296875,1.8912811279296875,0.8166744709014893,0.8166744709014893,1.7872015237808228,1.0,1.0,3.0,1,0.25,0.5,0.25,gamma_fixed
livecodebench_0,livecodebench,483,4.472587585449219,4.472587585449219,0.3827209174633026,0.3827209174633026,3.0634164810180664,1.0,1.0,2.0,1,0.25,1.0,0.25,gamma_fixed
livecodebench_0,livecodebench,484,5.8769917488098145,5.8769917488098145,0.410198837518692,0.410198837518692,0.8118308782577515,1.0,1.0,3.0,1,0.25,0.5,0.25,gamma_fixed
livecodebench_0,livecodebench,485,4.3798627853393555,4.3798627853393555,0.5994643568992615,0.5994643568992615,1.2004493474960327,1.0,2.0,5.0,1,0.5,0.5,0.5,gamma_fixed
livecodebench_0,livecodebench,486,11.364030838012695,11.364030838012695,0.03329514339566231,0.03329514339566231,1.3620431423187256,0.0,0.0,2.0,1,0.0,0.0,0.0,gamma_fixed
livecodebench_0,livecodebench,487,9.848762512207031,9.848762512207031,0.0875498503446579,0.0875498503446579,0.4651876389980316,1.0,2.0,3.0,1,0.5,1.0,0.5,gamma_fixed
livecodebench_0,livecodebench,488,7.523191452026367,7.523191452026367,0.2089981734752655,0.2089981734752655,3.2795863151550293,1.0,1.0,2.0,1,0.25,1.0,0.25,gamma_fixed
livecodebench_0,livecodebench,489,3.4638442993164062,3.4638442993164062,0.4868853688240051,0.4868853688240051,1.4631835222244263,1.0,2.0,4.0,1,0.5,0.6666666666666666,0.5,gamma_fixed
livecodebench_0,livecodebench,490,7.940746307373047,7.940746307373047,0.24482133984565735,0.24482133984565735,2.140895366668701,0.0,0.0,2.0,1,0.0,0.0,0.0,gamma_fixed
livecodebench_0,livecodebench,491,7.135654449462891,7.135654449462891,0.19160032272338867,0.19160032272338867,2.4459829330444336,0.0,0.0,2.0,1,0.0,0.0,0.0,gamma_fixed
livecodebench_0,livecodebench,492,6.596342086791992,6.596342086791992,0.1640445590019226,0.1640445590019226,1.5576889514923096,1.0,2.0,3.0,1,0.5,1.0,0.5,gamma_fixed
livecodebench_0,livecodebench,493,11.047323226928711,11.047323226928711,0.09085981547832489,0.09085981547832489,0.0009618557523936033,0.0,0.0,2.0,1,0.0,0.0,0.0,gamma_fixed
livecodebench_0,livecodebench,494,12.418060302734375,12.418060302734375,0.06330659985542297,0.06330659985542297,0.07507148385047913,0.0,0.0,2.0,1,0.0,0.0,0.0,gamma_fixed
livecodebench_0,livecodebench,495,9.09469985961914,9.09469985961914,0.14238525927066803,0.14238525927066803,0.24080322682857513,1.0,2.0,3.0,1,0.5,1.0,0.5,gamma_fixed
livecodebench_0,livecodebench,496,7.786435127258301,7.786435127258301,0.3859110176563263,0.3859110176563263,1.3322091102600098,1.0,1.0,3.0,1,0.25,0.5,0.25,gamma_fixed
livecodebench_0,livecodebench,497,9.606308937072754,9.606308937072754,0.1910398006439209,0.1910398006439209,0.904540479183197,1.0,1.0,3.0,1,0.25,0.5,0.25,gamma_fixed
livecodebench_0,livecodebench,498,3.696157455444336,3.696157455444336,0.4405090808868408,0.4405090808868408,0.6732662320137024,1.0,3.0,5.0,1,0.75,0.75,0.75,gamma_fixed
livecodebench_0,livecodebench,499,2.9241862297058105,2.9241862297058105,0.7665393948554993,0.7665393948554993,0.048766180872917175,0.0,0.0,3.0,1,0.0,0.0,0.0,gamma_fixed
livecodebench_0,livecodebench,500,0.6511373519897461,0.6511373519897461,0.9467520713806152,0.9467520713806152,1.4515724182128906,1.0,3.0,4.0,1,0.75,1.0,0.75,gamma_fixed
livecodebench_0,livecodebench,501,1.6565979719161987,1.6565979719161987,0.8220757246017456,0.8220757246017456,2.553908109664917,1.0,1.0,3.0,1,0.25,0.5,0.25,gamma_fixed
livecodebench_0,livecodebench,502,3.0620768070220947,3.0620768070220947,0.7464098334312439,0.7464098334312439,1.5467497110366821,0.0,0.0,2.0,1,0.0,0.0,0.0,gamma_fixed
livecodebench_0,livecodebench,503,4.835020542144775,4.835020542144775,0.22182658314704895,0.22182658314704895,0.715345561504364,1.0,4.0,5.0,1,1.0,1.0,1.0,gamma_fixed
livecodebench_0,livecodebench,504,12.335325241088867,12.335325241088867,0.011687695048749447,0.011687695048749447,1.9031051397323608,0.0,0.0,2.0,1,0.0,0.0,0.0,gamma_fixed
livecodebench_0,livecodebench,505,7.08823823928833,7.08823823928833,0.2670518159866333,0.2670518159866333,0.013987554237246513,1.0,1.0,4.0,1,0.25,0.3333333333333333,0.25,gamma_fixed
livecodebench_0,livecodebench,506,1.4228142499923706,1.4228142499923706,0.8401336669921875,0.8401336669921875,0.18458518385887146,0.0,0.0,2.0,1,0.0,0.0,0.0,gamma_fixed
livecodebench_0,livecodebench,507,0.865026593208313,0.865026593208313,0.936779260635376,0.936779260635376,0.27941203117370605,1.0,2.0,3.0,1,0.5,1.0,0.5,gamma_fixed
livecodebench_0,livecodebench,508,3.3698277473449707,3.3698277473449707,0.7047913074493408,0.7047913074493408,0.0014073960483074188,1.0,1.0,3.0,1,0.25,0.5,0.25,gamma_fixed
livecodebench_0,livecodebench,509,0.248232901096344,0.248232901096344,0.9845489859580994,0.9845489859580994,0.0540020614862442,1.0,4.0,5.0,1,1.0,1.0,1.0,gamma_fixed
livecodebench_0,livecodebench,510,2.3928112983703613,2.3928112983703613,0.7866355180740356,0.7866355180740356,0.5980807542800903,1.0,2.0,5.0,1,0.5,0.5,0.5,gamma_fixed
livecodebench_0,livecodebench,511,4.003684043884277,4.003684043884277,0.4897466003894806,0.4897466003894806,0.049771249294281006,1.0,4.0,5.0,1,1.0,1.0,1.0,gamma_fixed
livecodebench_0,livecodebench,512,8.199718475341797,8.199718475341797,0.1621333807706833,0.1621333807706833,0.9016157388687134,1.0,2.0,3.0,1,0.5,1.0,0.5,gamma_fixed
livecodebench_0,livecodebench,513,2.9814453125,2.9814453125,0.39622175693511963,0.39622175693511963,1.5807225704193115,1.0,2.0,3.0,1,0.5,1.0,0.5,gamma_fixed
livecodebench_0,livecodebench,514,0.34728115797042847,0.34728115797042847,0.9575321674346924,0.9575321674346924,1.7672278881072998,1.0,2.0,5.0,1,0.5,0.5,0.5,gamma_fixed
livecodebench_0,livecodebench,515,8.484905242919922,8.484905242919922,0.12492045760154724,0.12492045760154724,1.41701340675354,1.0,3.0,5.0,1,0.75,0.75,0.75,gamma_fixed
livecodebench_0,livecodebench,516,5.54286003112793,5.54286003112793,0.40561792254447937,0.40561792254447937,1.5647916793823242,1.0,3.0,4.0,1,0.75,1.0,0.75,gamma_fixed
livecodebench_0,livecodebench,517,1.0706627368927002,1.0706627368927002,0.8076527714729309,0.8076527714729309,1.5758111476898193,1.0,4.0,5.0,1,1.0,1.0,1.0,gamma_fixed
livecodebench_0,livecodebench,518,7.147703170776367,7.147703170776367,0.3067750334739685,0.3067750334739685,4.148774147033691,1.0,1.0,3.0,1,0.25,0.5,0.25,gamma_fixed
livecodebench_0,livecodebench,519,4.6634697914123535,4.6634697914123535,0.2188144475221634,0.2188144475221634,4.35245418548584,1.0,1.0,3.0,1,0.25,0.5,0.25,gamma_fixed
livecodebench_0,livecodebench,520,1.40232515335083,1.40232515335083,0.8076527714729309,0.8076527714729309,2.070373296737671,1.0,2.0,4.0,1,0.5,0.6666666666666666,0.5,gamma_fixed
livecodebench_0,livecodebench,521,1.896444320678711,1.896444320678711,0.8206719160079956,0.8206719160079956,3.148275375366211,0.0,0.0,3.0,1,0.0,0.0,0.0,gamma_fixed
livecodebench_0,livecodebench,522,2.4121737480163574,2.4121737480163574,0.7225626707077026,0.7225626707077026,2.057654619216919,1.0,3.0,4.0,1,0.75,1.0,0.75,gamma_fixed
livecodebench_0,livecodebench,523,4.2168684005737305,4.2168684005737305,0.5734111070632935,0.5734111070632935,0.4339635372161865,0.0,0.0,2.0,1,0.0,0.0,0.0,gamma_fixed
livecodebench_0,livecodebench,524,0.6785417199134827,0.6785417199134827,0.8902873992919922,0.8902873992919922,2.2345991134643555,1.0,2.0,4.0,1,0.5,0.6666666666666666,0.5,gamma_fixed
livecodebench_0,livecodebench,525,2.7810981273651123,2.7810981273651123,0.43558964133262634,0.43558964133262634,2.1369776725769043,1.0,2.0,5.0,1,0.5,0.5,0.5,gamma_fixed
livecodebench_0,livecodebench,526,3.1412010192871094,3.1412010192871094,0.6154807806015015,0.6154807806015015,2.513124465942383,1.0,1.0,2.0,1,0.25,1.0,0.25,gamma_fixed
livecodebench_0,livecodebench,527,4.073520660400391,4.073520660400391,0.35344088077545166,0.35344088077545166,2.4859485626220703,0.0,0.0,2.0,1,0.0,0.0,0.0,gamma_fixed
livecodebench_0,livecodebench,528,5.234539031982422,5.234539031982422,0.252839595079422,0.252839595079422,0.8309551477432251,1.0,2.0,3.0,1,0.5,1.0,0.5,gamma_fixed
livecodebench_0,livecodebench,529,4.825136184692383,4.825136184692383,0.30528074502944946,0.30528074502944946,1.7515113353729248,0.0,0.0,2.0,1,0.0,0.0,0.0,gamma_fixed
livecodebench_0,livecodebench,530,3.050083637237549,3.050083637237549,0.6089045405387878,0.6089045405387878,3.316911458969116,1.0,4.0,5.0,1,1.0,1.0,1.0,gamma_fixed
livecodebench_0,livecodebench,531,4.765470504760742,4.765470504760742,0.23821771144866943,0.23821771144866943,1.088234543800354,1.0,2.0,3.0,1,0.5,1.0,0.5,gamma_fixed
livecodebench_0,livecodebench,532,2.195218086242676,2.195218086242676,0.6331605911254883,0.6331605911254883,1.953425645828247,1.0,1.0,3.0,1,0.25,0.5,0.25,gamma_fixed
livecodebench_0,livecodebench,533,8.233987808227539,8.233987808227539,0.15127258002758026,0.15127258002758026,1.7102546691894531,1.0,1.0,3.0,1,0.25,0.5,0.25,gamma_fixed
livecodebench_0,livecodebench,534,4.909775733947754,4.909775733947754,0.2741868793964386,0.2741868793964386,2.5060887336730957,1.0,3.0,5.0,1,0.75,0.75,0.75,gamma_fixed
livecodebench_0,livecodebench,535,2.277367353439331,2.277367353439331,0.4883138835430145,0.4883138835430145,0.5332306623458862,1.0,1.0,3.0,1,0.25,0.5,0.25,gamma_fixed
livecodebench_0,livecodebench,536,6.083963394165039,6.083963394165039,0.35830628871917725,0.35830628871917725,2.702894687652588,1.0,1.0,2.0,1,0.25,1.0,0.25,gamma_fixed
livecodebench_0,livecodebench,537,1.3211750984191895,1.3211750984191895,0.6083102226257324,0.6083102226257324,0.8036918640136719,1.0,3.0,4.0,1,0.75,1.0,0.75,gamma_fixed
livecodebench_0,livecodebench,538,7.585906028747559,7.585906028747559,0.08176497370004654,0.08176497370004654,0.6558437347412109,0.0,0.0,2.0,1,0.0,0.0,0.0,gamma_fixed
livecodebench_0,livecodebench,539,4.653002738952637,4.653002738952637,0.3049827516078949,0.3049827516078949,2.476515769958496,1.0,1.0,3.0,1,0.25,0.5,0.25,gamma_fixed
livecodebench_0,livecodebench,540,1.56242036819458,1.56242036819458,0.6974310874938965,0.6974310874938965,1.7609357833862305,1.0,1.0,3.0,1,0.25,0.5,0.25,gamma_fixed
livecodebench_0,livecodebench,541,4.06612491607666,4.06612491607666,0.5703395009040833,0.5703395009040833,1.7445043325424194,1.0,2.0,3.0,1,0.5,1.0,0.5,gamma_fixed
livecodebench_0,livecodebench,542,2.3247265815734863,2.3247265815734863,0.5815884470939636,0.5815884470939636,0.6252917051315308,1.0,2.0,4.0,1,0.5,0.6666666666666666,0.5,gamma_fixed
livecodebench_0,livecodebench,543,1.683232307434082,1.683232307434082,0.8135899305343628,0.8135899305343628,0.903531551361084,1.0,2.0,4.0,1,0.5,0.6666666666666666,0.5,gamma_fixed
livecodebench_0,livecodebench,544,2.831725597381592,2.831725597381592,0.4209528863430023,0.4209528863430023,0.21265187859535217,1.0,3.0,4.0,1,0.75,1.0,0.75,gamma_fixed
livecodebench_0,livecodebench,545,9.998470306396484,9.998470306396484,0.05521699786186218,0.05521699786186218,2.950963020324707,1.0,1.0,3.0,1,0.25,0.5,0.25,gamma_fixed
livecodebench_0,livecodebench,546,6.028119087219238,6.028119087219238,0.5175281167030334,0.5175281167030334,0.6719093322753906,0.0,0.0,2.0,1,0.0,0.0,0.0,gamma_fixed
livecodebench_0,livecodebench,547,4.602750778198242,4.602750778198242,0.3199315071105957,0.3199315071105957,1.9490655660629272,1.0,2.0,3.0,1,0.5,1.0,0.5,gamma_fixed
livecodebench_0,livecodebench,548,6.3500895500183105,6.3500895500183105,0.17789487540721893,0.17789487540721893,2.580580234527588,1.0,2.0,4.0,1,0.5,0.6666666666666666,0.5,gamma_fixed
livecodebench_0,livecodebench,549,1.5481858253479004,1.5481858253479004,0.8303458094596863,0.8303458094596863,4.271231174468994,1.0,1.0,3.0,1,0.25,0.5,0.25,gamma_fixed
livecodebench_0,livecodebench,550,6.811347961425781,6.811347961425781,0.41059961915016174,0.41059961915016174,3.486424446105957,0.0,0.0,3.0,1,0.0,0.0,0.0,gamma_fixed
livecodebench_0,livecodebench,551,1.4862236976623535,1.4862236976623535,0.8521146774291992,0.8521146774291992,0.43122223019599915,1.0,2.0,4.0,1,0.5,0.6666666666666666,0.5,gamma_fixed
livecodebench_0,livecodebench,552,6.65209436416626,6.65209436416626,0.270463764667511,0.270463764667511,0.517591118812561,1.0,4.0,5.0,1,1.0,1.0,1.0,gamma_fixed
livecodebench_0,livecodebench,553,6.6521148681640625,6.6521148681640625,0.09785985946655273,0.09785985946655273,3.3393964767456055,0.0,0.0,2.0,1,0.0,0.0,0.0,gamma_fixed
livecodebench_0,livecodebench,554,7.147593975067139,7.147593975067139,0.25732332468032837,0.25732332468032837,1.612827181816101,0.0,0.0,2.0,1,0.0,0.0,0.0,gamma_fixed
livecodebench_0,livecodebench,555,1.5327785015106201,1.5327785015106201,0.7044472694396973,0.7044472694396973,1.518226146697998,1.0,3.0,4.0,1,0.75,1.0,0.75,gamma_fixed
livecodebench_0,livecodebench,556,8.806673049926758,8.806673049926758,0.21353696286678314,0.21353696286678314,2.4637291431427,1.0,2.0,3.0,1,0.5,1.0,0.5,gamma_fixed
livecodebench_0,livecodebench,557,1.7023394107818604,1.7023394107818604,0.7856758832931519,0.7856758832931519,3.7364442348480225,1.0,4.0,5.0,1,1.0,1.0,1.0,gamma_fixed
livecodebench_0,livecodebench,558,11.799675941467285,11.799675941467285,0.12443342804908752,0.12443342804908752,1.2150652408599854,0.0,0.0,2.0,1,0.0,0.0,0.0,gamma_fixed
livecodebench_0,livecodebench,559,3.5287599563598633,3.5287599563598633,0.6562965512275696,0.6562965512275696,2.06282639503479,1.0,3.0,4.0,1,0.75,1.0,0.75,gamma_fixed
livecodebench_0,livecodebench,560,10.621334075927734,10.621334075927734,0.05798005312681198,0.05798005312681198,1.0741044282913208,1.0,1.0,2.0,1,0.25,1.0,0.25,gamma_fixed
livecodebench_0,livecodebench,561,0.3626132905483246,0.3626132905483246,0.966722309589386,0.966722309589386,2.9542620182037354,1.0,3.0,5.0,1,0.75,0.75,0.75,gamma_fixed
livecodebench_0,livecodebench,562,4.953347206115723,4.953347206115723,0.24196909368038177,0.24196909368038177,3.513993263244629,0.0,0.0,2.0,1,0.0,0.0,0.0,gamma_fixed
livecodebench_0,livecodebench,563,3.83844256401062,3.83844256401062,0.48998576402664185,0.48998576402664185,2.096625804901123,1.0,2.0,4.0,1,0.5,0.6666666666666666,0.5,gamma_fixed
livecodebench_0,livecodebench,564,3.311502695083618,3.311502695083618,0.37349027395248413,0.37349027395248413,0.00044454983435571194,1.0,4.0,5.0,1,1.0,1.0,1.0,gamma_fixed
livecodebench_0,livecodebench,565,1.6283454895019531,1.6283454895019531,0.7972695231437683,0.7972695231437683,0.289215624332428,1.0,4.0,5.0,1,1.0,1.0,1.0,gamma_fixed
livecodebench_0,livecodebench,566,5.1932902336120605,5.1932902336120605,0.17964065074920654,0.17964065074920654,2.8028838634490967,1.0,2.0,4.0,1,0.5,0.6666666666666666,0.5,gamma_fixed
livecodebench_0,livecodebench,567,6.1630353927612305,6.1630353927612305,0.32024407386779785,0.32024407386779785,0.40048226714134216,0.0,0.0,2.0,1,0.0,0.0,0.0,gamma_fixed
livecodebench_0,livecodebench,568,3.605487823486328,3.605487823486328,0.5609491467475891,0.5609491467475891,0.8827522993087769,0.0,0.0,2.0,1,0.0,0.0,0.0,gamma_fixed
livecodebench_0,livecodebench,569,5.525114059448242,5.525114059448242,0.22117765247821808,0.22117765247821808,1.4530407190322876,1.0,4.0,5.0,1,1.0,1.0,1.0,gamma_fixed
livecodebench_0,livecodebench,570,8.639182090759277,8.639182090759277,0.15470875799655914,0.15470875799655914,0.6553093791007996,1.0,1.0,2.0,1,0.25,1.0,0.25,gamma_fixed
livecodebench_0,livecodebench,571,5.160645484924316,5.160645484924316,0.2067651003599167,0.2067651003599167,3.0760269165039062,1.0,2.0,3.0,1,0.5,1.0,0.5,gamma_fixed
livecodebench_0,livecodebench,572,2.853463649749756,2.853463649749756,0.4802740514278412,0.4802740514278412,1.726473093032837,1.0,2.0,4.0,1,0.5,0.6666666666666666,0.5,gamma_fixed
livecodebench_0,livecodebench,573,5.788261890411377,5.788261890411377,0.3392375409603119,0.3392375409603119,0.10986103862524033,1.0,1.0,3.0,1,0.25,0.5,0.25,gamma_fixed
livecodebench_0,livecodebench,574,2.658628463745117,2.658628463745117,0.5711756348609924,0.5711756348609924,2.987424373626709,1.0,2.0,3.0,1,0.5,1.0,0.5,gamma_fixed
livecodebench_0,livecodebench,575,1.8189005851745605,1.8189005851745605,0.802248477935791,0.802248477935791,0.09394975006580353,1.0,2.0,3.0,1,0.5,1.0,0.5,gamma_fixed
livecodebench_0,livecodebench,576,2.535461902618408,2.535461902618408,0.6672829985618591,0.6672829985618591,0.17248974740505219,1.0,4.0,5.0,1,1.0,1.0,1.0,gamma_fixed
livecodebench_0,livecodebench,577,0.644340991973877,0.644340991973877,0.9118450880050659,0.9118450880050659,1.6623848676681519,1.0,2.0,4.0,1,0.5,0.6666666666666666,0.5,gamma_fixed
livecodebench_0,livecodebench,578,4.756462097167969,4.756462097167969,0.2755289673805237,0.2755289673805237,2.6248631477355957,0.0,0.0,2.0,1,0.0,0.0,0.0,gamma_fixed
livecodebench_0,livecodebench,579,7.206056118011475,7.206056118011475,0.3590067923069,0.3590067923069,0.12074778974056244,1.0,2.0,3.0,1,0.5,1.0,0.5,gamma_fixed
livecodebench_0,livecodebench,580,11.31535530090332,11.31535530090332,0.0835406556725502,0.0835406556725502,0.8553921580314636,1.0,1.0,3.0,1,0.25,0.5,0.25,gamma_fixed
livecodebench_0,livecodebench,581,0.30945125222206116,0.30945125222206116,0.9554596543312073,0.9554596543312073,0.8759437799453735,1.0,3.0,4.0,1,0.75,1.0,0.75,gamma_fixed
livecodebench_0,livecodebench,582,0.13695281744003296,0.13695281744003296,0.9930055141448975,0.9930055141448975,0.0014224726473912597,1.0,4.0,5.0,1,1.0,1.0,1.0,gamma_fixed
livecodebench_0,livecodebench,583,11.172147750854492,11.172147750854492,0.07606463134288788,0.07606463134288788,0.002170773223042488,0.0,0.0,2.0,1,0.0,0.0,0.0,gamma_fixed
livecodebench_0,livecodebench,584,8.662215232849121,8.662215232849121,0.12688764929771423,0.12688764929771423,2.637997627258301,1.0,1.0,3.0,1,0.25,0.5,0.25,gamma_fixed
livecodebench_0,livecodebench,585,3.874293804168701,3.874293804168701,0.2709925174713135,0.2709925174713135,2.815314769744873,1.0,1.0,3.0,1,0.25,0.5,0.25,gamma_fixed
livecodebench_0,livecodebench,586,4.8035688400268555,4.8035688400268555,0.5444875359535217,0.5444875359535217,0.10088710486888885,1.0,1.0,3.0,1,0.25,0.5,0.25,gamma_fixed
livecodebench_0,livecodebench,587,3.7677106857299805,3.7677106857299805,0.6692408323287964,0.6692408323287964,0.0016087319236248732,1.0,3.0,4.0,1,0.75,1.0,0.75,gamma_fixed
livecodebench_0,livecodebench,588,6.5697431564331055,6.5697431564331055,0.49431127309799194,0.49431127309799194,1.3729389905929565,1.0,1.0,2.0,1,0.25,1.0,0.25,gamma_fixed
livecodebench_0,livecodebench,589,11.295684814453125,11.295684814453125,0.07955951243638992,0.07955951243638992,1.4088540077209473,0.0,0.0,2.0,1,0.0,0.0,0.0,gamma_fixed
livecodebench_0,livecodebench,590,6.5708909034729,6.5708909034729,0.4777013659477234,0.4777013659477234,0.0008671852992847562,1.0,2.0,3.0,1,0.5,1.0,0.5,gamma_fixed
livecodebench_0,livecodebench,591,1.7198350429534912,1.7198350429534912,0.819270670413971,0.819270670413971,0.03518526628613472,1.0,4.0,5.0,1,1.0,1.0,1.0,gamma_fixed
livecodebench_0,livecodebench,592,2.3295865058898926,2.3295865058898926,0.5003823041915894,0.5003823041915894,1.1764636039733887,1.0,3.0,4.0,1,0.75,1.0,0.75,gamma_fixed
livecodebench_0,livecodebench,593,5.429023742675781,5.429023742675781,0.22976388037204742,0.22976388037204742,1.337887167930603,1.0,4.0,5.0,1,1.0,1.0,1.0,gamma_fixed
livecodebench_0,livecodebench,594,0.1042393296957016,0.1042393296957016,0.9944990873336792,0.9944990873336792,0.16221675276756287,1.0,1.0,3.0,1,0.25,0.5,0.25,gamma_fixed
livecodebench_0,livecodebench,595,0.20325972139835358,0.20325972139835358,0.978087842464447,0.978087842464447,1.412487506866455,1.0,2.0,4.0,1,0.5,0.6666666666666666,0.5,gamma_fixed
livecodebench_0,livecodebench,596,6.294663429260254,6.294663429260254,0.565348744392395,0.565348744392395,0.9421541094779968,1.0,2.0,4.0,1,0.5,0.6666666666666666,0.5,gamma_fixed
livecodebench_0,livecodebench,597,1.899221658706665,1.899221658706665,0.49624598026275635,0.49624598026275635,0.02720862254500389,1.0,4.0,5.0,1,1.0,1.0,1.0,gamma_fixed
livecodebench_0,livecodebench,598,4.650232315063477,4.650232315063477,0.6242581009864807,0.6242581009864807,0.5815570950508118,1.0,2.0,4.0,1,0.5,0.6666666666666666,0.5,gamma_fixed
livecodebench_0,livecodebench,599,0.8038028478622437,0.8038028478622437,0.9312495589256287,0.9312495589256287,0.1146218553185463,1.0,3.0,5.0,1,0.75,0.75,0.75,gamma_fixed
livecodebench_0,livecodebench,600,0.35904115438461304,0.35904115438461304,0.9606639742851257,0.9606639742851257,2.1211934089660645,1.0,3.0,5.0,1,0.75,0.75,0.75,gamma_fixed
livecodebench_0,livecodebench,601,7.621214389801025,7.621214389801025,0.2935856282711029,0.2935856282711029,1.4999114274978638,0.0,0.0,2.0,1,0.0,0.0,0.0,gamma_fixed
livecodebench_0,livecodebench,602,9.58879566192627,9.58879566192627,0.259088397026062,0.259088397026062,0.0021106423810124397,0.0,0.0,2.0,1,0.0,0.0,0.0,gamma_fixed
livecodebench_0,livecodebench,603,2.31093168258667,2.31093168258667,0.8050934672355652,0.8050934672355652,0.6948418617248535,1.0,2.0,5.0,1,0.5,0.5,0.5,gamma_fixed
livecodebench_0,livecodebench,604,2.3514952659606934,2.3514952659606934,0.6658183932304382,0.6658183932304382,0.005138809327036142,1.0,3.0,4.0,1,0.75,1.0,0.75,gamma_fixed
livecodebench_0,livecodebench,605,0.09301495552062988,0.09301495552062988,0.9934942722320557,0.9934942722320557,0.01770460233092308,1.0,4.0,5.0,1,1.0,1.0,1.0,gamma_fixed
livecodebench_0,livecodebench,606,10.022287368774414,10.022287368774414,0.2047557532787323,0.2047557532787323,0.0016907111275941133,1.0,3.0,5.0,1,0.75,0.75,0.75,gamma_fixed
livecodebench_0,livecodebench,607,4.88909912109375,4.88909912109375,0.35413187742233276,0.35413187742233276,0.18536633253097534,1.0,2.0,4.0,1,0.5,0.6666666666666666,0.5,gamma_fixed
livecodebench_0,livecodebench,608,5.928662300109863,5.928662300109863,0.2281985878944397,0.2281985878944397,1.7196811437606812,1.0,1.0,2.0,1,0.25,1.0,0.25,gamma_fixed
livecodebench_0,livecodebench,609,0.45728859305381775,0.45728859305381775,0.9579120874404907,0.9579120874404907,2.1457581520080566,1.0,2.0,4.0,1,0.5,0.6666666666666666,0.5,gamma_fixed
livecodebench_0,livecodebench,610,0.10612991452217102,0.10612991452217102,0.9934905171394348,0.9934905171394348,1.8485867977142334,1.0,4.0,5.0,1,1.0,1.0,1.0,gamma_fixed
livecodebench_0,livecodebench,611,4.483617782592773,4.483617782592773,0.34223225712776184,0.34223225712776184,8.875032654032111e-05,1.0,1.0,2.0,1,0.25,1.0,0.25,gamma_fixed
livecodebench_0,livecodebench,612,7.557856559753418,7.557856559753418,0.1447688192129135,0.1447688192129135,1.6979268789291382,1.0,1.0,2.0,1,0.25,1.0,0.25,gamma_fixed
livecodebench_0,livecodebench,613,0.36317771673202515,0.36317771673202515,0.9567726850509644,0.9567726850509644,3.3998327255249023,1.0,4.0,5.0,1,1.0,1.0,1.0,gamma_fixed
livecodebench_0,livecodebench,614,5.470489501953125,5.470489501953125,0.31527912616729736,0.31527912616729736,1.8990362882614136,0.0,0.0,2.0,1,0.0,0.0,0.0,gamma_fixed
livecodebench_0,livecodebench,615,3.861664295196533,3.861664295196533,0.261120468378067,0.261120468378067,2.1796929836273193,0.0,0.0,2.0,1,0.0,0.0,0.0,gamma_fixed
livecodebench_0,livecodebench,616,0.19906920194625854,0.19906920194625854,0.979835569858551,0.979835569858551,1.4531192779541016,1.0,1.0,3.0,1,0.25,0.5,0.25,gamma_fixed
livecodebench_0,livecodebench,617,7.471030235290527,7.471030235290527,0.30409058928489685,0.30409058928489685,2.6691014766693115,1.0,1.0,3.0,1,0.25,0.5,0.25,gamma_fixed
livecodebench_0,livecodebench,618,10.300407409667969,10.300407409667969,0.11575840413570404,0.11575840413570404,2.0548930168151855,1.0,4.0,5.0,1,1.0,1.0,1.0,gamma_fixed
livecodebench_0,livecodebench,619,6.0255937576293945,6.0255937576293945,0.3493231534957886,0.3493231534957886,0.4794025421142578,1.0,2.0,4.0,1,0.5,0.6666666666666666,0.5,gamma_fixed
livecodebench_0,livecodebench,620,0.2874700725078583,0.2874700725078583,0.9731900095939636,0.9731900095939636,1.5102605819702148,1.0,1.0,3.0,1,0.25,0.5,0.25,gamma_fixed
livecodebench_0,livecodebench,621,3.6314234733581543,3.6314234733581543,0.49818822741508484,0.49818822741508484,0.00735038798302412,1.0,2.0,3.0,1,0.5,1.0,0.5,gamma_fixed
livecodebench_0,livecodebench,622,4.708083629608154,4.708083629608154,0.22598092257976532,0.22598092257976532,0.18642587959766388,1.0,3.0,4.0,1,0.75,1.0,0.75,gamma_fixed
livecodebench_0,livecodebench,623,0.15503287315368652,0.15503287315368652,0.9889606237411499,0.9889606237411499,1.0606486797332764,1.0,2.0,4.0,1,0.5,0.6666666666666666,0.5,gamma_fixed
livecodebench_0,livecodebench,624,1.8566324710845947,1.8566324710845947,0.715366005897522,0.715366005897522,0.18601475656032562,1.0,4.0,5.0,1,1.0,1.0,1.0,gamma_fixed
livecodebench_0,livecodebench,625,0.3499338626861572,0.3499338626861572,0.9693811535835266,0.9693811535835266,0.9414599537849426,1.0,4.0,5.0,1,1.0,1.0,1.0,gamma_fixed
livecodebench_0,livecodebench,626,2.8555727005004883,2.8555727005004883,0.7158901691436768,0.7158901691436768,0.5399854183197021,1.0,3.0,5.0,1,0.75,0.75,0.75,gamma_fixed
livecodebench_0,livecodebench,627,2.2110471725463867,2.2110471725463867,0.46368277072906494,0.46368277072906494,0.006223432719707489,1.0,4.0,5.0,1,1.0,1.0,1.0,gamma_fixed
livecodebench_0,livecodebench,628,0.0027824470307677984,0.0027824470307677984,0.9998552799224854,0.9998552799224854,0.06045302376151085,1.0,4.0,5.0,1,1.0,1.0,1.0,gamma_fixed
livecodebench_0,livecodebench,629,4.907201290130615,4.907201290130615,0.31961920857429504,0.31961920857429504,0.15176643431186676,1.0,3.0,4.0,1,0.75,1.0,0.75,gamma_fixed
livecodebench_0,livecodebench,630,2.349363327026367,2.349363327026367,0.8081458806991577,0.8081458806991577,1.1339174509048462,1.0,3.0,4.0,1,0.75,1.0,0.75,gamma_fixed
livecodebench_101,livecodebench,0,9.805253982543945,9.805253982543945,0.16102883219718933,0.16102883219718933,2.7936501502990723,0.0,0.0,2.0,1,0.0,0.0,0.0,gamma_fixed
livecodebench_101,livecodebench,1,10.037975311279297,10.037975311279297,0.07894036918878555,0.07894036918878555,0.0010223564459010959,0.0,0.0,2.0,1,0.0,0.0,0.0,gamma_fixed
livecodebench_101,livecodebench,2,4.747297286987305,4.747297286987305,0.5482223629951477,0.5482223629951477,0.12113410234451294,1.0,3.0,4.0,1,0.75,1.0,0.75,gamma_fixed
livecodebench_101,livecodebench,3,9.105674743652344,9.105674743652344,0.12838336825370789,0.12838336825370789,0.014224150218069553,0.0,0.0,2.0,1,0.0,0.0,0.0,gamma_fixed
livecodebench_101,livecodebench,4,8.329416275024414,8.329416275024414,0.24102574586868286,0.24102574586868286,0.16869166493415833,0.0,0.0,2.0,1,0.0,0.0,0.0,gamma_fixed
livecodebench_101,livecodebench,5,6.258891582489014,6.258891582489014,0.3259231150150299,0.3259231150150299,0.7312062978744507,1.0,2.0,3.0,1,0.5,1.0,0.5,gamma_fixed
livecodebench_101,livecodebench,6,4.291653633117676,4.291653633117676,0.3851580321788788,0.3851580321788788,0.00020353308354970068,1.0,1.0,3.0,1,0.25,0.5,0.25,gamma_fixed
livecodebench_101,livecodebench,7,4.049201965332031,4.049201965332031,0.5750935077667236,0.5750935077667236,0.05601189285516739,0.0,0.0,2.0,1,0.0,0.0,0.0,gamma_fixed
livecodebench_101,livecodebench,8,4.686705112457275,4.686705112457275,0.6558160185813904,0.6558160185813904,0.016455477103590965,1.0,3.0,5.0,1,0.75,0.75,0.75,gamma_fixed
livecodebench_101,livecodebench,9,6.724846839904785,6.724846839904785,0.22488020360469818,0.22488020360469818,0.05211430788040161,1.0,1.0,3.0,1,0.25,0.5,0.25,gamma_fixed
livecodebench_101,livecodebench,10,1.2000930309295654,1.2000930309295654,0.899847686290741,0.899847686290741,0.3028469979763031,1.0,2.0,4.0,1,0.5,0.6666666666666666,0.5,gamma_fixed
livecodebench_101,livecodebench,11,0.42459625005722046,0.42459625005722046,0.9754349589347839,0.9754349589347839,1.2493679523468018,0.0,0.0,3.0,1,0.0,0.0,0.0,gamma_fixed
livecodebench_101,livecodebench,12,8.077075004577637,8.077075004577637,0.1972966343164444,0.1972966343164444,1.0927491188049316,0.0,0.0,2.0,1,0.0,0.0,0.0,gamma_fixed
livecodebench_101,livecodebench,13,5.519838333129883,5.519838333129883,0.22247743606567383,0.22247743606567383,0.002672059228643775,0.0,0.0,2.0,1,0.0,0.0,0.0,gamma_fixed
livecodebench_101,livecodebench,14,7.616872787475586,7.616872787475586,0.20696713030338287,0.20696713030338287,2.098069906234741,1.0,2.0,4.0,1,0.5,0.6666666666666666,0.5,gamma_fixed
livecodebench_101,livecodebench,15,0.05253363028168678,0.05253363028168678,0.9968026876449585,0.9968026876449585,0.19481424987316132,1.0,2.0,4.0,1,0.5,0.6666666666666666,0.5,gamma_fixed
livecodebench_101,livecodebench,16,5.436291694641113,5.436291694641113,0.4680044949054718,0.4680044949054718,0.00044790550600737333,1.0,1.0,2.0,1,0.25,1.0,0.25,gamma_fixed
livecodebench_101,livecodebench,17,1.8501396179199219,1.8501396179199219,0.5861498713493347,0.5861498713493347,2.3791839339537546e-05,1.0,2.0,4.0,1,0.5,0.6666666666666666,0.5,gamma_fixed
livecodebench_101,livecodebench,18,7.047485828399658,7.047485828399658,0.4032481610774994,0.4032481610774994,0.06967458128929138,0.0,0.0,2.0,1,0.0,0.0,0.0,gamma_fixed
livecodebench_101,livecodebench,19,1.3777620792388916,1.3777620792388916,0.7108395099639893,0.7108395099639893,0.3384276032447815,1.0,3.0,4.0,1,0.75,1.0,0.75,gamma_fixed
livecodebench_101,livecodebench,20,1.305282473564148,1.305282473564148,0.875095009803772,0.875095009803772,0.2448020577430725,1.0,3.0,4.0,1,0.75,1.0,0.75,gamma_fixed
livecodebench_101,livecodebench,21,2.627455234527588,2.627455234527588,0.45139607787132263,0.45139607787132263,1.6389659643173218,1.0,3.0,4.0,1,0.75,1.0,0.75,gamma_fixed
livecodebench_101,livecodebench,22,2.2335495948791504,2.2335495948791504,0.8093305826187134,0.8093305826187134,1.972914695739746,0.0,0.0,2.0,1,0.0,0.0,0.0,gamma_fixed
livecodebench_101,livecodebench,23,7.0495734214782715,7.0495734214782715,0.3506903648376465,0.3506903648376465,0.40608519315719604,0.0,0.0,2.0,1,0.0,0.0,0.0,gamma_fixed
livecodebench_101,livecodebench,24,7.565892219543457,7.565892219543457,0.3131312429904938,0.3131312429904938,0.41471055150032043,0.0,0.0,2.0,1,0.0,0.0,0.0,gamma_fixed
livecodebench_101,livecodebench,25,2.0619003772735596,2.0619003772735596,0.3950626254081726,0.3950626254081726,2.3918747901916504,1.0,3.0,4.0,1,0.75,1.0,0.75,gamma_fixed
livecodebench_101,livecodebench,26,7.572459697723389,7.572459697723389,0.13800452649593353,0.13800452649593353,0.30088263750076294,0.0,0.0,2.0,1,0.0,0.0,0.0,gamma_fixed
livecodebench_101,livecodebench,27,4.512357234954834,4.512357234954834,0.3486415445804596,0.3486415445804596,0.8615521192550659,1.0,1.0,3.0,1,0.25,0.5,0.25,gamma_fixed
livecodebench_101,livecodebench,28,0.21705864369869232,0.21705864369869232,0.9802543520927429,0.9802543520927429,0.20266684889793396,1.0,2.0,4.0,1,0.5,0.6666666666666666,0.5,gamma_fixed
livecodebench_101,livecodebench,29,6.675731658935547,6.675731658935547,0.22269479930400848,0.22269479930400848,0.0009748548618517816,0.0,0.0,2.0,1,0.0,0.0,0.0,gamma_fixed
livecodebench_101,livecodebench,30,3.3965141773223877,3.3965141773223877,0.5500994324684143,0.5500994324684143,1.7824196815490723,1.0,1.0,2.0,1,0.25,1.0,0.25,gamma_fixed
livecodebench_101,livecodebench,31,0.3661705255508423,0.3661705255508423,0.9537990689277649,0.9537990689277649,0.6162139177322388,1.0,2.0,4.0,1,0.5,0.6666666666666666,0.5,gamma_fixed
livecodebench_101,livecodebench,32,5.704312324523926,5.704312324523926,0.25858286023139954,0.25858286023139954,0.026017380878329277,0.0,0.0,2.0,1,0.0,0.0,0.0,gamma_fixed
livecodebench_101,livecodebench,33,5.554299354553223,5.554299354553223,0.4902251064777374,0.4902251064777374,1.2992572784423828,1.0,4.0,5.0,1,1.0,1.0,1.0,gamma_fixed
livecodebench_101,livecodebench,34,5.693943023681641,5.693943023681641,0.24601967632770538,0.24601967632770538,0.01576841250061989,0.0,0.0,2.0,1,0.0,0.0,0.0,gamma_fixed
livecodebench_101,livecodebench,35,5.2749786376953125,5.2749786376953125,0.5105006694793701,0.5105006694793701,0.8791501522064209,1.0,1.0,3.0,1,0.25,0.5,0.25,gamma_fixed
livecodebench_101,livecodebench,36,0.006008487194776535,0.006008487194776535,0.999639093875885,0.999639093875885,3.2527568340301514,1.0,4.0,5.0,1,1.0,1.0,1.0,gamma_fixed
livecodebench_101,livecodebench,37,3.89845609664917,3.89845609664917,0.3948698043823242,0.3948698043823242,1.510406732559204,1.0,1.0,3.0,1,0.25,0.5,0.25,gamma_fixed
livecodebench_101,livecodebench,38,3.154799461364746,3.154799461364746,0.3989395797252655,0.3989395797252655,0.4233725368976593,1.0,2.0,3.0,1,0.5,1.0,0.5,gamma_fixed
livecodebench_101,livecodebench,39,7.365970611572266,7.365970611572266,0.18016770482063293,0.18016770482063293,5.004155536880717e-05,0.0,0.0,2.0,1,0.0,0.0,0.0,gamma_fixed
livecodebench_101,livecodebench,40,10.765327453613281,10.765327453613281,0.06621529906988144,0.06621529906988144,0.00010867453966056928,0.0,0.0,2.0,1,0.0,0.0,0.0,gamma_fixed
livecodebench_101,livecodebench,41,0.8835470080375671,0.8835470080375671,0.9224247336387634,0.9224247336387634,1.1104435920715332,1.0,1.0,3.0,1,0.25,0.5,0.25,gamma_fixed
livecodebench_101,livecodebench,42,8.570135116577148,8.570135116577148,0.11896734684705734,0.11896734684705734,1.2593238353729248,1.0,1.0,4.0,1,0.25,0.3333333333333333,0.25,gamma_fixed
livecodebench_101,livecodebench,43,2.8361189365386963,2.8361189365386963,0.7555771470069885,0.7555771470069885,0.21213339269161224,0.0,0.0,2.0,1,0.0,0.0,0.0,gamma_fixed
livecodebench_101,livecodebench,44,5.933429718017578,5.933429718017578,0.3853461444377899,0.3853461444377899,0.2482067048549652,1.0,2.0,3.0,1,0.5,1.0,0.5,gamma_fixed
livecodebench_101,livecodebench,45,3.8557145595550537,3.8557145595550537,0.3503480553627014,0.3503480553627014,0.1788558065891266,1.0,2.0,3.0,1,0.5,1.0,0.5,gamma_fixed
livecodebench_101,livecodebench,46,5.518495559692383,5.518495559692383,0.4358023703098297,0.4358023703098297,0.9984314441680908,0.0,0.0,2.0,1,0.0,0.0,0.0,gamma_fixed
livecodebench_101,livecodebench,47,4.404697895050049,4.404697895050049,0.30647557973861694,0.30647557973861694,0.008631478063762188,0.0,0.0,2.0,1,0.0,0.0,0.0,gamma_fixed
livecodebench_101,livecodebench,48,1.8845953941345215,1.8845953941345215,0.5781906843185425,0.5781906843185425,1.383912205696106,1.0,3.0,4.0,1,0.75,1.0,0.75,gamma_fixed
livecodebench_101,livecodebench,49,7.705187797546387,7.705187797546387,0.20079541206359863,0.20079541206359863,1.9390623569488525,0.0,0.0,2.0,1,0.0,0.0,0.0,gamma_fixed
livecodebench_101,livecodebench,50,9.428384780883789,9.428384780883789,0.05958731845021248,0.05958731845021248,0.1709301471710205,0.0,0.0,2.0,1,0.0,0.0,0.0,gamma_fixed
livecodebench_101,livecodebench,51,0.14768537878990173,0.14768537878990173,0.9877164363861084,0.9877164363861084,1.4216845035552979,1.0,2.0,4.0,1,0.5,0.6666666666666666,0.5,gamma_fixed
livecodebench_101,livecodebench,52,5.3052568435668945,5.3052568435668945,0.36680325865745544,0.36680325865745544,1.1832853555679321,1.0,1.0,3.0,1,0.25,0.5,0.25,gamma_fixed
livecodebench_101,livecodebench,53,2.2672934532165527,2.2672934532165527,0.7583491802215576,0.7583491802215576,0.11865630745887756,1.0,1.0,2.0,1,0.25,1.0,0.25,gamma_fixed
livecodebench_101,livecodebench,54,0.34065815806388855,0.34065815806388855,0.9766561388969421,0.9766561388969421,1.6752389669418335,1.0,2.0,3.0,1,0.5,1.0,0.5,gamma_fixed
livecodebench_101,livecodebench,55,5.824986934661865,5.824986934661865,0.4598497450351715,0.4598497450351715,1.0978314876556396,0.0,0.0,2.0,1,0.0,0.0,0.0,gamma_fixed
livecodebench_101,livecodebench,56,5.314863204956055,5.314863204956055,0.2915855348110199,0.2915855348110199,1.2593311071395874,0.0,0.0,2.0,1,0.0,0.0,0.0,gamma_fixed
livecodebench_101,livecodebench,57,11.089398384094238,11.089398384094238,0.07048582285642624,0.07048582285642624,0.1539703607559204,0.0,0.0,2.0,1,0.0,0.0,0.0,gamma_fixed
livecodebench_101,livecodebench,58,11.231019973754883,11.231019973754883,0.036212194710969925,0.036212194710969925,0.30523258447647095,0.0,0.0,2.0,1,0.0,0.0,0.0,gamma_fixed
livecodebench_101,livecodebench,59,5.847242832183838,5.847242832183838,0.25757476687431335,0.25757476687431335,0.31415459513664246,1.0,1.0,3.0,1,0.25,0.5,0.25,gamma_fixed
livecodebench_101,livecodebench,60,7.162738800048828,7.162738800048828,0.1666278839111328,0.1666278839111328,0.2314782440662384,0.0,0.0,2.0,1,0.0,0.0,0.0,gamma_fixed
livecodebench_101,livecodebench,61,9.798600196838379,9.798600196838379,0.07847918570041656,0.07847918570041656,0.5435121059417725,0.0,0.0,2.0,1,0.0,0.0,0.0,gamma_fixed
livecodebench_101,livecodebench,62,6.2127180099487305,6.2127180099487305,0.39448437094688416,0.39448437094688416,0.0026325006037950516,1.0,1.0,2.0,1,0.25,1.0,0.25,gamma_fixed
livecodebench_101,livecodebench,63,1.4922699928283691,1.4922699928283691,0.9102325439453125,0.9102325439453125,0.002662050072103739,1.0,1.0,3.0,1,0.25,0.5,0.25,gamma_fixed
livecodebench_101,livecodebench,64,5.967229843139648,5.967229843139648,0.3177519142627716,0.3177519142627716,0.5547506809234619,0.0,0.0,2.0,1,0.0,0.0,0.0,gamma_fixed
livecodebench_101,livecodebench,65,6.92329740524292,6.92329740524292,0.19499807059764862,0.19499807059764862,3.054009199142456,1.0,1.0,2.0,1,0.25,1.0,0.25,gamma_fixed
livecodebench_101,livecodebench,66,5.447500705718994,5.447500705718994,0.3288002908229828,0.3288002908229828,1.4253334999084473,1.0,1.0,4.0,1,0.25,0.3333333333333333,0.25,gamma_fixed
livecodebench_101,livecodebench,67,5.022019386291504,5.022019386291504,0.23452448844909668,0.23452448844909668,1.1441253423690796,0.0,0.0,2.0,1,0.0,0.0,0.0,gamma_fixed
livecodebench_101,livecodebench,68,8.018817901611328,8.018817901611328,0.1736043244600296,0.1736043244600296,0.6588867902755737,1.0,1.0,3.0,1,0.25,0.5,0.25,gamma_fixed
livecodebench_101,livecodebench,69,6.1900315284729,6.1900315284729,0.21208222210407257,0.21208222210407257,2.3590075969696045,1.0,1.0,3.0,1,0.25,0.5,0.25,gamma_fixed
livecodebench_101,livecodebench,70,3.3262758255004883,3.3262758255004883,0.463230162858963,0.463230162858963,1.0455751419067383,1.0,2.0,3.0,1,0.5,1.0,0.5,gamma_fixed
livecodebench_101,livecodebench,71,3.97503399848938,3.97503399848938,0.49214377999305725,0.49214377999305725,1.8141112327575684,0.0,0.0,2.0,1,0.0,0.0,0.0,gamma_fixed
livecodebench_101,livecodebench,72,5.889093399047852,5.889093399047852,0.2865048050880432,0.2865048050880432,0.7138246297836304,1.0,2.0,3.0,1,0.5,1.0,0.5,gamma_fixed
livecodebench_101,livecodebench,73,2.4227848052978516,2.4227848052978516,0.7833774089813232,0.7833774089813232,0.007065393961966038,1.0,1.0,3.0,1,0.25,0.5,0.25,gamma_fixed
livecodebench_101,livecodebench,74,9.075844764709473,9.075844764709473,0.17651048302650452,0.17651048302650452,0.9862609505653381,0.0,0.0,2.0,1,0.0,0.0,0.0,gamma_fixed
livecodebench_101,livecodebench,75,5.655458927154541,5.655458927154541,0.27660733461380005,0.27660733461380005,1.451561689376831,1.0,1.0,3.0,1,0.25,0.5,0.25,gamma_fixed
livecodebench_101,livecodebench,76,1.7861108779907227,1.7861108779907227,0.5025861263275146,0.5025861263275146,0.04399099946022034,1.0,2.0,4.0,1,0.5,0.6666666666666666,0.5,gamma_fixed
livecodebench_101,livecodebench,77,0.620315670967102,0.620315670967102,0.9290921688079834,0.9290921688079834,0.0010233622742816806,0.0,0.0,2.0,1,0.0,0.0,0.0,gamma_fixed
livecodebench_101,livecodebench,78,5.294879913330078,5.294879913330078,0.4040365219116211,0.4040365219116211,0.10737307369709015,1.0,1.0,2.0,1,0.25,1.0,0.25,gamma_fixed
livecodebench_101,livecodebench,79,4.347506523132324,4.347506523132324,0.1974894106388092,0.1974894106388092,1.8776419162750244,1.0,2.0,3.0,1,0.5,1.0,0.5,gamma_fixed
livecodebench_101,livecodebench,80,10.239269256591797,10.239269256591797,0.03227075934410095,0.03227075934410095,0.20315170288085938,0.0,0.0,2.0,1,0.0,0.0,0.0,gamma_fixed
livecodebench_101,livecodebench,81,7.395741939544678,7.395741939544678,0.22247743606567383,0.22247743606567383,0.6822826862335205,1.0,1.0,2.0,1,0.25,1.0,0.25,gamma_fixed
livecodebench_101,livecodebench,82,4.823607444763184,4.823607444763184,0.17547927796840668,0.17547927796840668,2.8598036766052246,1.0,1.0,3.0,1,0.25,0.5,0.25,gamma_fixed
livecodebench_101,livecodebench,83,2.7567901611328125,2.7567901611328125,0.32433557510375977,0.32433557510375977,0.7940699458122253,1.0,1.0,3.0,1,0.25,0.5,0.25,gamma_fixed
livecodebench_101,livecodebench,84,5.7649054527282715,5.7649054527282715,0.28566664457321167,0.28566664457321167,2.0735790729522705,0.0,0.0,2.0,1,0.0,0.0,0.0,gamma_fixed
livecodebench_101,livecodebench,85,10.876075744628906,10.876075744628906,0.04063501954078674,0.04063501954078674,1.225528597831726,0.0,0.0,2.0,1,0.0,0.0,0.0,gamma_fixed
livecodebench_101,livecodebench,86,4.419615745544434,4.419615745544434,0.3304097056388855,0.3304097056388855,1.2323869466781616,0.0,0.0,2.0,1,0.0,0.0,0.0,gamma_fixed
livecodebench_101,livecodebench,87,3.310192346572876,3.310192346572876,0.554413914680481,0.554413914680481,0.40694355964660645,1.0,2.0,4.0,1,0.5,0.6666666666666666,0.5,gamma_fixed
livecodebench_101,livecodebench,88,7.280528545379639,7.280528545379639,0.3227557837963104,0.3227557837963104,1.673753261566162,0.0,0.0,2.0,1,0.0,0.0,0.0,gamma_fixed
livecodebench_101,livecodebench,89,5.209336280822754,5.209336280822754,0.5804536938667297,0.5804536938667297,2.096529960632324,0.0,0.0,2.0,1,0.0,0.0,0.0,gamma_fixed
livecodebench_101,livecodebench,90,10.349982261657715,10.349982261657715,0.07636234164237976,0.07636234164237976,1.1727176904678345,0.0,0.0,2.0,1,0.0,0.0,0.0,gamma_fixed
livecodebench_101,livecodebench,91,1.7614078521728516,1.7614078521728516,0.8683909177780151,0.8683909177780151,0.1536361277103424,1.0,2.0,3.0,1,0.5,1.0,0.5,gamma_fixed
livecodebench_101,livecodebench,92,6.822632789611816,6.822632789611816,0.2834435701370239,0.2834435701370239,0.0015389607287943363,0.0,0.0,2.0,1,0.0,0.0,0.0,gamma_fixed
livecodebench_101,livecodebench,93,3.9437239170074463,3.9437239170074463,0.46937763690948486,0.46937763690948486,0.0831715390086174,1.0,1.0,2.0,1,0.25,1.0,0.25,gamma_fixed
livecodebench_101,livecodebench,94,6.206047058105469,6.206047058105469,0.14719226956367493,0.14719226956367493,0.43007394671440125,1.0,2.0,4.0,1,0.5,0.6666666666666666,0.5,gamma_fixed
livecodebench_101,livecodebench,95,3.398355007171631,3.398355007171631,0.24916288256645203,0.24916288256645203,0.6819540858268738,0.0,0.0,2.0,1,0.0,0.0,0.0,gamma_fixed
livecodebench_101,livecodebench,96,1.8398659229278564,1.8398659229278564,0.6791163086891174,0.6791163086891174,1.6001412868499756,0.0,0.0,2.0,1,0.0,0.0,0.0,gamma_fixed
livecodebench_101,livecodebench,97,1.9974230527877808,1.9974230527877808,0.6999897956848145,0.6999897956848145,1.8004751205444336,1.0,1.0,4.0,1,0.25,0.3333333333333333,0.25,gamma_fixed
livecodebench_101,livecodebench,98,0.16571204364299774,0.16571204364299774,0.9859020113945007,0.9859020113945007,1.1033360958099365,1.0,2.0,4.0,1,0.5,0.6666666666666666,0.5,gamma_fixed
livecodebench_101,livecodebench,99,3.566488742828369,3.566488742828369,0.33990076184272766,0.33990076184272766,2.0768609046936035,0.0,0.0,3.0,1,0.0,0.0,0.0,gamma_fixed
livecodebench_101,livecodebench,100,8.552009582519531,8.552009582519531,0.1291378289461136,0.1291378289461136,2.146007537841797,0.0,0.0,2.0,1,0.0,0.0,0.0,gamma_fixed
livecodebench_101,livecodebench,101,5.119768142700195,5.119768142700195,0.4461371600627899,0.4461371600627899,2.178443193435669,1.0,1.0,2.0,1,0.25,1.0,0.25,gamma_fixed
livecodebench_101,livecodebench,102,3.2194130420684814,3.2194130420684814,0.4474461078643799,0.4474461078643799,0.7367262840270996,1.0,1.0,3.0,1,0.25,0.5,0.25,gamma_fixed
livecodebench_101,livecodebench,103,4.878940582275391,4.878940582275391,0.44766464829444885,0.44766464829444885,0.034231219440698624,1.0,1.0,2.0,1,0.25,1.0,0.25,gamma_fixed
livecodebench_101,livecodebench,104,9.655852317810059,9.655852317810059,0.08192483335733414,0.08192483335733414,2.1146240234375,0.0,0.0,2.0,1,0.0,0.0,0.0,gamma_fixed
livecodebench_101,livecodebench,105,3.9898810386657715,3.9898810386657715,0.2950226366519928,0.2950226366519928,1.0087594985961914,1.0,1.0,3.0,1,0.25,0.5,0.25,gamma_fixed
livecodebench_101,livecodebench,106,5.629192352294922,5.629192352294922,0.3950626254081726,0.3950626254081726,1.8164751529693604,0.0,0.0,2.0,1,0.0,0.0,0.0,gamma_fixed
livecodebench_101,livecodebench,107,10.301620483398438,10.301620483398438,0.057641319930553436,0.057641319930553436,1.690545916557312,0.0,0.0,2.0,1,0.0,0.0,0.0,gamma_fixed
livecodebench_101,livecodebench,108,9.833501815795898,9.833501815795898,0.14878195524215698,0.14878195524215698,0.13530665636062622,0.0,0.0,2.0,1,0.0,0.0,0.0,gamma_fixed
livecodebench_101,livecodebench,109,10.304374694824219,10.304374694824219,0.0797150507569313,0.0797150507569313,0.7047520875930786,0.0,0.0,2.0,1,0.0,0.0,0.0,gamma_fixed
livecodebench_101,livecodebench,110,10.604327201843262,10.604327201843262,0.08289053291082382,0.08289053291082382,0.00031176768243312836,0.0,0.0,2.0,1,0.0,0.0,0.0,gamma_fixed
livecodebench_101,livecodebench,111,11.51455307006836,11.51455307006836,0.053832657635211945,0.053832657635211945,0.00042996741831302643,1.0,1.0,2.0,1,0.25,1.0,0.25,gamma_fixed
livecodebench_101,livecodebench,112,3.204787254333496,3.204787254333496,0.6871215105056763,0.6871215105056763,0.0005866211140528321,1.0,1.0,3.0,1,0.25,0.5,0.25,gamma_fixed
livecodebench_101,livecodebench,113,3.1482856273651123,3.1482856273651123,0.5514441132545471,0.5514441132545471,0.7784346342086792,1.0,2.0,4.0,1,0.5,0.6666666666666666,0.5,gamma_fixed
livecodebench_101,livecodebench,114,4.428502559661865,4.428502559661865,0.25557029247283936,0.25557029247283936,0.30692702531814575,1.0,1.0,3.0,1,0.25,0.5,0.25,gamma_fixed
livecodebench_101,livecodebench,115,6.077469825744629,6.077469825744629,0.21437272429466248,0.21437272429466248,0.01652143895626068,1.0,1.0,3.0,1,0.25,0.5,0.25,gamma_fixed
livecodebench_101,livecodebench,116,2.545012950897217,2.545012950897217,0.7870197296142578,0.7870197296142578,0.52802973985672,1.0,1.0,3.0,1,0.25,0.5,0.25,gamma_fixed
livecodebench_101,livecodebench,117,0.08617116510868073,0.08617116510868073,0.9934829473495483,0.9934829473495483,1.193739414215088,1.0,2.0,4.0,1,0.5,0.6666666666666666,0.5,gamma_fixed
livecodebench_101,livecodebench,118,5.768301486968994,5.768301486968994,0.44223320484161377,0.44223320484161377,0.9312946796417236,1.0,1.0,3.0,1,0.25,0.5,0.25,gamma_fixed
livecodebench_101,livecodebench,119,4.590165138244629,4.590165138244629,0.33267608284950256,0.33267608284950256,0.4075666666030884,1.0,4.0,5.0,1,1.0,1.0,1.0,gamma_fixed
livecodebench_101,livecodebench,120,1.7569894790649414,1.7569894790649414,0.7897143363952637,0.7897143363952637,0.001578890485689044,1.0,1.0,2.0,1,0.25,1.0,0.25,gamma_fixed
livecodebench_101,livecodebench,121,5.120316028594971,5.120316028594971,0.4616495370864868,0.4616495370864868,0.002373513299971819,0.0,0.0,2.0,1,0.0,0.0,0.0,gamma_fixed
livecodebench_101,livecodebench,122,1.8541486263275146,1.8541486263275146,0.7058244943618774,0.7058244943618774,0.0008375743054784834,1.0,2.0,4.0,1,0.5,0.6666666666666666,0.5,gamma_fixed
livecodebench_101,livecodebench,123,6.114943027496338,6.114943027496338,0.4897466003894806,0.4897466003894806,1.0243735313415527,1.0,1.0,3.0,1,0.25,0.5,0.25,gamma_fixed
livecodebench_101,livecodebench,124,3.450892686843872,3.450892686843872,0.3956417739391327,0.3956417739391327,0.964228630065918,1.0,1.0,3.0,1,0.25,0.5,0.25,gamma_fixed
livecodebench_101,livecodebench,125,7.75681209564209,7.75681209564209,0.21774861216545105,0.21774861216545105,0.48600277304649353,0.0,0.0,2.0,1,0.0,0.0,0.0,gamma_fixed
livecodebench_101,livecodebench,126,4.333353042602539,4.333353042602539,0.224222332239151,0.224222332239151,0.997875988483429,0.0,0.0,2.0,1,0.0,0.0,0.0,gamma_fixed
livecodebench_101,livecodebench,127,6.015513896942139,6.015513896942139,0.14936427772045135,0.14936427772045135,0.8460859060287476,1.0,1.0,3.0,1,0.25,0.5,0.25,gamma_fixed
livecodebench_101,livecodebench,128,1.9847499132156372,1.9847499132156372,0.7531828284263611,0.7531828284263611,1.3386149406433105,1.0,2.0,4.0,1,0.5,0.6666666666666666,0.5,gamma_fixed
livecodebench_101,livecodebench,129,10.347480773925781,10.347480773925781,0.13297712802886963,0.13297712802886963,2.2615280151367188,0.0,0.0,2.0,1,0.0,0.0,0.0,gamma_fixed
livecodebench_101,livecodebench,130,9.512979507446289,9.512979507446289,0.09429490566253662,0.09429490566253662,0.00016608150326646864,0.0,0.0,2.0,1,0.0,0.0,0.0,gamma_fixed
livecodebench_101,livecodebench,131,9.597696304321289,9.597696304321289,0.12763333320617676,0.12763333320617676,0.005147401709109545,1.0,2.0,3.0,1,0.5,1.0,0.5,gamma_fixed
livecodebench_101,livecodebench,132,0.8077303171157837,0.8077303171157837,0.9449047446250916,0.9449047446250916,0.0005087452591396868,1.0,2.0,3.0,1,0.5,1.0,0.5,gamma_fixed
livecodebench_101,livecodebench,133,12.186430931091309,12.186430931091309,0.045865997672080994,0.045865997672080994,0.005690468475222588,0.0,0.0,2.0,1,0.0,0.0,0.0,gamma_fixed
livecodebench_101,livecodebench,134,7.846133232116699,7.846133232116699,0.18771103024482727,0.18771103024482727,0.00017841329099610448,0.0,0.0,2.0,1,0.0,0.0,0.0,gamma_fixed
livecodebench_101,livecodebench,135,0.9222495555877686,0.9222495555877686,0.8930630087852478,0.8930630087852478,0.10190864652395248,1.0,3.0,5.0,1,0.75,0.75,0.75,gamma_fixed
livecodebench_101,livecodebench,136,6.9542107582092285,6.9542107582092285,0.28959909081459045,0.28959909081459045,0.0344284363090992,0.0,0.0,2.0,1,0.0,0.0,0.0,gamma_fixed
livecodebench_101,livecodebench,137,5.979105472564697,5.979105472564697,0.49382880330085754,0.49382880330085754,0.6368342638015747,1.0,1.0,2.0,1,0.25,1.0,0.25,gamma_fixed
livecodebench_101,livecodebench,138,10.921869277954102,10.921869277954102,0.04039762169122696,0.04039762169122696,0.3347346782684326,1.0,1.0,3.0,1,0.25,0.5,0.25,gamma_fixed
livecodebench_101,livecodebench,139,7.559730529785156,7.559730529785156,0.16646525263786316,0.16646525263786316,0.6946950554847717,0.0,0.0,2.0,1,0.0,0.0,0.0,gamma_fixed
livecodebench_101,livecodebench,140,10.62496566772461,10.62496566772461,0.06455521285533905,0.06455521285533905,0.0257448498159647,0.0,0.0,2.0,1,0.0,0.0,0.0,gamma_fixed
livecodebench_101,livecodebench,141,11.136436462402344,11.136436462402344,0.057304564863443375,0.057304564863443375,1.8276102542877197,0.0,0.0,2.0,1,0.0,0.0,0.0,gamma_fixed
livecodebench_101,livecodebench,142,9.670416831970215,9.670416831970215,0.11329793184995651,0.11329793184995651,0.6239508986473083,0.0,0.0,2.0,1,0.0,0.0,0.0,gamma_fixed
livecodebench_101,livecodebench,143,10.579705238342285,10.579705238342285,0.05414900928735733,0.05414900928735733,0.00653214892372489,0.0,0.0,2.0,1,0.0,0.0,0.0,gamma_fixed
livecodebench_101,livecodebench,144,6.736173152923584,6.736173152923584,0.18771103024482727,0.18771103024482727,0.1824686974287033,0.0,0.0,2.0,1,0.0,0.0,0.0,gamma_fixed
livecodebench_101,livecodebench,145,8.629497528076172,8.629497528076172,0.2593415379524231,0.2593415379524231,0.0005545689491555095,0.0,0.0,2.0,1,0.0,0.0,0.0,gamma_fixed
livecodebench_101,livecodebench,146,8.824581146240234,8.824581146240234,0.16859205067157745,0.16859205067157745,0.22800834476947784,0.0,0.0,2.0,1,0.0,0.0,0.0,gamma_fixed
livecodebench_101,livecodebench,147,7.147229194641113,7.147229194641113,0.2530866265296936,0.2530866265296936,0.0018185345688834786,0.0,0.0,2.0,1,0.0,0.0,0.0,gamma_fixed
livecodebench_101,livecodebench,148,0.13637542724609375,0.13637542724609375,0.9882591366767883,0.9882591366767883,0.2557300627231598,1.0,4.0,5.0,1,1.0,1.0,1.0,gamma_fixed
livecodebench_101,livecodebench,149,7.761449813842773,7.761449813842773,0.30587759613990784,0.30587759613990784,0.8217291235923767,0.0,0.0,2.0,1,0.0,0.0,0.0,gamma_fixed
livecodebench_101,livecodebench,150,1.7712328433990479,1.7712328433990479,0.8160765171051025,0.8160765171051025,2.6089985370635986,1.0,1.0,2.0,1,0.25,1.0,0.25,gamma_fixed
livecodebench_101,livecodebench,151,1.9755523204803467,1.9755523204803467,0.4675477147102356,0.4675477147102356,0.5011529326438904,1.0,1.0,3.0,1,0.25,0.5,0.25,gamma_fixed
livecodebench_101,livecodebench,152,3.498518466949463,3.498518466949463,0.31343722343444824,0.31343722343444824,0.1423051655292511,0.0,0.0,2.0,1,0.0,0.0,0.0,gamma_fixed
livecodebench_101,livecodebench,153,5.9242730140686035,5.9242730140686035,0.5290254354476929,0.5290254354476929,1.3914258480072021,0.0,0.0,2.0,1,0.0,0.0,0.0,gamma_fixed
livecodebench_101,livecodebench,154,8.947282791137695,8.947282791137695,0.10853276401758194,0.10853276401758194,0.11953031271696091,0.0,0.0,2.0,1,0.0,0.0,0.0,gamma_fixed
livecodebench_101,livecodebench,155,4.627875328063965,4.627875328063965,0.39409932494163513,0.39409932494163513,0.9331161379814148,0.0,0.0,2.0,1,0.0,0.0,0.0,gamma_fixed
livecodebench_101,livecodebench,156,3.4698150157928467,3.4698150157928467,0.5764992833137512,0.5764992833137512,1.049825668334961,1.0,3.0,4.0,1,0.75,1.0,0.75,gamma_fixed
livecodebench_101,livecodebench,157,7.7541022300720215,7.7541022300720215,0.11485756188631058,0.11485756188631058,2.8873801231384277,1.0,1.0,3.0,1,0.25,0.5,0.25,gamma_fixed
livecodebench_101,livecodebench,158,2.4094183444976807,2.4094183444976807,0.4383634328842163,0.4383634328842163,1.5544848442077637,1.0,2.0,3.0,1,0.5,1.0,0.5,gamma_fixed
livecodebench_101,livecodebench,159,7.755935192108154,7.755935192108154,0.1806963086128235,0.1806963086128235,0.00024721852969378233,0.0,0.0,2.0,1,0.0,0.0,0.0,gamma_fixed
livecodebench_101,livecodebench,160,3.1859536170959473,3.1859536170959473,0.40979844331741333,0.40979844331741333,0.19889138638973236,0.0,0.0,2.0,1,0.0,0.0,0.0,gamma_fixed
livecodebench_101,livecodebench,161,5.698614597320557,5.698614597320557,0.37586861848831177,0.37586861848831177,1.73171067237854,1.0,2.0,3.0,1,0.5,1.0,0.5,gamma_fixed
livecodebench_101,livecodebench,162,8.6956787109375,8.6956787109375,0.12838336825370789,0.12838336825370789,1.4359134435653687,0.0,0.0,2.0,1,0.0,0.0,0.0,gamma_fixed
livecodebench_101,livecodebench,163,10.400524139404297,10.400524139404297,0.05775400996208191,0.05775400996208191,2.1085448265075684,0.0,0.0,2.0,1,0.0,0.0,0.0,gamma_fixed
livecodebench_101,livecodebench,164,8.603271484375,8.603271484375,0.08720852434635162,0.08720852434635162,0.1278345286846161,0.0,0.0,2.0,1,0.0,0.0,0.0,gamma_fixed
livecodebench_101,livecodebench,165,6.467119216918945,6.467119216918945,0.17685556411743164,0.17685556411743164,2.9606919288635254,1.0,1.0,3.0,1,0.25,0.5,0.25,gamma_fixed
livecodebench_101,livecodebench,166,2.988502025604248,2.988502025604248,0.4765365421772003,0.4765365421772003,0.29991182684898376,1.0,2.0,5.0,1,0.5,0.5,0.5,gamma_fixed
livecodebench_101,livecodebench,167,3.2167201042175293,3.2167201042175293,0.6764686703681946,0.6764686703681946,1.635679841041565,1.0,1.0,3.0,1,0.25,0.5,0.25,gamma_fixed
livecodebench_101,livecodebench,168,4.625985145568848,4.625985145568848,0.20757435262203217,0.20757435262203217,0.028083201497793198,1.0,2.0,3.0,1,0.5,1.0,0.5,gamma_fixed
livecodebench_101,livecodebench,169,6.025969505310059,6.025969505310059,0.26575106382369995,0.26575106382369995,4.237051010131836,0.0,0.0,2.0,1,0.0,0.0,0.0,gamma_fixed
livecodebench_101,livecodebench,170,5.719003677368164,5.719003677368164,0.35171931982040405,0.35171931982040405,2.627018451690674,0.0,0.0,2.0,1,0.0,0.0,0.0,gamma_fixed
livecodebench_101,livecodebench,171,5.638542175292969,5.638542175292969,0.29879194498062134,0.29879194498062134,2.020723342895508,1.0,1.0,3.0,1,0.25,0.5,0.25,gamma_fixed
livecodebench_101,livecodebench,172,3.1977086067199707,3.1977086067199707,0.41992640495300293,0.41992640495300293,0.1797684282064438,1.0,2.0,4.0,1,0.5,0.6666666666666666,0.5,gamma_fixed
livecodebench_101,livecodebench,173,5.811771869659424,5.811771869659424,0.37605220079421997,0.37605220079421997,0.5167240500450134,0.0,0.0,2.0,1,0.0,0.0,0.0,gamma_fixed
livecodebench_101,livecodebench,174,7.465508460998535,7.465508460998535,0.29850029945373535,0.29850029945373535,1.7940387725830078,0.0,0.0,2.0,1,0.0,0.0,0.0,gamma_fixed
livecodebench_101,livecodebench,175,6.0809431076049805,6.0809431076049805,0.22797586023807526,0.22797586023807526,2.2645561695098877,0.0,0.0,2.0,1,0.0,0.0,0.0,gamma_fixed
livecodebench_101,livecodebench,176,2.1384220123291016,2.1384220123291016,0.7489653825759888,0.7489653825759888,2.287494659423828,1.0,1.0,3.0,1,0.25,0.5,0.25,gamma_fixed
livecodebench_101,livecodebench,177,5.271194934844971,5.271194934844971,0.2494063377380371,0.2494063377380371,2.541677474975586,0.0,0.0,2.0,1,0.0,0.0,0.0,gamma_fixed
livecodebench_101,livecodebench,178,8.316869735717773,8.316869735717773,0.17008033394813538,0.17008033394813538,0.3644283711910248,0.0,0.0,2.0,1,0.0,0.0,0.0,gamma_fixed
livecodebench_101,livecodebench,179,4.029934883117676,4.029934883117676,0.4424491822719574,0.4424491822719574,1.1829862594604492,0.0,0.0,2.0,1,0.0,0.0,0.0,gamma_fixed
livecodebench_101,livecodebench,180,5.820727348327637,5.820727348327637,0.24794922769069672,0.24794922769069672,0.9842517971992493,1.0,1.0,4.0,1,0.25,0.3333333333333333,0.25,gamma_fixed
livecodebench_101,livecodebench,181,2.5034754276275635,2.5034754276275635,0.6084586977958679,0.6084586977958679,1.5641483068466187,1.0,1.0,3.0,1,0.25,0.5,0.25,gamma_fixed
livecodebench_101,livecodebench,182,4.377826690673828,4.377826690673828,0.48926857113838196,0.48926857113838196,1.313765048980713,1.0,1.0,3.0,1,0.25,0.5,0.25,gamma_fixed
livecodebench_101,livecodebench,183,6.453617572784424,6.453617572784424,0.17616607248783112,0.17616607248783112,1.4208295345306396,1.0,1.0,3.0,1,0.25,0.5,0.25,gamma_fixed
livecodebench_101,livecodebench,184,2.866689920425415,2.866689920425415,0.4162518084049225,0.4162518084049225,0.31339728832244873,1.0,2.0,4.0,1,0.5,0.6666666666666666,0.5,gamma_fixed
livecodebench_101,livecodebench,185,0.9199010133743286,0.9199010133743286,0.910121500492096,0.910121500492096,2.682326555252075,1.0,2.0,3.0,1,0.5,1.0,0.5,gamma_fixed
livecodebench_101,livecodebench,186,1.098252534866333,1.098252534866333,0.850244402885437,0.850244402885437,1.6940457820892334,1.0,2.0,3.0,1,0.5,1.0,0.5,gamma_fixed
livecodebench_101,livecodebench,187,3.9852094650268555,3.9852094650268555,0.5030771493911743,0.5030771493911743,0.8669748306274414,0.0,0.0,2.0,1,0.0,0.0,0.0,gamma_fixed
livecodebench_101,livecodebench,188,3.5836899280548096,3.5836899280548096,0.6519845724105835,0.6519845724105835,1.230202555656433,1.0,1.0,2.0,1,0.25,1.0,0.25,gamma_fixed
livecodebench_101,livecodebench,189,1.1071040630340576,1.1071040630340576,0.893717348575592,0.893717348575592,0.00023408250126522034,1.0,1.0,3.0,1,0.25,0.5,0.25,gamma_fixed
livecodebench_101,livecodebench,190,0.4381502866744995,0.4381502866744995,0.9687601327896118,0.9687601327896118,0.001387984724715352,1.0,1.0,3.0,1,0.25,0.5,0.25,gamma_fixed
livecodebench_101,livecodebench,191,0.2773754894733429,0.2773754894733429,0.9781625270843506,0.9781625270843506,0.6564998030662537,1.0,3.0,4.0,1,0.75,1.0,0.75,gamma_fixed
livecodebench_101,livecodebench,192,6.920985221862793,6.920985221862793,0.17191721498966217,0.17191721498966217,2.421617031097412,1.0,1.0,3.0,1,0.25,0.5,0.25,gamma_fixed
livecodebench_101,livecodebench,193,5.114593982696533,5.114593982696533,0.47167515754699707,0.47167515754699707,0.7221852540969849,1.0,4.0,5.0,1,1.0,1.0,1.0,gamma_fixed
livecodebench_101,livecodebench,194,6.967751502990723,6.967751502990723,0.27125728130340576,0.27125728130340576,1.7044349908828735,1.0,1.0,3.0,1,0.25,0.5,0.25,gamma_fixed
livecodebench_101,livecodebench,195,3.840597152709961,3.840597152709961,0.4383634328842163,0.4383634328842163,3.0453810691833496,0.0,0.0,2.0,1,0.0,0.0,0.0,gamma_fixed
livecodebench_101,livecodebench,196,3.63543701171875,3.63543701171875,0.5339562296867371,0.5339562296867371,0.4804389774799347,1.0,1.0,3.0,1,0.25,0.5,0.25,gamma_fixed
livecodebench_101,livecodebench,197,1.5598971843719482,1.5598971843719482,0.5587621927261353,0.5587621927261353,2.1234519481658936,1.0,1.0,3.0,1,0.25,0.5,0.25,gamma_fixed
livecodebench_101,livecodebench,198,5.510358810424805,5.510358810424805,0.45560330152511597,0.45560330152511597,2.3011929988861084,0.0,0.0,2.0,1,0.0,0.0,0.0,gamma_fixed
livecodebench_101,livecodebench,199,9.101358413696289,9.101358413696289,0.1736043244600296,0.1736043244600296,0.007757698651403189,0.0,0.0,2.0,1,0.0,0.0,0.0,gamma_fixed
livecodebench_101,livecodebench,200,8.604944229125977,8.604944229125977,0.22620172798633575,0.22620172798633575,0.9620303511619568,0.0,0.0,2.0,1,0.0,0.0,0.0,gamma_fixed
livecodebench_101,livecodebench,201,3.3355484008789062,3.3355484008789062,0.5363078713417053,0.5363078713417053,1.6189441680908203,1.0,1.0,2.0,1,0.25,1.0,0.25,gamma_fixed
livecodebench_101,livecodebench,202,4.752565383911133,4.752565383911133,0.34796127676963806,0.34796127676963806,2.654378652572632,1.0,1.0,3.0,1,0.25,0.5,0.25,gamma_fixed
livecodebench_101,livecodebench,203,5.831665515899658,5.831665515899658,0.27579817175865173,0.27579817175865173,2.9425363540649414,0.0,0.0,2.0,1,0.0,0.0,0.0,gamma_fixed
livecodebench_101,livecodebench,204,6.812585830688477,6.812585830688477,0.16892164945602417,0.16892164945602417,3.6897811889648438,0.0,0.0,2.0,1,0.0,0.0,0.0,gamma_fixed
livecodebench_101,livecodebench,205,3.570368766784668,3.570368766784668,0.37058377265930176,0.37058377265930176,2.614586591720581,1.0,1.0,2.0,1,0.25,1.0,0.25,gamma_fixed
livecodebench_101,livecodebench,206,1.7525055408477783,1.7525055408477783,0.6957303881645203,0.6957303881645203,0.45898133516311646,1.0,1.0,2.0,1,0.25,1.0,0.25,gamma_fixed
livecodebench_101,livecodebench,207,4.8840508460998535,4.8840508460998535,0.4627780318260193,0.4627780318260193,1.3326711654663086,1.0,2.0,5.0,1,0.5,0.5,0.5,gamma_fixed
livecodebench_101,livecodebench,208,1.183322787284851,1.183322787284851,0.7958110570907593,0.7958110570907593,0.5702633857727051,1.0,1.0,3.0,1,0.25,0.5,0.25,gamma_fixed
livecodebench_101,livecodebench,209,8.426427841186523,8.426427841186523,0.13375858962535858,0.13375858962535858,1.6193385124206543,0.0,0.0,2.0,1,0.0,0.0,0.0,gamma_fixed
livecodebench_101,livecodebench,210,9.396430969238281,9.396430969238281,0.12155093252658844,0.12155093252658844,1.5356125831604004,1.0,2.0,3.0,1,0.5,1.0,0.5,gamma_fixed
livecodebench_101,livecodebench,211,3.399407148361206,3.399407148361206,0.667608916759491,0.667608916759491,0.17430007457733154,1.0,1.0,2.0,1,0.25,1.0,0.25,gamma_fixed
livecodebench_101,livecodebench,212,8.40241527557373,8.40241527557373,0.13428209722042084,0.13428209722042084,1.7466027736663818,1.0,1.0,2.0,1,0.25,1.0,0.25,gamma_fixed
livecodebench_101,livecodebench,213,9.556944847106934,9.556944847106934,0.06752128154039383,0.06752128154039383,1.6799724102020264,0.0,0.0,2.0,1,0.0,0.0,0.0,gamma_fixed
livecodebench_101,livecodebench,214,9.677261352539062,9.677261352539062,0.14004096388816833,0.14004096388816833,0.726596474647522,0.0,0.0,2.0,1,0.0,0.0,0.0,gamma_fixed
livecodebench_101,livecodebench,215,3.5241639614105225,3.5241639614105225,0.4800395965576172,0.4800395965576172,0.6766860485076904,1.0,3.0,4.0,1,0.75,1.0,0.75,gamma_fixed
livecodebench_101,livecodebench,216,8.050399780273438,8.050399780273438,0.12013482302427292,0.12013482302427292,0.3886418342590332,0.0,0.0,2.0,1,0.0,0.0,0.0,gamma_fixed
livecodebench_101,livecodebench,217,2.594374895095825,2.594374895095825,0.7576090097427368,0.7576090097427368,0.0029583540745079517,0.0,0.0,2.0,1,0.0,0.0,0.0,gamma_fixed
livecodebench_101,livecodebench,218,1.7338131666183472,1.7338131666183472,0.7712323069572449,0.7712323069572449,0.0011240115854889154,1.0,2.0,4.0,1,0.5,0.6666666666666666,0.5,gamma_fixed
livecodebench_101,livecodebench,219,0.4185071289539337,0.4185071289539337,0.9646299481391907,0.9646299481391907,0.19322535395622253,1.0,1.0,3.0,1,0.25,0.5,0.25,gamma_fixed
livecodebench_101,livecodebench,220,5.29243278503418,5.29243278503418,0.30587759613990784,0.30587759613990784,0.7938369512557983,0.0,0.0,2.0,1,0.0,0.0,0.0,gamma_fixed
livecodebench_101,livecodebench,221,4.38166618347168,4.38166618347168,0.5215871930122375,0.5215871930122375,1.3609260320663452,1.0,3.0,4.0,1,0.75,1.0,0.75,gamma_fixed
livecodebench_101,livecodebench,222,3.7040300369262695,3.7040300369262695,0.5530619621276855,0.5530619621276855,2.079559564590454,1.0,1.0,3.0,1,0.25,0.5,0.25,gamma_fixed
livecodebench_101,livecodebench,223,9.54887866973877,9.54887866973877,0.17208519577980042,0.17208519577980042,2.191901683807373,0.0,0.0,2.0,1,0.0,0.0,0.0,gamma_fixed
livecodebench_101,livecodebench,224,3.9568562507629395,3.9568562507629395,0.3385756015777588,0.3385756015777588,2.076646089553833,1.0,2.0,3.0,1,0.5,1.0,0.5,gamma_fixed
livecodebench_101,livecodebench,225,7.657388687133789,7.657388687133789,0.14776834845542908,0.14776834845542908,0.24951517581939697,1.0,1.0,2.0,1,0.25,1.0,0.25,gamma_fixed
livecodebench_101,livecodebench,226,4.966333389282227,4.966333389282227,0.6129316091537476,0.6129316091537476,2.049856662750244,0.0,0.0,2.0,1,0.0,0.0,0.0,gamma_fixed
livecodebench_101,livecodebench,227,2.993093490600586,2.993093490600586,0.533435046672821,0.533435046672821,2.1270503997802734,1.0,2.0,4.0,1,0.5,0.6666666666666666,0.5,gamma_fixed
livecodebench_101,livecodebench,228,4.321277141571045,4.321277141571045,0.517022967338562,0.517022967338562,0.0001761065941536799,0.0,0.0,2.0,1,0.0,0.0,0.0,gamma_fixed
livecodebench_101,livecodebench,229,1.469001293182373,1.469001293182373,0.8982563614845276,0.8982563614845276,1.0305498838424683,0.0,0.0,2.0,1,0.0,0.0,0.0,gamma_fixed
livecodebench_101,livecodebench,230,5.166180610656738,5.166180610656738,0.25532084703445435,0.25532084703445435,2.9962880611419678,1.0,1.0,3.0,1,0.25,0.5,0.25,gamma_fixed
livecodebench_101,livecodebench,231,0.2500268220901489,0.2500268220901489,0.9771033525466919,0.9771033525466919,2.3867111206054688,1.0,1.0,3.0,1,0.25,0.5,0.25,gamma_fixed
livecodebench_101,livecodebench,232,4.26021671295166,4.26021671295166,0.4036421775817871,0.4036421775817871,3.0606613159179688,1.0,1.0,5.0,1,0.25,0.25,0.25,gamma_fixed
livecodebench_101,livecodebench,233,8.032726287841797,8.032726287841797,0.12202666699886322,0.12202666699886322,1.6856186389923096,0.0,0.0,2.0,1,0.0,0.0,0.0,gamma_fixed
livecodebench_101,livecodebench,234,3.1507303714752197,3.1507303714752197,0.6447034478187561,0.6447034478187561,1.9970290660858154,1.0,1.0,3.0,1,0.25,0.5,0.25,gamma_fixed
livecodebench_101,livecodebench,235,2.517967939376831,2.517967939376831,0.5770624876022339,0.5770624876022339,2.0618956089019775,1.0,1.0,3.0,1,0.25,0.5,0.25,gamma_fixed
livecodebench_101,livecodebench,236,3.6190314292907715,3.6190314292907715,0.6248679757118225,0.6248679757118225,0.009261730127036572,0.0,0.0,2.0,1,0.0,0.0,0.0,gamma_fixed
livecodebench_101,livecodebench,237,8.973596572875977,8.973596572875977,0.1862502545118332,0.1862502545118332,1.3892923593521118,1.0,1.0,3.0,1,0.25,0.5,0.25,gamma_fixed
livecodebench_101,livecodebench,238,3.731419324874878,3.731419324874878,0.5482223629951477,0.5482223629951477,1.3490796089172363,1.0,2.0,5.0,1,0.5,0.5,0.5,gamma_fixed
livecodebench_101,livecodebench,239,4.898408889770508,4.898408889770508,0.40128397941589355,0.40128397941589355,0.038064874708652496,0.0,0.0,2.0,1,0.0,0.0,0.0,gamma_fixed
livecodebench_101,livecodebench,240,6.192217826843262,6.192217826843262,0.36608755588531494,0.36608755588531494,0.03419813513755798,0.0,0.0,2.0,1,0.0,0.0,0.0,gamma_fixed
livecodebench_101,livecodebench,241,1.5725833177566528,1.5725833177566528,0.8941538333892822,0.8941538333892822,1.415361762046814,1.0,4.0,5.0,1,1.0,1.0,1.0,gamma_fixed
livecodebench_101,livecodebench,242,4.6964430809021,4.6964430809021,0.2941596210002899,0.2941596210002899,0.3602842390537262,1.0,2.0,4.0,1,0.5,0.6666666666666666,0.5,gamma_fixed
livecodebench_101,livecodebench,243,2.506946563720703,2.506946563720703,0.5994643568992615,0.5994643568992615,2.029216766357422,1.0,3.0,5.0,1,0.75,0.75,0.75,gamma_fixed
livecodebench_101,livecodebench,244,6.146729469299316,6.146729469299316,0.2535814046859741,0.2535814046859741,1.2496381998062134,0.0,0.0,2.0,1,0.0,0.0,0.0,gamma_fixed
livecodebench_101,livecodebench,245,4.1621294021606445,4.1621294021606445,0.38365647196769714,0.38365647196769714,0.9767000079154968,1.0,3.0,4.0,1,0.75,1.0,0.75,gamma_fixed
livecodebench_101,livecodebench,246,9.172264099121094,9.172264099121094,0.11804153025150299,0.11804153025150299,0.017659390345215797,0.0,0.0,2.0,1,0.0,0.0,0.0,gamma_fixed
livecodebench_101,livecodebench,247,2.1302685737609863,2.1302685737609863,0.8080472946166992,0.8080472946166992,0.00021385095897130668,1.0,1.0,2.0,1,0.25,1.0,0.25,gamma_fixed
livecodebench_101,livecodebench,248,2.7943034172058105,2.7943034172058105,0.375135213136673,0.375135213136673,1.1165249347686768,1.0,2.0,3.0,1,0.5,1.0,0.5,gamma_fixed
livecodebench_101,livecodebench,249,2.193963050842285,2.193963050842285,0.6497598886489868,0.6497598886489868,0.8338528871536255,0.0,0.0,2.0,1,0.0,0.0,0.0,gamma_fixed
livecodebench_101,livecodebench,250,7.4362406730651855,7.4362406730651855,0.26653075218200684,0.26653075218200684,0.08143564313650131,0.0,0.0,2.0,1,0.0,0.0,0.0,gamma_fixed
livecodebench_101,livecodebench,251,10.552799224853516,10.552799224853516,0.07987089455127716,0.07987089455127716,2.747361660003662,0.0,0.0,2.0,1,0.0,0.0,0.0,gamma_fixed
livecodebench_101,livecodebench,252,7.720026969909668,7.720026969909668,0.16118615865707397,0.16118615865707397,0.8871362209320068,0.0,0.0,2.0,1,0.0,0.0,0.0,gamma_fixed
livecodebench_101,livecodebench,253,3.3863749504089355,3.3863749504089355,0.3572580814361572,0.3572580814361572,0.08700063079595566,1.0,1.0,3.0,1,0.25,0.5,0.25,gamma_fixed
livecodebench_101,livecodebench,254,4.779638290405273,4.779638290405273,0.2999613881111145,0.2999613881111145,1.7335023880004883,1.0,1.0,4.0,1,0.25,0.3333333333333333,0.25,gamma_fixed
livecodebench_101,livecodebench,255,5.82761812210083,5.82761812210083,0.26653075218200684,0.26653075218200684,2.9384565353393555,0.0,0.0,2.0,1,0.0,0.0,0.0,gamma_fixed
livecodebench_101,livecodebench,256,6.139835834503174,6.139835834503174,0.4643624722957611,0.4643624722957611,3.0461347103118896,1.0,1.0,3.0,1,0.25,0.5,0.25,gamma_fixed
livecodebench_101,livecodebench,257,4.184634685516357,4.184634685516357,0.24410514533519745,0.24410514533519745,1.1898059844970703,1.0,1.0,2.0,1,0.25,1.0,0.25,gamma_fixed
livecodebench_101,livecodebench,258,10.228790283203125,10.228790283203125,0.09596709161996841,0.09596709161996841,1.0802130699157715,0.0,0.0,2.0,1,0.0,0.0,0.0,gamma_fixed
livecodebench_101,livecodebench,259,8.554364204406738,8.554364204406738,0.2049557864665985,0.2049557864665985,0.8841130137443542,0.0,0.0,2.0,1,0.0,0.0,0.0,gamma_fixed
livecodebench_101,livecodebench,260,10.358954429626465,10.358954429626465,0.05372761934995651,0.05372761934995651,2.354539632797241,0.0,0.0,2.0,1,0.0,0.0,0.0,gamma_fixed
livecodebench_101,livecodebench,261,4.1086249351501465,4.1086249351501465,0.247223898768425,0.247223898768425,2.832183837890625,1.0,2.0,4.0,1,0.5,0.6666666666666666,0.5,gamma_fixed
livecodebench_101,livecodebench,262,5.908290863037109,5.908290863037109,0.25984856486320496,0.25984856486320496,2.731455087661743,1.0,1.0,2.0,1,0.25,1.0,0.25,gamma_fixed
livecodebench_101,livecodebench,263,3.0314407348632812,3.0314407348632812,0.3548242151737213,0.3548242151737213,3.808819532394409,0.0,0.0,2.0,1,0.0,0.0,0.0,gamma_fixed
livecodebench_101,livecodebench,264,3.294119119644165,3.294119119644165,0.5172754526138306,0.5172754526138306,2.8625504970550537,1.0,1.0,2.0,1,0.25,1.0,0.25,gamma_fixed
livecodebench_101,livecodebench,265,4.084516525268555,4.084516525268555,0.2352125644683838,0.2352125644683838,2.3483572006225586,1.0,1.0,4.0,1,0.25,0.3333333333333333,0.25,gamma_fixed
livecodebench_101,livecodebench,266,6.937695026397705,6.937695026397705,0.225760355591774,0.225760355591774,2.20656418800354,0.0,0.0,2.0,1,0.0,0.0,0.0,gamma_fixed
livecodebench_101,livecodebench,267,7.334969520568848,7.334969520568848,0.20696713030338287,0.20696713030338287,1.120031714439392,1.0,1.0,3.0,1,0.25,0.5,0.25,gamma_fixed
livecodebench_101,livecodebench,268,1.8127295970916748,1.8127295970916748,0.7507961392402649,0.7507961392402649,2.1733057498931885,1.0,2.0,4.0,1,0.5,0.6666666666666666,0.5,gamma_fixed
livecodebench_101,livecodebench,269,1.6785922050476074,1.6785922050476074,0.8097258806228638,0.8097258806228638,1.1941426992416382,1.0,4.0,5.0,1,1.0,1.0,1.0,gamma_fixed
livecodebench_101,livecodebench,270,3.624128818511963,3.624128818511963,0.47491052746772766,0.47491052746772766,0.2733178734779358,1.0,3.0,4.0,1,0.75,1.0,0.75,gamma_fixed
livecodebench_101,livecodebench,271,2.108704090118408,2.108704090118408,0.7183412909507751,0.7183412909507751,1.0610361099243164,1.0,4.0,5.0,1,1.0,1.0,1.0,gamma_fixed
livecodebench_101,livecodebench,272,2.9643537998199463,2.9643537998199463,0.71101313829422,0.71101313829422,0.1529715657234192,1.0,4.0,5.0,1,1.0,1.0,1.0,gamma_fixed
livecodebench_101,livecodebench,273,2.121044158935547,2.121044158935547,0.7020435929298401,0.7020435929298401,1.5164979696273804,1.0,2.0,3.0,1,0.5,1.0,0.5,gamma_fixed
livecodebench_101,livecodebench,274,4.01300048828125,4.01300048828125,0.30587759613990784,0.30587759613990784,1.880784511566162,1.0,2.0,3.0,1,0.5,1.0,0.5,gamma_fixed
livecodebench_101,livecodebench,275,6.117743492126465,6.117743492126465,0.25707218050956726,0.25707218050956726,3.5313353538513184,1.0,1.0,2.0,1,0.25,1.0,0.25,gamma_fixed
livecodebench_101,livecodebench,276,5.30365514755249,5.30365514755249,0.17479512095451355,0.17479512095451355,0.5669698119163513,1.0,1.0,3.0,1,0.25,0.5,0.25,gamma_fixed
livecodebench_101,livecodebench,277,0.7855910658836365,0.7855910658836365,0.9406753778457642,0.9406753778457642,2.5794870853424072,1.0,2.0,5.0,1,0.5,0.5,0.5,gamma_fixed
livecodebench_101,livecodebench,278,2.772348642349243,2.772348642349243,0.7445897459983826,0.7445897459983826,0.09509912133216858,0.0,0.0,3.0,1,0.0,0.0,0.0,gamma_fixed
livecodebench_101,livecodebench,279,3.124706745147705,3.124706745147705,0.363948792219162,0.363948792219162,1.054223895072937,0.0,0.0,3.0,1,0.0,0.0,0.0,gamma_fixed
livecodebench_101,livecodebench,280,1.0012320280075073,1.0012320280075073,0.888821542263031,0.888821542263031,0.4559914469718933,1.0,3.0,4.0,1,0.75,1.0,0.75,gamma_fixed
livecodebench_101,livecodebench,281,5.360671043395996,5.360671043395996,0.5241401791572571,0.5241401791572571,1.7332894802093506,0.0,0.0,2.0,1,0.0,0.0,0.0,gamma_fixed
livecodebench_101,livecodebench,282,8.187933921813965,8.187933921813965,0.1155325323343277,0.1155325323343277,0.5935153365135193,1.0,2.0,3.0,1,0.5,1.0,0.5,gamma_fixed
livecodebench_101,livecodebench,283,0.7783558368682861,0.7783558368682861,0.9047490954399109,0.9047490954399109,0.00015289138536900282,1.0,1.0,3.0,1,0.25,0.5,0.25,gamma_fixed
livecodebench_101,livecodebench,284,9.007919311523438,9.007919311523438,0.11067338287830353,0.11067338287830353,0.21655884385108948,0.0,0.0,2.0,1,0.0,0.0,0.0,gamma_fixed
livecodebench_101,livecodebench,285,11.417746543884277,11.417746543884277,0.044022832065820694,0.044022832065820694,0.005598855204880238,0.0,0.0,2.0,1,0.0,0.0,0.0,gamma_fixed
livecodebench_101,livecodebench,286,1.0586376190185547,1.0586376190185547,0.9024878740310669,0.9024878740310669,0.23086099326610565,1.0,3.0,4.0,1,0.75,1.0,0.75,gamma_fixed
livecodebench_101,livecodebench,287,11.336786270141602,11.336786270141602,0.06184010952711105,0.06184010952711105,0.002894009230658412,0.0,0.0,2.0,1,0.0,0.0,0.0,gamma_fixed
livecodebench_101,livecodebench,288,9.601293563842773,9.601293563842773,0.08772101998329163,0.08772101998329163,0.5120473504066467,0.0,0.0,2.0,1,0.0,0.0,0.0,gamma_fixed
livecodebench_101,livecodebench,289,4.0474348068237305,4.0474348068237305,0.6451758146286011,0.6451758146286011,0.0037062866613268852,0.0,0.0,2.0,1,0.0,0.0,0.0,gamma_fixed
livecodebench_101,livecodebench,290,0.3749009966850281,0.3749009966850281,0.9768946170806885,0.9768946170806885,1.6131179332733154,1.0,3.0,4.0,1,0.75,1.0,0.75,gamma_fixed
livecodebench_101,livecodebench,291,10.657922744750977,10.657922744750977,0.07159581035375595,0.07159581035375595,0.1226707398891449,0.0,0.0,2.0,1,0.0,0.0,0.0,gamma_fixed
livecodebench_101,livecodebench,292,8.561712265014648,8.561712265014648,0.20696713030338287,0.20696713030338287,1.542348400107585e-05,0.0,0.0,2.0,1,0.0,0.0,0.0,gamma_fixed
livecodebench_101,livecodebench,293,5.271109580993652,5.271109580993652,0.44548410177230835,0.44548410177230835,0.943905234336853,1.0,1.0,2.0,1,0.25,1.0,0.25,gamma_fixed
livecodebench_101,livecodebench,294,0.0670100599527359,0.0670100599527359,0.9925131797790527,0.9925131797790527,0.027067793533205986,0.0,0.0,3.0,1,0.0,0.0,0.0,gamma_fixed
livecodebench_101,livecodebench,295,9.66334342956543,9.66334342956543,0.052585624158382416,0.052585624158382416,0.15908443927764893,0.0,0.0,2.0,1,0.0,0.0,0.0,gamma_fixed
livecodebench_101,livecodebench,296,7.990460395812988,7.990460395812988,0.11351943016052246,0.11351943016052246,0.0005151211516931653,1.0,2.0,3.0,1,0.5,1.0,0.5,gamma_fixed
livecodebench_101,livecodebench,297,0.20411071181297302,0.20411071181297302,0.9815864562988281,0.9815864562988281,4.462702418095432e-05,1.0,3.0,5.0,1,0.75,0.75,0.75,gamma_fixed
livecodebench_101,livecodebench,298,2.5902159214019775,2.5902159214019775,0.4390060305595398,0.4390060305595398,0.00625790748745203,0.0,0.0,2.0,1,0.0,0.0,0.0,gamma_fixed
livecodebench_101,livecodebench,299,4.9137349128723145,4.9137349128723145,0.31282562017440796,0.31282562017440796,0.037384748458862305,1.0,2.0,3.0,1,0.5,1.0,0.5,gamma_fixed
livecodebench_101,livecodebench,300,5.295681476593018,5.295681476593018,0.3389064371585846,0.3389064371585846,1.358711838722229,0.0,0.0,2.0,1,0.0,0.0,0.0,gamma_fixed
livecodebench_101,livecodebench,301,0.4314906597137451,0.4314906597137451,0.9666043519973755,0.9666043519973755,0.23872733116149902,1.0,1.0,2.0,1,0.25,1.0,0.25,gamma_fixed
livecodebench_101,livecodebench,302,0.4567299783229828,0.4567299783229828,0.9697953462600708,0.9697953462600708,0.028783325105905533,0.0,0.0,3.0,1,0.0,0.0,0.0,gamma_fixed
livecodebench_101,livecodebench,303,3.8696398735046387,3.8696398735046387,0.3486415445804596,0.3486415445804596,1.7550302743911743,1.0,1.0,4.0,1,0.25,0.3333333333333333,0.25,gamma_fixed
livecodebench_101,livecodebench,304,6.264470100402832,6.264470100402832,0.32433557510375977,0.32433557510375977,1.476725459098816,1.0,1.0,3.0,1,0.25,0.5,0.25,gamma_fixed
livecodebench_101,livecodebench,305,4.401346206665039,4.401346206665039,0.6496012806892395,0.6496012806892395,0.8960050344467163,1.0,4.0,5.0,1,1.0,1.0,1.0,gamma_fixed
livecodebench_101,livecodebench,306,0.8810834884643555,0.8810834884643555,0.930738091468811,0.930738091468811,1.8256187438964844,1.0,1.0,3.0,1,0.25,0.5,0.25,gamma_fixed
livecodebench_101,livecodebench,307,2.337923049926758,2.337923049926758,0.8156781792640686,0.8156781792640686,0.9911100268363953,0.0,0.0,3.0,1,0.0,0.0,0.0,gamma_fixed
livecodebench_101,livecodebench,308,2.545138120651245,2.545138120651245,0.4909437298774719,0.4909437298774719,0.17028698325157166,1.0,4.0,5.0,1,1.0,1.0,1.0,gamma_fixed
livecodebench_101,livecodebench,309,6.876222610473633,6.876222610473633,0.27796128392219543,0.27796128392219543,0.04829663038253784,0.0,0.0,2.0,1,0.0,0.0,0.0,gamma_fixed
livecodebench_101,livecodebench,310,7.2057294845581055,7.2057294845581055,0.3810427486896515,0.3810427486896515,0.13401752710342407,0.0,0.0,2.0,1,0.0,0.0,0.0,gamma_fixed
livecodebench_101,livecodebench,311,5.797268867492676,5.797268867492676,0.389507919549942,0.389507919549942,3.672426223754883,1.0,4.0,5.0,1,1.0,1.0,1.0,gamma_fixed
livecodebench_101,livecodebench,312,5.776605606079102,5.776605606079102,0.27579817175865173,0.27579817175865173,1.0216155052185059,0.0,0.0,2.0,1,0.0,0.0,0.0,gamma_fixed
livecodebench_101,livecodebench,313,4.584931373596191,4.584931373596191,0.4058160185813904,0.4058160185813904,3.8350701332092285,1.0,1.0,2.0,1,0.25,1.0,0.25,gamma_fixed
livecodebench_101,livecodebench,314,5.0752949714660645,5.0752949714660645,0.39275458455085754,0.39275458455085754,2.3549835681915283,1.0,1.0,2.0,1,0.25,1.0,0.25,gamma_fixed
livecodebench_101,livecodebench,315,4.997230529785156,4.997230529785156,0.388747900724411,0.388747900724411,0.8936433792114258,1.0,1.0,3.0,1,0.25,0.5,0.25,gamma_fixed
livecodebench_101,livecodebench,316,5.567859649658203,5.567859649658203,0.10057264566421509,0.10057264566421509,2.3897294998168945,0.0,0.0,2.0,1,0.0,0.0,0.0,gamma_fixed
livecodebench_101,livecodebench,317,0.27611488103866577,0.27611488103866577,0.9706392288208008,0.9706392288208008,1.0033330917358398,1.0,3.0,5.0,1,0.75,0.75,0.75,gamma_fixed
livecodebench_101,livecodebench,318,6.893192768096924,6.893192768096924,0.3442434072494507,0.3442434072494507,1.5118037462234497,0.0,0.0,2.0,1,0.0,0.0,0.0,gamma_fixed
livecodebench_101,livecodebench,319,2.6797680854797363,2.6797680854797363,0.6819407343864441,0.6819407343864441,1.0755223035812378,1.0,2.0,4.0,1,0.5,0.6666666666666666,0.5,gamma_fixed
livecodebench_101,livecodebench,320,0.9405149817466736,0.9405149817466736,0.916867733001709,0.916867733001709,0.9479216933250427,1.0,3.0,4.0,1,0.75,1.0,0.75,gamma_fixed
livecodebench_101,livecodebench,321,1.368959665298462,1.368959665298462,0.8419816493988037,0.8419816493988037,0.700280487537384,1.0,2.0,4.0,1,0.5,0.6666666666666666,0.5,gamma_fixed
livecodebench_101,livecodebench,322,8.158025741577148,8.158025741577148,0.09596709161996841,0.09596709161996841,2.0526978969573975,1.0,1.0,3.0,1,0.25,0.5,0.25,gamma_fixed
livecodebench_101,livecodebench,323,3.7337610721588135,3.7337610721588135,0.49576157331466675,0.49576157331466675,1.9311034679412842,1.0,2.0,3.0,1,0.5,1.0,0.5,gamma_fixed
livecodebench_101,livecodebench,324,2.4355618953704834,2.4355618953704834,0.4772350788116455,0.4772350788116455,0.0017078015953302383,1.0,1.0,3.0,1,0.25,0.5,0.25,gamma_fixed
livecodebench_101,livecodebench,325,7.700919151306152,7.700919151306152,0.2918704152107239,0.2918704152107239,1.097622275352478,0.0,0.0,2.0,1,0.0,0.0,0.0,gamma_fixed
livecodebench_101,livecodebench,326,6.607547760009766,6.607547760009766,0.10622588545084,0.10622588545084,2.1739466190338135,1.0,2.0,4.0,1,0.5,0.6666666666666666,0.5,gamma_fixed
livecodebench_101,livecodebench,327,4.669873237609863,4.669873237609863,0.2932990491390228,0.2932990491390228,0.8791815042495728,1.0,1.0,2.0,1,0.25,1.0,0.25,gamma_fixed
livecodebench_101,livecodebench,328,5.638482570648193,5.638482570648193,0.4823892414569855,0.4823892414569855,2.67120361328125,0.0,0.0,2.0,1,0.0,0.0,0.0,gamma_fixed
livecodebench_101,livecodebench,329,9.061606407165527,9.061606407165527,0.13854466378688812,0.13854466378688812,2.376223564147949,1.0,1.0,2.0,1,0.25,1.0,0.25,gamma_fixed
livecodebench_101,livecodebench,330,0.21368858218193054,0.21368858218193054,0.9823355674743652,0.9823355674743652,1.0270103216171265,1.0,2.0,4.0,1,0.5,0.6666666666666666,0.5,gamma_fixed
livecodebench_101,livecodebench,331,6.846138000488281,6.846138000488281,0.19576126337051392,0.19576126337051392,1.3884170055389404,1.0,1.0,3.0,1,0.25,0.5,0.25,gamma_fixed
livecodebench_101,livecodebench,332,9.91966438293457,9.91966438293457,0.056416142731904984,0.056416142731904984,0.2021084427833557,0.0,0.0,2.0,1,0.0,0.0,0.0,gamma_fixed
livecodebench_101,livecodebench,333,11.062041282653809,11.062041282653809,0.0650615319609642,0.0650615319609642,1.0072919130325317,0.0,0.0,2.0,1,0.0,0.0,0.0,gamma_fixed
livecodebench_101,livecodebench,334,3.8934974670410156,3.8934974670410156,0.5835797190666199,0.5835797190666199,2.405757427215576,0.0,0.0,2.0,1,0.0,0.0,0.0,gamma_fixed
livecodebench_101,livecodebench,335,0.47052234411239624,0.47052234411239624,0.9584969282150269,0.9584969282150269,0.209925577044487,1.0,1.0,3.0,1,0.25,0.5,0.25,gamma_fixed
livecodebench_101,livecodebench,336,0.7477405071258545,0.7477405071258545,0.9359220266342163,0.9359220266342163,0.807021975517273,1.0,2.0,3.0,1,0.5,1.0,0.5,gamma_fixed
livecodebench_101,livecodebench,337,3.219153881072998,3.219153881072998,0.5968357920646667,0.5968357920646667,0.5046184062957764,1.0,1.0,3.0,1,0.25,0.5,0.25,gamma_fixed
livecodebench_101,livecodebench,338,7.9219560623168945,7.9219560623168945,0.22509990632534027,0.22509990632534027,1.2389655113220215,0.0,0.0,2.0,1,0.0,0.0,0.0,gamma_fixed
livecodebench_101,livecodebench,339,6.82175874710083,6.82175874710083,0.2498939335346222,0.2498939335346222,0.4152351915836334,0.0,0.0,2.0,1,0.0,0.0,0.0,gamma_fixed
livecodebench_101,livecodebench,340,9.408199310302734,9.408199310302734,0.12013482302427292,0.12013482302427292,2.4191818237304688,0.0,0.0,2.0,1,0.0,0.0,0.0,gamma_fixed
livecodebench_101,livecodebench,341,6.732240200042725,6.732240200042725,0.13800452649593353,0.13800452649593353,1.8423762321472168,0.0,0.0,2.0,1,0.0,0.0,0.0,gamma_fixed
livecodebench_101,livecodebench,342,7.920653343200684,7.920653343200684,0.26394060254096985,0.26394060254096985,0.9154389500617981,1.0,2.0,3.0,1,0.5,1.0,0.5,gamma_fixed
livecodebench_101,livecodebench,343,1.5364741086959839,1.5364741086959839,0.8865458965301514,0.8865458965301514,0.00042882683919742703,1.0,1.0,3.0,1,0.25,0.5,0.25,gamma_fixed
livecodebench_101,livecodebench,344,0.145544171333313,0.145544171333313,0.9902215003967285,0.9902215003967285,0.01089303195476532,1.0,4.0,5.0,1,1.0,1.0,1.0,gamma_fixed
livecodebench_101,livecodebench,345,0.8651706576347351,0.8651706576347351,0.9340388178825378,0.9340388178825378,2.2079813480377197,1.0,2.0,4.0,1,0.5,0.6666666666666666,0.5,gamma_fixed
livecodebench_101,livecodebench,346,0.8063192963600159,0.8063192963600159,0.8574361205101013,0.8574361205101013,1.1081569194793701,1.0,3.0,5.0,1,0.75,0.75,0.75,gamma_fixed
livecodebench_101,livecodebench,347,5.830207347869873,5.830207347869873,0.2137456089258194,0.2137456089258194,0.666406512260437,1.0,1.0,4.0,1,0.25,0.3333333333333333,0.25,gamma_fixed
livecodebench_101,livecodebench,348,2.7441959381103516,2.7441959381103516,0.7522639632225037,0.7522639632225037,1.4927197694778442,0.0,0.0,2.0,1,0.0,0.0,0.0,gamma_fixed
livecodebench_101,livecodebench,349,2.2431507110595703,2.2431507110595703,0.6348632574081421,0.6348632574081421,1.1821801662445068,1.0,2.0,5.0,1,0.5,0.5,0.5,gamma_fixed
livecodebench_101,livecodebench,350,5.0536603927612305,5.0536603927612305,0.4800395965576172,0.4800395965576172,1.796626091003418,1.0,2.0,5.0,1,0.5,0.5,0.5,gamma_fixed
livecodebench_101,livecodebench,351,2.178126096725464,2.178126096725464,0.5109995007514954,0.5109995007514954,0.37046441435813904,1.0,3.0,4.0,1,0.75,1.0,0.75,gamma_fixed
livecodebench_101,livecodebench,352,7.5990824699401855,7.5990824699401855,0.3113018572330475,0.3113018572330475,1.963003158569336,0.0,0.0,2.0,1,0.0,0.0,0.0,gamma_fixed
livecodebench_101,livecodebench,353,3.6067872047424316,3.6067872047424316,0.5213325023651123,0.5213325023651123,2.609175682067871,1.0,1.0,3.0,1,0.25,0.5,0.25,gamma_fixed
livecodebench_101,livecodebench,354,1.0020365715026855,1.0020365715026855,0.8547191023826599,0.8547191023826599,3.2336819171905518,1.0,2.0,3.0,1,0.5,1.0,0.5,gamma_fixed
livecodebench_101,livecodebench,355,8.198999404907227,8.198999404907227,0.2331543266773224,0.2331543266773224,1.7377440929412842,0.0,0.0,2.0,1,0.0,0.0,0.0,gamma_fixed
livecodebench_101,livecodebench,356,7.996771812438965,7.996771812438965,0.09615470468997955,0.09615470468997955,1.8411140441894531,1.0,1.0,2.0,1,0.25,1.0,0.25,gamma_fixed
livecodebench_101,livecodebench,357,0.8106122016906738,0.8106122016906738,0.8968867063522339,0.8968867063522339,0.06100575625896454,1.0,1.0,4.0,1,0.25,0.3333333333333333,0.25,gamma_fixed
livecodebench_101,livecodebench,358,0.19848978519439697,0.19848978519439697,0.9865039587020874,0.9865039587020874,0.027803093194961548,1.0,2.0,3.0,1,0.5,1.0,0.5,gamma_fixed
livecodebench_101,livecodebench,359,3.29137921333313,3.29137921333313,0.3412310779094696,0.3412310779094696,0.00272940332069993,1.0,2.0,3.0,1,0.5,1.0,0.5,gamma_fixed
livecodebench_101,livecodebench,360,8.053718566894531,8.053718566894531,0.32465246319770813,0.32465246319770813,0.6391323208808899,0.0,0.0,2.0,1,0.0,0.0,0.0,gamma_fixed
livecodebench_101,livecodebench,361,6.775542259216309,6.775542259216309,0.41951656341552734,0.41951656341552734,1.1706292629241943,0.0,0.0,2.0,1,0.0,0.0,0.0,gamma_fixed
livecodebench_101,livecodebench,362,10.12191390991211,10.12191390991211,0.06305979937314987,0.06305979937314987,1.2679805755615234,0.0,0.0,2.0,1,0.0,0.0,0.0,gamma_fixed
livecodebench_101,livecodebench,363,4.676924705505371,4.676924705505371,0.3653732240200043,0.3653732240200043,1.2331253290176392,0.0,0.0,2.0,1,0.0,0.0,0.0,gamma_fixed
livecodebench_101,livecodebench,364,1.9312599897384644,1.9312599897384644,0.4902251064777374,0.4902251064777374,0.29163673520088196,1.0,1.0,3.0,1,0.25,0.5,0.25,gamma_fixed
livecodebench_101,livecodebench,365,1.7132561206817627,1.7132561206817627,0.8581691384315491,0.8581691384315491,0.006432465277612209,1.0,2.0,3.0,1,0.5,1.0,0.5,gamma_fixed
livecodebench_101,livecodebench,366,1.115936517715454,1.115936517715454,0.91167813539505,0.91167813539505,0.0315985344350338,1.0,3.0,4.0,1,0.75,1.0,0.75,gamma_fixed
livecodebench_101,livecodebench,367,7.549644470214844,7.549644470214844,0.24410514533519745,0.24410514533519745,1.2449634075164795,0.0,0.0,2.0,1,0.0,0.0,0.0,gamma_fixed
livecodebench_101,livecodebench,368,5.3876166343688965,5.3876166343688965,0.5167705416679382,0.5167705416679382,2.371957302093506,0.0,0.0,2.0,1,0.0,0.0,0.0,gamma_fixed
livecodebench_101,livecodebench,369,0.23576579988002777,0.23576579988002777,0.9842861890792847,0.9842861890792847,1.0840671062469482,1.0,4.0,5.0,1,1.0,1.0,1.0,gamma_fixed
livecodebench_101,livecodebench,370,7.957952499389648,7.957952499389648,0.18034373223781586,0.18034373223781586,0.12098560482263565,0.0,0.0,2.0,1,0.0,0.0,0.0,gamma_fixed
livecodebench_101,livecodebench,371,6.4465203285217285,6.4465203285217285,0.3797425627708435,0.3797425627708435,0.0004697742115240544,0.0,0.0,2.0,1,0.0,0.0,0.0,gamma_fixed
livecodebench_101,livecodebench,372,5.537265777587891,5.537265777587891,0.44919735193252563,0.44919735193252563,0.45930421352386475,1.0,1.0,2.0,1,0.25,1.0,0.25,gamma_fixed
livecodebench_101,livecodebench,373,9.442912101745605,9.442912101745605,0.07430259883403778,0.07430259883403778,1.6776909828186035,0.0,0.0,2.0,1,0.0,0.0,0.0,gamma_fixed
livecodebench_101,livecodebench,374,7.711696624755859,7.711696624755859,0.23636387288570404,0.23636387288570404,0.44030067324638367,0.0,0.0,2.0,1,0.0,0.0,0.0,gamma_fixed
livecodebench_101,livecodebench,375,8.774456024169922,8.774456024169922,0.19253815710544586,0.19253815710544586,1.2921735048294067,0.0,0.0,2.0,1,0.0,0.0,0.0,gamma_fixed
livecodebench_101,livecodebench,376,7.929839611053467,7.929839611053467,0.1643652617931366,0.1643652617931366,0.0009524807101115584,1.0,1.0,3.0,1,0.25,0.5,0.25,gamma_fixed
livecodebench_101,livecodebench,377,10.320791244506836,10.320791244506836,0.07909470051527023,0.07909470051527023,1.705812931060791,0.0,0.0,2.0,1,0.0,0.0,0.0,gamma_fixed
livecodebench_101,livecodebench,378,4.838465690612793,4.838465690612793,0.33725565671920776,0.33725565671920776,1.1274845600128174,0.0,0.0,2.0,1,0.0,0.0,0.0,gamma_fixed
livecodebench_101,livecodebench,379,11.262887954711914,11.262887954711914,0.034824926406145096,0.034824926406145096,0.004895574413239956,0.0,0.0,2.0,1,0.0,0.0,0.0,gamma_fixed
livecodebench_101,livecodebench,380,11.206592559814453,11.206592559814453,0.0931963324546814,0.0931963324546814,2.093487637466751e-06,0.0,0.0,2.0,1,0.0,0.0,0.0,gamma_fixed
livecodebench_101,livecodebench,381,10.702369689941406,10.702369689941406,0.06582845747470856,0.06582845747470856,0.7232861518859863,0.0,0.0,2.0,1,0.0,0.0,0.0,gamma_fixed
livecodebench_101,livecodebench,382,5.692326545715332,5.692326545715332,0.15561790764331818,0.15561790764331818,1.6962625980377197,0.0,0.0,2.0,1,0.0,0.0,0.0,gamma_fixed
livecodebench_101,livecodebench,383,0.1739080548286438,0.1739080548286438,0.9839407205581665,0.9839407205581665,1.004963755607605,1.0,3.0,4.0,1,0.75,1.0,0.75,gamma_fixed
livecodebench_101,livecodebench,384,10.328360557556152,10.328360557556152,0.0939272865653038,0.0939272865653038,0.4367360472679138,0.0,0.0,2.0,1,0.0,0.0,0.0,gamma_fixed
livecodebench_101,livecodebench,385,7.065038681030273,7.065038681030273,0.251853883266449,0.251853883266449,1.257293462753296,1.0,1.0,2.0,1,0.25,1.0,0.25,gamma_fixed
livecodebench_101,livecodebench,386,2.8102927207946777,2.8102927207946777,0.6938645243644714,0.6938645243644714,0.005289100110530853,1.0,2.0,4.0,1,0.5,0.6666666666666666,0.5,gamma_fixed
livecodebench_101,livecodebench,387,3.540891170501709,3.540891170501709,0.716589629650116,0.716589629650116,1.2768123149871826,0.0,0.0,2.0,1,0.0,0.0,0.0,gamma_fixed
livecodebench_101,livecodebench,388,8.598736763000488,8.598736763000488,0.11329793184995651,0.11329793184995651,1.7585413455963135,0.0,0.0,2.0,1,0.0,0.0,0.0,gamma_fixed
livecodebench_101,livecodebench,389,6.240846633911133,6.240846633911133,0.24843399226665497,0.24843399226665497,0.004010561387985945,1.0,2.0,3.0,1,0.5,1.0,0.5,gamma_fixed
livecodebench_101,livecodebench,390,9.47348403930664,9.47348403930664,0.09121542423963547,0.09121542423963547,0.9934548735618591,0.0,0.0,2.0,1,0.0,0.0,0.0,gamma_fixed
livecodebench_101,livecodebench,391,9.898096084594727,9.898096084594727,0.05436094105243683,0.05436094105243683,1.8353081941604614,0.0,0.0,2.0,1,0.0,0.0,0.0,gamma_fixed
livecodebench_101,livecodebench,392,4.6797943115234375,4.6797943115234375,0.4907040596008301,0.4907040596008301,1.4058191776275635,0.0,0.0,2.0,1,0.0,0.0,0.0,gamma_fixed
livecodebench_101,livecodebench,393,4.575722694396973,4.575722694396973,0.5070228576660156,0.5070228576660156,0.7605574131011963,1.0,2.0,4.0,1,0.5,0.6666666666666666,0.5,gamma_fixed
livecodebench_101,livecodebench,394,7.485991954803467,7.485991954803467,0.11440977454185486,0.11440977454185486,0.04834519326686859,0.0,0.0,2.0,1,0.0,0.0,0.0,gamma_fixed
livecodebench_101,livecodebench,395,8.364212989807129,8.364212989807129,0.17208519577980042,0.17208519577980042,1.2740051746368408,0.0,0.0,2.0,1,0.0,0.0,0.0,gamma_fixed
livecodebench_101,livecodebench,396,7.23484468460083,7.23484468460083,0.20435622334480286,0.20435622334480286,0.0487603135406971,0.0,0.0,2.0,1,0.0,0.0,0.0,gamma_fixed
livecodebench_101,livecodebench,397,9.897541046142578,9.897541046142578,0.08568895608186722,0.08568895608186722,1.0280154943466187,0.0,0.0,2.0,1,0.0,0.0,0.0,gamma_fixed
livecodebench_101,livecodebench,398,4.781455993652344,4.781455993652344,0.39641526341438293,0.39641526341438293,0.3426631987094879,1.0,1.0,2.0,1,0.25,1.0,0.25,gamma_fixed
livecodebench_101,livecodebench,399,5.345328330993652,5.345328330993652,0.5541432499885559,0.5541432499885559,0.0007037038449198008,1.0,1.0,3.0,1,0.25,0.5,0.25,gamma_fixed
livecodebench_101,livecodebench,400,0.12545356154441833,0.12545356154441833,0.9928389191627502,0.9928389191627502,1.8468648195266724,1.0,1.0,3.0,1,0.25,0.5,0.25,gamma_fixed
livecodebench_101,livecodebench,401,4.750394821166992,4.750394821166992,0.2915855348110199,0.2915855348110199,0.6450899243354797,1.0,1.0,3.0,1,0.25,0.5,0.25,gamma_fixed
livecodebench_101,livecodebench,402,10.071752548217773,10.071752548217773,0.10560528934001923,0.10560528934001923,1.6427010297775269,1.0,1.0,3.0,1,0.25,0.5,0.25,gamma_fixed
livecodebench_101,livecodebench,403,7.995499610900879,7.995499610900879,0.19197490811347961,0.19197490811347961,0.005126023665070534,0.0,0.0,2.0,1,0.0,0.0,0.0,gamma_fixed
livecodebench_101,livecodebench,404,10.4625244140625,10.4625244140625,0.123224176466465,0.123224176466465,0.13814899325370789,0.0,0.0,2.0,1,0.0,0.0,0.0,gamma_fixed
livecodebench_101,livecodebench,405,4.730835914611816,4.730835914611816,0.42820870876312256,0.42820870876312256,0.16304931044578552,0.0,0.0,2.0,1,0.0,0.0,0.0,gamma_fixed
livecodebench_101,livecodebench,406,3.1851518154144287,3.1851518154144287,0.42549923062324524,0.42549923062324524,2.343087673187256,1.0,1.0,3.0,1,0.25,0.5,0.25,gamma_fixed
livecodebench_101,livecodebench,407,7.486711502075195,7.486711502075195,0.14336194097995758,0.14336194097995758,1.452683925628662,1.0,1.0,2.0,1,0.25,1.0,0.25,gamma_fixed
livecodebench_101,livecodebench,408,8.804237365722656,8.804237365722656,0.1669536530971527,0.1669536530971527,1.230654001235962,0.0,0.0,2.0,1,0.0,0.0,0.0,gamma_fixed
livecodebench_101,livecodebench,409,11.353839874267578,11.353839874267578,0.034486494958400726,0.034486494958400726,1.6531474590301514,1.0,1.0,3.0,1,0.25,0.5,0.25,gamma_fixed
livecodebench_101,livecodebench,410,1.669113278388977,1.669113278388977,0.888008177280426,0.888008177280426,0.00539687043055892,1.0,2.0,3.0,1,0.5,1.0,0.5,gamma_fixed
livecodebench_101,livecodebench,411,11.31828498840332,11.31828498840332,0.05843479558825493,0.05843479558825493,6.164180376799777e-05,0.0,0.0,2.0,1,0.0,0.0,0.0,gamma_fixed
livecodebench_101,livecodebench,412,11.079602241516113,11.079602241516113,0.043851204216480255,0.043851204216480255,0.8064979314804077,0.0,0.0,2.0,1,0.0,0.0,0.0,gamma_fixed
livecodebench_101,livecodebench,413,3.475517749786377,3.475517749786377,0.3177519142627716,0.3177519142627716,0.11662404239177704,1.0,4.0,5.0,1,1.0,1.0,1.0,gamma_fixed
livecodebench_101,livecodebench,414,5.010878086090088,5.010878086090088,0.44223320484161377,0.44223320484161377,2.2916197776794434,1.0,2.0,3.0,1,0.5,1.0,0.5,gamma_fixed
livecodebench_101,livecodebench,415,12.054525375366211,12.054525375366211,0.022972960025072098,0.022972960025072098,0.2332504391670227,1.0,1.0,2.0,1,0.25,1.0,0.25,gamma_fixed
livecodebench_101,livecodebench,416,11.255708694458008,11.255708694458008,0.04882409796118736,0.04882409796118736,0.002523536328226328,0.0,0.0,2.0,1,0.0,0.0,0.0,gamma_fixed
livecodebench_101,livecodebench,417,10.14311408996582,10.14311408996582,0.09068252891302109,0.09068252891302109,0.0009073556866496801,0.0,0.0,2.0,1,0.0,0.0,0.0,gamma_fixed
livecodebench_101,livecodebench,418,10.393875122070312,10.393875122070312,0.10396802425384521,0.10396802425384521,0.10323084890842438,0.0,0.0,2.0,1,0.0,0.0,0.0,gamma_fixed
livecodebench_101,livecodebench,419,4.869053840637207,4.869053840637207,0.2516080439090729,0.2516080439090729,0.00984370056539774,1.0,1.0,3.0,1,0.25,0.5,0.25,gamma_fixed
livecodebench_101,livecodebench,420,3.9547338485717773,3.9547338485717773,0.7120553851127625,0.7120553851127625,0.5810267925262451,1.0,1.0,3.0,1,0.25,0.5,0.25,gamma_fixed
livecodebench_101,livecodebench,421,10.532243728637695,10.532243728637695,0.09728814661502838,0.09728814661502838,0.29334890842437744,1.0,1.0,3.0,1,0.25,0.5,0.25,gamma_fixed
livecodebench_101,livecodebench,422,4.962019920349121,4.962019920349121,0.6253258585929871,0.6253258585929871,1.5783514976501465,1.0,2.0,4.0,1,0.5,0.6666666666666666,0.5,gamma_fixed
livecodebench_101,livecodebench,423,7.369691848754883,7.369691848754883,0.2736518681049347,0.2736518681049347,2.591549873352051,0.0,0.0,2.0,1,0.0,0.0,0.0,gamma_fixed
livecodebench_101,livecodebench,424,8.351367950439453,8.351367950439453,0.19981735944747925,0.19981735944747925,0.018068745732307434,1.0,2.0,3.0,1,0.5,1.0,0.5,gamma_fixed
livecodebench_101,livecodebench,425,4.871966361999512,4.871966361999512,0.20336082577705383,0.20336082577705383,0.16778162121772766,1.0,1.0,4.0,1,0.25,0.3333333333333333,0.25,gamma_fixed
livecodebench_101,livecodebench,426,8.328326225280762,8.328326225280762,0.23821771144866943,0.23821771144866943,0.007285053841769695,1.0,1.0,2.0,1,0.25,1.0,0.25,gamma_fixed
livecodebench_101,livecodebench,427,11.629138946533203,11.629138946533203,0.01882336661219597,0.01882336661219597,0.05759136751294136,1.0,2.0,3.0,1,0.5,1.0,0.5,gamma_fixed
livecodebench_101,livecodebench,428,8.830474853515625,8.830474853515625,0.12036968767642975,0.12036968767642975,1.792704097169917e-05,1.0,1.0,3.0,1,0.25,0.5,0.25,gamma_fixed
livecodebench_101,livecodebench,429,10.694762229919434,10.694762229919434,0.07048582285642624,0.07048582285642624,0.44848406314849854,0.0,0.0,2.0,1,0.0,0.0,0.0,gamma_fixed
livecodebench_101,livecodebench,430,10.575422286987305,10.575422286987305,0.0797150507569313,0.0797150507569313,0.0011396156623959541,0.0,0.0,2.0,1,0.0,0.0,0.0,gamma_fixed
livecodebench_101,livecodebench,431,10.789539337158203,10.789539337158203,0.10096627473831177,0.10096627473831177,1.5513372421264648,1.0,1.0,2.0,1,0.25,1.0,0.25,gamma_fixed
livecodebench_101,livecodebench,432,0.11566219478845596,0.11566219478845596,0.9919908046722412,0.9919908046722412,0.034866124391555786,1.0,4.0,5.0,1,1.0,1.0,1.0,gamma_fixed
livecodebench_101,livecodebench,433,3.4628684520721436,3.4628684520721436,0.4600743353366852,0.4600743353366852,0.10921227186918259,1.0,3.0,4.0,1,0.75,1.0,0.75,gamma_fixed
livecodebench_101,livecodebench,434,6.962676048278809,6.962676048278809,0.32087013125419617,0.32087013125419617,2.0788471698760986,0.0,0.0,2.0,1,0.0,0.0,0.0,gamma_fixed
livecodebench_101,livecodebench,435,7.223595142364502,7.223595142364502,0.31252026557922363,0.31252026557922363,2.744670867919922,0.0,0.0,2.0,1,0.0,0.0,0.0,gamma_fixed
livecodebench_101,livecodebench,436,2.9537112712860107,2.9537112712860107,0.6715322136878967,0.6715322136878967,1.4121220111846924,1.0,1.0,3.0,1,0.25,0.5,0.25,gamma_fixed
livecodebench_101,livecodebench,437,5.019590854644775,5.019590854644775,0.2913009226322174,0.2913009226322174,2.2030601501464844,1.0,3.0,5.0,1,0.75,0.75,0.75,gamma_fixed
livecodebench_101,livecodebench,438,6.1114349365234375,6.1114349365234375,0.25833046436309814,0.25833046436309814,0.9467296600341797,1.0,2.0,3.0,1,0.5,1.0,0.5,gamma_fixed
livecodebench_101,livecodebench,439,9.019190788269043,9.019190788269043,0.14004096388816833,0.14004096388816833,0.35999584197998047,1.0,1.0,3.0,1,0.25,0.5,0.25,gamma_fixed
livecodebench_101,livecodebench,440,6.794597148895264,6.794597148895264,0.4562712013721466,0.4562712013721466,1.6830508708953857,0.0,0.0,2.0,1,0.0,0.0,0.0,gamma_fixed
livecodebench_101,livecodebench,441,6.687379837036133,6.687379837036133,0.21146179735660553,0.21146179735660553,0.36565330624580383,0.0,0.0,2.0,1,0.0,0.0,0.0,gamma_fixed
livecodebench_101,livecodebench,442,2.431973457336426,2.431973457336426,0.7659782767295837,0.7659782767295837,0.5150901675224304,1.0,2.0,4.0,1,0.5,0.6666666666666666,0.5,gamma_fixed
livecodebench_101,livecodebench,443,7.661735534667969,7.661735534667969,0.1554660201072693,0.1554660201072693,2.79223895072937,0.0,0.0,2.0,1,0.0,0.0,0.0,gamma_fixed
livecodebench_101,livecodebench,444,0.9406332969665527,0.9406332969665527,0.928978681564331,0.928978681564331,1.3774118423461914,0.0,0.0,3.0,1,0.0,0.0,0.0,gamma_fixed
livecodebench_101,livecodebench,445,0.6365029811859131,0.6365029811859131,0.9573276042938232,0.9573276042938232,0.2471863329410553,1.0,2.0,4.0,1,0.5,0.6666666666666666,0.5,gamma_fixed
livecodebench_101,livecodebench,446,1.7051361799240112,1.7051361799240112,0.8035225868225098,0.8035225868225098,1.4814963340759277,1.0,1.0,3.0,1,0.25,0.5,0.25,gamma_fixed
livecodebench_101,livecodebench,447,7.545907974243164,7.545907974243164,0.29215559363365173,0.29215559363365173,0.40680843591690063,0.0,0.0,2.0,1,0.0,0.0,0.0,gamma_fixed
livecodebench_101,livecodebench,448,4.95857572555542,4.95857572555542,0.5895944833755493,0.5895944833755493,0.9214901924133301,0.0,0.0,2.0,1,0.0,0.0,0.0,gamma_fixed
livecodebench_101,livecodebench,449,4.894274711608887,4.894274711608887,0.5203152894973755,0.5203152894973755,1.7275712490081787,1.0,4.0,5.0,1,1.0,1.0,1.0,gamma_fixed
livecodebench_101,livecodebench,450,8.927677154541016,8.927677154541016,0.1759941130876541,0.1759941130876541,2.6952731609344482,0.0,0.0,2.0,1,0.0,0.0,0.0,gamma_fixed
livecodebench_101,livecodebench,451,6.088611602783203,6.088611602783203,0.28734540939331055,0.28734540939331055,2.042710304260254,1.0,2.0,3.0,1,0.5,1.0,0.5,gamma_fixed
livecodebench_101,livecodebench,452,6.973288059234619,6.973288059234619,0.1990383416414261,0.1990383416414261,0.1008659303188324,0.0,0.0,2.0,1,0.0,0.0,0.0,gamma_fixed
livecodebench_101,livecodebench,453,7.636136531829834,7.636136531829834,0.28206294775009155,0.28206294775009155,0.0004482039075810462,1.0,1.0,2.0,1,0.25,1.0,0.25,gamma_fixed
livecodebench_101,livecodebench,454,10.265951156616211,10.265951156616211,0.09634269028902054,0.09634269028902054,0.008396058343350887,0.0,0.0,2.0,1,0.0,0.0,0.0,gamma_fixed
livecodebench_101,livecodebench,455,7.6966352462768555,7.6966352462768555,0.43093550205230713,0.43093550205230713,0.0012679197825491428,1.0,1.0,3.0,1,0.25,0.5,0.25,gamma_fixed
livecodebench_101,livecodebench,456,10.234611511230469,10.234611511230469,0.09175145626068115,0.09175145626068115,2.4767284393310547,0.0,0.0,2.0,1,0.0,0.0,0.0,gamma_fixed
livecodebench_101,livecodebench,457,3.9986844062805176,3.9986844062805176,0.5756554007530212,0.5756554007530212,0.032837603241205215,0.0,0.0,2.0,1,0.0,0.0,0.0,gamma_fixed
livecodebench_101,livecodebench,458,4.789653778076172,4.789653778076172,0.5764992833137512,0.5764992833137512,0.006775010842829943,1.0,1.0,3.0,1,0.25,0.5,0.25,gamma_fixed
livecodebench_101,livecodebench,459,8.646430969238281,8.646430969238281,0.10096627473831177,0.10096627473831177,0.9555624723434448,1.0,1.0,2.0,1,0.25,1.0,0.25,gamma_fixed
livecodebench_101,livecodebench,460,8.123502731323242,8.123502731323242,0.115984708070755,0.115984708070755,0.09976257383823395,0.0,0.0,2.0,1,0.0,0.0,0.0,gamma_fixed
livecodebench_101,livecodebench,461,10.78372859954834,10.78372859954834,0.0939272865653038,0.0939272865653038,7.961250958032906e-06,0.0,0.0,2.0,1,0.0,0.0,0.0,gamma_fixed
livecodebench_101,livecodebench,462,10.277801513671875,10.277801513671875,0.11735190451145172,0.11735190451145172,1.6315250396728516,0.0,0.0,2.0,1,0.0,0.0,0.0,gamma_fixed
livecodebench_101,livecodebench,463,5.242560863494873,5.242560863494873,0.30827659368515015,0.30827659368515015,3.4718751907348633,0.0,0.0,2.0,1,0.0,0.0,0.0,gamma_fixed
livecodebench_101,livecodebench,464,5.616326332092285,5.616326332092285,0.19595253467559814,0.19595253467559814,0.04330584779381752,1.0,2.0,3.0,1,0.5,1.0,0.5,gamma_fixed
livecodebench_101,livecodebench,465,7.485917091369629,7.485917091369629,0.18534304201602936,0.18534304201602936,0.10921019315719604,0.0,0.0,2.0,1,0.0,0.0,0.0,gamma_fixed
livecodebench_101,livecodebench,466,2.1919639110565186,2.1919639110565186,0.5500994324684143,0.5500994324684143,0.0007611815235577524,0.0,0.0,2.0,1,0.0,0.0,0.0,gamma_fixed
livecodebench_101,livecodebench,467,8.20740795135498,8.20740795135498,0.11666630208492279,0.11666630208492279,0.7743508219718933,1.0,1.0,3.0,1,0.25,0.5,0.25,gamma_fixed
livecodebench_101,livecodebench,468,1.983623743057251,1.983623743057251,0.8371647596359253,0.8371647596359253,1.1639679670333862,0.0,0.0,2.0,1,0.0,0.0,0.0,gamma_fixed
livecodebench_101,livecodebench,469,0.8888199329376221,0.8888199329376221,0.8789491057395935,0.8789491057395935,0.0007756375707685947,1.0,2.0,5.0,1,0.5,0.5,0.5,gamma_fixed
livecodebench_101,livecodebench,470,1.984118938446045,1.984118938446045,0.840646505355835,0.840646505355835,2.618295669555664,1.0,4.0,5.0,1,1.0,1.0,1.0,gamma_fixed
livecodebench_101,livecodebench,471,6.134273052215576,6.134273052215576,0.1812264621257782,0.1812264621257782,3.856586456298828,0.0,0.0,2.0,1,0.0,0.0,0.0,gamma_fixed
livecodebench_101,livecodebench,472,4.793954849243164,4.793954849243164,0.37937191128730774,0.37937191128730774,1.071713924407959,1.0,2.0,4.0,1,0.5,0.6666666666666666,0.5,gamma_fixed
livecodebench_101,livecodebench,473,3.3718676567077637,3.3718676567077637,0.39275458455085754,0.39275458455085754,2.570155143737793,1.0,2.0,3.0,1,0.5,1.0,0.5,gamma_fixed
livecodebench_101,livecodebench,474,6.613931179046631,6.613931179046631,0.2999613881111145,0.2999613881111145,1.1909319162368774,0.0,0.0,2.0,1,0.0,0.0,0.0,gamma_fixed
livecodebench_101,livecodebench,475,0.8320686221122742,0.8320686221122742,0.9460588693618774,0.9460588693618774,1.518151044845581,1.0,4.0,5.0,1,1.0,1.0,1.0,gamma_fixed
livecodebench_101,livecodebench,476,7.58855676651001,7.58855676651001,0.19216246902942657,0.19216246902942657,0.6817001700401306,0.0,0.0,2.0,1,0.0,0.0,0.0,gamma_fixed
livecodebench_101,livecodebench,477,8.84477710723877,8.84477710723877,0.26549166440963745,0.26549166440963745,1.3396275043487549,0.0,0.0,2.0,1,0.0,0.0,0.0,gamma_fixed
livecodebench_101,livecodebench,478,9.672422409057617,9.672422409057617,0.17513687908649445,0.17513687908649445,1.7646549940109253,0.0,0.0,2.0,1,0.0,0.0,0.0,gamma_fixed
livecodebench_101,livecodebench,479,4.034833908081055,4.034833908081055,0.22953960299491882,0.22953960299491882,1.0795958042144775,1.0,1.0,3.0,1,0.25,0.5,0.25,gamma_fixed
livecodebench_101,livecodebench,480,4.0142669677734375,4.0142669677734375,0.5953804850578308,0.5953804850578308,1.6197259426116943,1.0,2.0,3.0,1,0.5,1.0,0.5,gamma_fixed
livecodebench_101,livecodebench,481,8.787676811218262,8.787676811218262,0.19048093259334564,0.19048093259334564,1.5311789512634277,1.0,1.0,3.0,1,0.25,0.5,0.25,gamma_fixed
livecodebench_101,livecodebench,482,8.307328224182129,8.307328224182129,0.26809704303741455,0.26809704303741455,0.16751889884471893,1.0,2.0,3.0,1,0.5,1.0,0.5,gamma_fixed
livecodebench_101,livecodebench,483,6.364002227783203,6.364002227783203,0.27125728130340576,0.27125728130340576,3.5855472087860107,0.0,0.0,2.0,1,0.0,0.0,0.0,gamma_fixed
livecodebench_101,livecodebench,484,10.390443801879883,10.390443801879883,0.0724397599697113,0.0724397599697113,1.1307189464569092,0.0,0.0,2.0,1,0.0,0.0,0.0,gamma_fixed
livecodebench_101,livecodebench,485,3.5321457386016846,3.5321457386016846,0.5368318557739258,0.5368318557739258,1.5294816493988037,0.0,0.0,2.0,1,0.0,0.0,0.0,gamma_fixed
livecodebench_101,livecodebench,486,2.997591495513916,2.997591495513916,0.5756554007530212,0.5756554007530212,2.2627198696136475,1.0,1.0,3.0,1,0.25,0.5,0.25,gamma_fixed
livecodebench_101,livecodebench,487,6.817753791809082,6.817753791809082,0.3906507194042206,0.3906507194042206,0.5791226029396057,0.0,0.0,2.0,1,0.0,0.0,0.0,gamma_fixed
livecodebench_101,livecodebench,488,4.456427574157715,4.456427574157715,0.41992640495300293,0.41992640495300293,0.3124312162399292,0.0,0.0,2.0,1,0.0,0.0,0.0,gamma_fixed
livecodebench_101,livecodebench,489,8.27469253540039,8.27469253540039,0.3297650218009949,0.3297650218009949,3.0714526176452637,0.0,0.0,2.0,1,0.0,0.0,0.0,gamma_fixed
livecodebench_101,livecodebench,490,7.441108703613281,7.441108703613281,0.2535814046859741,0.2535814046859741,1.847895860671997,0.0,0.0,2.0,1,0.0,0.0,0.0,gamma_fixed
livecodebench_101,livecodebench,491,3.6658172607421875,3.6658172607421875,0.5182867646217346,0.5182867646217346,0.9526559114456177,1.0,2.0,3.0,1,0.5,1.0,0.5,gamma_fixed
livecodebench_101,livecodebench,492,3.942197799682617,3.942197799682617,0.3954486548900604,0.3954486548900604,0.7517431974411011,1.0,1.0,3.0,1,0.25,0.5,0.25,gamma_fixed
livecodebench_101,livecodebench,493,10.178619384765625,10.178619384765625,0.03642499819397926,0.03642499819397926,2.9810802936553955,1.0,3.0,4.0,1,0.75,1.0,0.75,gamma_fixed
livecodebench_101,livecodebench,494,9.155416488647461,9.155416488647461,0.05126725137233734,0.05126725137233734,1.874001383781433,1.0,1.0,3.0,1,0.25,0.5,0.25,gamma_fixed
livecodebench_101,livecodebench,495,4.3524274826049805,4.3524274826049805,0.4809781014919281,0.4809781014919281,1.4449269771575928,1.0,4.0,5.0,1,1.0,1.0,1.0,gamma_fixed
livecodebench_101,livecodebench,496,5.98599100112915,5.98599100112915,0.37094584107398987,0.37094584107398987,3.9973740577697754,0.0,0.0,2.0,1,0.0,0.0,0.0,gamma_fixed
livecodebench_101,livecodebench,497,7.730961799621582,7.730961799621582,0.16040103137493134,0.16040103137493134,1.3684184551239014,0.0,0.0,2.0,1,0.0,0.0,0.0,gamma_fixed
livecodebench_101,livecodebench,498,3.314230442047119,3.314230442047119,0.7120553851127625,0.7120553851127625,0.044264502823352814,1.0,1.0,2.0,1,0.25,1.0,0.25,gamma_fixed
livecodebench_101,livecodebench,499,4.965759754180908,4.965759754180908,0.30827659368515015,0.30827659368515015,2.0729663372039795,0.0,0.0,2.0,1,0.0,0.0,0.0,gamma_fixed
livecodebench_101,livecodebench,500,7.065239429473877,7.065239429473877,0.21689969301223755,0.21689969301223755,2.1228084564208984,0.0,0.0,2.0,1,0.0,0.0,0.0,gamma_fixed
livecodebench_101,livecodebench,501,5.848669052124023,5.848669052124023,0.2760676443576813,0.2760676443576813,0.05087433010339737,1.0,1.0,3.0,1,0.25,0.5,0.25,gamma_fixed
livecodebench_101,livecodebench,502,1.094272494316101,1.094272494316101,0.9380952715873718,0.9380952715873718,1.2381285429000854,1.0,1.0,3.0,1,0.25,0.5,0.25,gamma_fixed
livecodebench_101,livecodebench,503,3.2123148441314697,3.2123148441314697,0.4219818413257599,0.4219818413257599,0.9746946692466736,1.0,1.0,4.0,1,0.25,0.3333333333333333,0.25,gamma_fixed
livecodebench_101,livecodebench,504,3.2272496223449707,3.2272496223449707,0.6976013779640198,0.6976013779640198,0.0033105663023889065,1.0,1.0,3.0,1,0.25,0.5,0.25,gamma_fixed
livecodebench_101,livecodebench,505,9.578221321105957,9.578221321105957,0.06480787694454193,0.06480787694454193,1.4546985626220703,0.0,0.0,3.0,1,0.0,0.0,0.0,gamma_fixed
livecodebench_101,livecodebench,506,3.6310601234436035,3.6310601234436035,0.20535649359226227,0.20535649359226227,2.7519912719726562,1.0,3.0,4.0,1,0.75,1.0,0.75,gamma_fixed
livecodebench_101,livecodebench,507,5.551747798919678,5.551747798919678,0.5016054511070251,0.5016054511070251,3.383033514022827,0.0,0.0,2.0,1,0.0,0.0,0.0,gamma_fixed
livecodebench_101,livecodebench,508,9.211934089660645,9.211934089660645,0.0887550413608551,0.0887550413608551,0.9156582951545715,0.0,0.0,2.0,1,0.0,0.0,0.0,gamma_fixed
livecodebench_101,livecodebench,509,5.410667896270752,5.410667896270752,0.42425447702407837,0.42425447702407837,0.29862770438194275,1.0,1.0,3.0,1,0.25,0.5,0.25,gamma_fixed
livecodebench_101,livecodebench,510,3.1961095333099365,3.1961095333099365,0.5762178301811218,0.5762178301811218,0.8540440797805786,1.0,1.0,4.0,1,0.25,0.3333333333333333,0.25,gamma_fixed
livecodebench_101,livecodebench,511,0.9256269931793213,0.9256269931793213,0.9220870137214661,0.9220870137214661,0.2009841799736023,1.0,1.0,3.0,1,0.25,0.5,0.25,gamma_fixed
livecodebench_101,livecodebench,512,0.791038990020752,0.791038990020752,0.9275056719779968,0.9275056719779968,4.358321189880371,1.0,2.0,3.0,1,0.5,1.0,0.5,gamma_fixed
livecodebench_101,livecodebench,513,7.805708885192871,7.805708885192871,0.1113237738609314,0.1113237738609314,0.23363515734672546,0.0,0.0,2.0,1,0.0,0.0,0.0,gamma_fixed
livecodebench_101,livecodebench,514,9.020307540893555,9.020307540893555,0.07621333748102188,0.07621333748102188,1.6975919008255005,0.0,0.0,2.0,1,0.0,0.0,0.0,gamma_fixed
livecodebench_101,livecodebench,515,5.853086471557617,5.853086471557617,0.4366544187068939,0.4366544187068939,2.6926767826080322,1.0,2.0,3.0,1,0.5,1.0,0.5,gamma_fixed
livecodebench_101,livecodebench,516,9.60247802734375,9.60247802734375,0.09634269028902054,0.09634269028902054,0.01636836677789688,1.0,1.0,3.0,1,0.25,0.5,0.25,gamma_fixed
livecodebench_101,livecodebench,517,4.5893354415893555,4.5893354415893555,0.462100625038147,0.462100625038147,1.4589698314666748,1.0,1.0,2.0,1,0.25,1.0,0.25,gamma_fixed
livecodebench_101,livecodebench,518,4.919431686401367,4.919431686401367,0.5861498713493347,0.5861498713493347,3.4276061058044434,0.0,0.0,2.0,1,0.0,0.0,0.0,gamma_fixed
livecodebench_101,livecodebench,519,3.7994234561920166,3.7994234561920166,0.46142420172691345,0.46142420172691345,0.07131972908973694,1.0,3.0,4.0,1,0.75,1.0,0.75,gamma_fixed
livecodebench_101,livecodebench,520,8.426233291625977,8.426233291625977,0.20981618762016296,0.20981618762016296,0.7907588481903076,0.0,0.0,2.0,1,0.0,0.0,0.0,gamma_fixed
livecodebench_101,livecodebench,521,8.25395393371582,8.25395393371582,0.21084317564964294,0.21084317564964294,2.233621597290039,0.0,0.0,2.0,1,0.0,0.0,0.0,gamma_fixed
livecodebench_101,livecodebench,522,3.556478977203369,3.556478977203369,0.4317779839038849,0.4317779839038849,2.204242706298828,1.0,1.0,3.0,1,0.25,0.5,0.25,gamma_fixed
livecodebench_101,livecodebench,523,0.24435554444789886,0.24435554444789886,0.9828303456306458,0.9828303456306458,1.0635650157928467,1.0,2.0,3.0,1,0.5,1.0,0.5,gamma_fixed
livecodebench_101,livecodebench,524,6.65698766708374,6.65698766708374,0.21479184925556183,0.21479184925556183,1.2918591499328613,1.0,1.0,2.0,1,0.25,1.0,0.25,gamma_fixed
livecodebench_101,livecodebench,525,1.7920418977737427,1.7920418977737427,0.663870632648468,0.663870632648468,0.022019237279891968,1.0,3.0,4.0,1,0.75,1.0,0.75,gamma_fixed
livecodebench_101,livecodebench,526,0.249949648976326,0.249949648976326,0.9855561256408691,0.9855561256408691,0.8172978758811951,1.0,4.0,5.0,1,1.0,1.0,1.0,gamma_fixed
livecodebench_101,livecodebench,527,5.89755916595459,5.89755916595459,0.14434531331062317,0.14434531331062317,3.3660378456115723,1.0,2.0,5.0,1,0.5,0.5,0.5,gamma_fixed
livecodebench_101,livecodebench,528,0.32495468854904175,0.32495468854904175,0.9675487279891968,0.9675487279891968,0.010309788398444653,1.0,4.0,5.0,1,1.0,1.0,1.0,gamma_fixed
livecodebench_101,livecodebench,529,9.76725959777832,9.76725959777832,0.10895755141973495,0.10895755141973495,2.923995018005371,0.0,0.0,2.0,1,0.0,0.0,0.0,gamma_fixed
livecodebench_101,livecodebench,530,2.1077396869659424,2.1077396869659424,0.71101313829422,0.71101313829422,3.092534065246582,1.0,1.0,3.0,1,0.25,0.5,0.25,gamma_fixed
livecodebench_101,livecodebench,531,0.8414119482040405,0.8414119482040405,0.9092885851860046,0.9092885851860046,2.1416146755218506,1.0,2.0,4.0,1,0.5,0.6666666666666666,0.5,gamma_fixed
livecodebench_101,livecodebench,532,10.184001922607422,10.184001922607422,0.08997683227062225,0.08997683227062225,0.6465849876403809,0.0,0.0,2.0,1,0.0,0.0,0.0,gamma_fixed
livecodebench_101,livecodebench,533,10.059946060180664,10.059946060180664,0.10622588545084,0.10622588545084,1.7818381786346436,0.0,0.0,2.0,1,0.0,0.0,0.0,gamma_fixed
livecodebench_101,livecodebench,534,8.699518203735352,8.699518203735352,0.1626090705394745,0.1626090705394745,1.7652313709259033,0.0,0.0,2.0,1,0.0,0.0,0.0,gamma_fixed
livecodebench_101,livecodebench,535,2.745364189147949,2.745364189147949,0.6607983112335205,0.6607983112335205,0.04797662794589996,1.0,2.0,3.0,1,0.5,1.0,0.5,gamma_fixed
livecodebench_101,livecodebench,536,9.63996696472168,9.63996696472168,0.15156832337379456,0.15156832337379456,0.0005141214351169765,1.0,1.0,3.0,1,0.25,0.5,0.25,gamma_fixed
livecodebench_101,livecodebench,537,11.43755054473877,11.43755054473877,0.07286545634269714,0.07286545634269714,0.09929625689983368,1.0,4.0,5.0,1,1.0,1.0,1.0,gamma_fixed
livecodebench_101,livecodebench,538,7.668124675750732,7.668124675750732,0.23452448844909668,0.23452448844909668,0.8739413022994995,0.0,0.0,2.0,1,0.0,0.0,0.0,gamma_fixed
livecodebench_101,livecodebench,539,7.257452964782715,7.257452964782715,0.12131376564502716,0.12131376564502716,0.05119576305150986,0.0,0.0,2.0,1,0.0,0.0,0.0,gamma_fixed
livecodebench_101,livecodebench,540,1.5899460315704346,1.5899460315704346,0.6877928376197815,0.6877928376197815,1.590549111366272,0.0,0.0,3.0,1,0.0,0.0,0.0,gamma_fixed
livecodebench_101,livecodebench,541,4.54909086227417,4.54909086227417,0.24267901480197906,0.24267901480197906,0.08023194223642349,1.0,1.0,3.0,1,0.25,0.5,0.25,gamma_fixed
livecodebench_101,livecodebench,542,8.882704734802246,8.882704734802246,0.1301506757736206,0.1301506757736206,0.196090966463089,0.0,0.0,2.0,1,0.0,0.0,0.0,gamma_fixed
livecodebench_101,livecodebench,543,7.313845157623291,7.313845157623291,0.10396802425384521,0.10396802425384521,2.6516592502593994,1.0,2.0,3.0,1,0.5,1.0,0.5,gamma_fixed
livecodebench_101,livecodebench,544,3.563401222229004,3.563401222229004,0.5013605952262878,0.5013605952262878,0.0002060893748421222,1.0,2.0,3.0,1,0.5,1.0,0.5,gamma_fixed
livecodebench_101,livecodebench,545,6.006587028503418,6.006587028503418,0.1948077380657196,0.1948077380657196,0.2485162764787674,0.0,0.0,2.0,1,0.0,0.0,0.0,gamma_fixed
livecodebench_101,livecodebench,546,11.512298583984375,11.512298583984375,0.059123605489730835,0.059123605489730835,1.6400667428970337,1.0,1.0,3.0,1,0.25,0.5,0.25,gamma_fixed
livecodebench_101,livecodebench,547,4.370494842529297,4.370494842529297,0.35656100511550903,0.35656100511550903,0.4314902424812317,1.0,1.0,3.0,1,0.25,0.5,0.25,gamma_fixed
livecodebench_101,livecodebench,548,7.019486427307129,7.019486427307129,0.3572580814361572,0.3572580814361572,0.00017437804490327835,1.0,4.0,5.0,1,1.0,1.0,1.0,gamma_fixed
livecodebench_101,livecodebench,549,5.468830108642578,5.468830108642578,0.3544778823852539,0.3544778823852539,3.576199531555176,1.0,3.0,4.0,1,0.75,1.0,0.75,gamma_fixed
livecodebench_101,livecodebench,550,5.231365203857422,5.231365203857422,0.37058377265930176,0.37058377265930176,0.14312243461608887,1.0,2.0,5.0,1,0.5,0.5,0.5,gamma_fixed
livecodebench_101,livecodebench,551,3.7711021900177,3.7711021900177,0.41686201095581055,0.41686201095581055,2.1895956993103027,0.0,0.0,2.0,1,0.0,0.0,0.0,gamma_fixed
livecodebench_101,livecodebench,552,7.872565269470215,7.872565269470215,0.1043749451637268,0.1043749451637268,0.0021824827417731285,0.0,0.0,2.0,1,0.0,0.0,0.0,gamma_fixed
livecodebench_101,livecodebench,553,8.96706485748291,8.96706485748291,0.15068283677101135,0.15068283677101135,1.5386533737182617,0.0,0.0,2.0,1,0.0,0.0,0.0,gamma_fixed
livecodebench_101,livecodebench,554,9.376653671264648,9.376653671264648,0.0586635023355484,0.0586635023355484,0.0002389724540989846,0.0,0.0,2.0,1,0.0,0.0,0.0,gamma_fixed
livecodebench_101,livecodebench,555,6.681321144104004,6.681321144104004,0.29937610030174255,0.29937610030174255,0.03284279257059097,1.0,1.0,3.0,1,0.25,0.5,0.25,gamma_fixed
livecodebench_101,livecodebench,556,8.54365062713623,8.54365062713623,0.28014135360717773,0.28014135360717773,0.1963541954755783,0.0,0.0,2.0,1,0.0,0.0,0.0,gamma_fixed
livecodebench_101,livecodebench,557,6.020353317260742,6.020353317260742,0.38723233342170715,0.38723233342170715,1.5388445854187012,1.0,1.0,2.0,1,0.25,1.0,0.25,gamma_fixed
livecodebench_101,livecodebench,558,8.876072883605957,8.876072883605957,0.07372436672449112,0.07372436672449112,2.288238048553467,0.0,0.0,2.0,1,0.0,0.0,0.0,gamma_fixed
livecodebench_101,livecodebench,559,3.1759848594665527,3.1759848594665527,0.35621294379234314,0.35621294379234314,1.4269241094589233,1.0,1.0,3.0,1,0.25,0.5,0.25,gamma_fixed
livecodebench_101,livecodebench,560,2.898500919342041,2.898500919342041,0.7202730178833008,0.7202730178833008,0.007849812507629395,0.0,0.0,2.0,1,0.0,0.0,0.0,gamma_fixed
livecodebench_101,livecodebench,561,8.720346450805664,8.720346450805664,0.13454462587833405,0.13454462587833405,0.00013925418897997588,1.0,2.0,3.0,1,0.5,1.0,0.5,gamma_fixed
livecodebench_101,livecodebench,562,11.22168254852295,11.22168254852295,0.0809703841805458,0.0809703841805458,0.07933706790208817,1.0,3.0,4.0,1,0.75,1.0,0.75,gamma_fixed
livecodebench_101,livecodebench,563,11.603071212768555,11.603071212768555,0.03115595318377018,0.03115595318377018,7.728310447419062e-05,0.0,0.0,2.0,1,0.0,0.0,0.0,gamma_fixed
livecodebench_101,livecodebench,564,11.180267333984375,11.180267333984375,0.02809213474392891,0.02809213474392891,0.0021575598511844873,0.0,0.0,2.0,1,0.0,0.0,0.0,gamma_fixed
livecodebench_101,livecodebench,565,12.310866355895996,12.310866355895996,0.039616264402866364,0.039616264402866364,0.6510038375854492,0.0,0.0,2.0,1,0.0,0.0,0.0,gamma_fixed
livecodebench_101,livecodebench,566,1.5747774839401245,1.5747774839401245,0.7252135872840881,0.7252135872840881,0.40384015440940857,1.0,2.0,3.0,1,0.5,1.0,0.5,gamma_fixed
livecodebench_101,livecodebench,567,8.305524826049805,8.305524826049805,0.11418653279542923,0.11418653279542923,0.0004892827128060162,1.0,1.0,3.0,1,0.25,0.5,0.25,gamma_fixed
livecodebench_101,livecodebench,568,10.070964813232422,10.070964813232422,0.12178856879472733,0.12178856879472733,0.6265249252319336,0.0,0.0,2.0,1,0.0,0.0,0.0,gamma_fixed
livecodebench_101,livecodebench,569,4.895010948181152,4.895010948181152,0.5316149592399597,0.5316149592399597,0.0013581536477431655,1.0,3.0,4.0,1,0.75,1.0,0.75,gamma_fixed
livecodebench_101,livecodebench,570,8.973127365112305,8.973127365112305,0.11873521655797958,0.11873521655797958,0.7354000806808472,0.0,0.0,2.0,1,0.0,0.0,0.0,gamma_fixed
livecodebench_101,livecodebench,571,6.673300743103027,6.673300743103027,0.2950226366519928,0.2950226366519928,0.1095401719212532,0.0,0.0,2.0,1,0.0,0.0,0.0,gamma_fixed
livecodebench_101,livecodebench,572,8.706087112426758,8.706087112426758,0.15516266226768494,0.15516266226768494,0.015466294251382351,1.0,2.0,4.0,1,0.5,0.6666666666666666,0.5,gamma_fixed
livecodebench_101,livecodebench,573,9.85157585144043,9.85157585144043,0.06430353969335556,0.06430353969335556,0.6203045845031738,0.0,0.0,2.0,1,0.0,0.0,0.0,gamma_fixed
livecodebench_101,livecodebench,574,7.0826849937438965,7.0826849937438965,0.33137911558151245,0.33137911558151245,1.238663673400879,0.0,0.0,2.0,1,0.0,0.0,0.0,gamma_fixed
livecodebench_101,livecodebench,575,7.684941291809082,7.684941291809082,0.2079801857471466,0.2079801857471466,1.4586704969406128,1.0,1.0,3.0,1,0.25,0.5,0.25,gamma_fixed
livecodebench_101,livecodebench,576,0.3938390016555786,0.3938390016555786,0.9651599526405334,0.9651599526405334,2.0109176635742188,1.0,3.0,4.0,1,0.75,1.0,0.75,gamma_fixed
livecodebench_101,livecodebench,577,8.249484062194824,8.249484062194824,0.12738429009914398,0.12738429009914398,2.1751785278320312,0.0,0.0,2.0,1,0.0,0.0,0.0,gamma_fixed
livecodebench_101,livecodebench,578,5.623141288757324,5.623141288757324,0.22686539590358734,0.22686539590358734,2.009821653366089,0.0,0.0,2.0,1,0.0,0.0,0.0,gamma_fixed
livecodebench_101,livecodebench,579,3.585707902908325,3.585707902908325,0.3773397207260132,0.3773397207260132,0.5183935165405273,1.0,4.0,5.0,1,1.0,1.0,1.0,gamma_fixed
livecodebench_101,livecodebench,580,7.652067184448242,7.652067184448242,0.16581624746322632,0.16581624746322632,1.7698343992233276,0.0,0.0,2.0,1,0.0,0.0,0.0,gamma_fixed
livecodebench_101,livecodebench,581,10.693570137023926,10.693570137023926,0.05436094105243683,0.05436094105243683,1.576378583908081,1.0,1.0,3.0,1,0.25,0.5,0.25,gamma_fixed
livecodebench_101,livecodebench,582,10.507365226745605,10.507365226745605,0.07090003043413162,0.07090003043413162,0.0007292024092748761,0.0,0.0,2.0,1,0.0,0.0,0.0,gamma_fixed
livecodebench_101,livecodebench,583,10.780991554260254,10.780991554260254,0.05289464816451073,0.05289464816451073,1.4772305488586426,0.0,0.0,2.0,1,0.0,0.0,0.0,gamma_fixed
livecodebench_101,livecodebench,584,5.777751922607422,5.777751922607422,0.26627060770988464,0.26627060770988464,0.7141886949539185,0.0,0.0,2.0,1,0.0,0.0,0.0,gamma_fixed
livecodebench_101,livecodebench,585,8.844646453857422,8.844646453857422,0.10018055140972137,0.10018055140972137,1.357778549194336,0.0,0.0,2.0,1,0.0,0.0,0.0,gamma_fixed
livecodebench_101,livecodebench,586,10.966550827026367,10.966550827026367,0.07666121423244476,0.07666121423244476,0.3373125493526459,0.0,0.0,2.0,1,0.0,0.0,0.0,gamma_fixed
livecodebench_101,livecodebench,587,8.105752944946289,8.105752944946289,0.14661841094493866,0.14661841094493866,0.2965996563434601,0.0,0.0,2.0,1,0.0,0.0,0.0,gamma_fixed
livecodebench_101,livecodebench,588,6.957983016967773,6.957983016967773,0.16500858962535858,0.16500858962535858,0.33008283376693726,0.0,0.0,2.0,1,0.0,0.0,0.0,gamma_fixed
livecodebench_101,livecodebench,589,6.768003463745117,6.768003463745117,0.12155093252658844,0.12155093252658844,2.547745704650879,1.0,1.0,2.0,1,0.25,1.0,0.25,gamma_fixed
livecodebench_101,livecodebench,590,6.583837509155273,6.583837509155273,0.3392375409603119,0.3392375409603119,1.630083441734314,1.0,1.0,3.0,1,0.25,0.5,0.25,gamma_fixed
livecodebench_101,livecodebench,591,4.172834396362305,4.172834396362305,0.21208222210407257,0.21208222210407257,2.710705041885376,1.0,1.0,2.0,1,0.25,1.0,0.25,gamma_fixed
livecodebench_101,livecodebench,592,0.7863439321517944,0.7863439321517944,0.9313063025474548,0.9313063025474548,3.192363739013672,1.0,2.0,4.0,1,0.5,0.6666666666666666,0.5,gamma_fixed
livecodebench_101,livecodebench,593,5.287153244018555,5.287153244018555,0.4986749589443207,0.4986749589443207,3.224581718444824,1.0,1.0,3.0,1,0.25,0.5,0.25,gamma_fixed
livecodebench_101,livecodebench,594,0.25909799337387085,0.25909799337387085,0.972358763217926,0.972358763217926,0.139896422624588,1.0,2.0,4.0,1,0.5,0.6666666666666666,0.5,gamma_fixed
livecodebench_101,livecodebench,595,5.186515808105469,5.186515808105469,0.4721359610557556,0.4721359610557556,0.14943736791610718,0.0,0.0,2.0,1,0.0,0.0,0.0,gamma_fixed
livecodebench_101,livecodebench,596,2.9617514610290527,2.9617514610290527,0.60063636302948,0.60063636302948,2.4561643600463867,1.0,1.0,3.0,1,0.25,0.5,0.25,gamma_fixed
livecodebench_101,livecodebench,597,3.846156120300293,3.846156120300293,0.24244214594364166,0.24244214594364166,0.9797058701515198,1.0,2.0,4.0,1,0.5,0.6666666666666666,0.5,gamma_fixed
livecodebench_101,livecodebench,598,4.661732196807861,4.661732196807861,0.5172754526138306,0.5172754526138306,2.1168253421783447,0.0,0.0,2.0,1,0.0,0.0,0.0,gamma_fixed
livecodebench_101,livecodebench,599,8.078219413757324,8.078219413757324,0.1554660201072693,0.1554660201072693,1.942863941192627,0.0,0.0,2.0,1,0.0,0.0,0.0,gamma_fixed
livecodebench_101,livecodebench,600,6.263029098510742,6.263029098510742,0.32815873622894287,0.32815873622894287,1.6893211603164673,1.0,1.0,2.0,1,0.25,1.0,0.25,gamma_fixed
livecodebench_101,livecodebench,601,5.067495346069336,5.067495346069336,0.1830049306154251,0.1830049306154251,2.167170524597168,1.0,2.0,3.0,1,0.5,1.0,0.5,gamma_fixed
livecodebench_101,livecodebench,602,6.64310359954834,6.64310359954834,0.1499488651752472,0.1499488651752472,0.45032161474227905,0.0,0.0,2.0,1,0.0,0.0,0.0,gamma_fixed
livecodebench_101,livecodebench,603,8.539413452148438,8.539413452148438,0.09862739592790604,0.09862739592790604,0.7946935892105103,0.0,0.0,3.0,1,0.0,0.0,0.0,gamma_fixed
livecodebench_101,livecodebench,604,9.645465850830078,9.645465850830078,0.057081155478954315,0.057081155478954315,2.4730968475341797,0.0,0.0,2.0,1,0.0,0.0,0.0,gamma_fixed
livecodebench_101,livecodebench,605,2.9688570499420166,2.9688570499420166,0.6543766260147095,0.6543766260147095,2.1701736450195312,1.0,4.0,5.0,1,1.0,1.0,1.0,gamma_fixed
livecodebench_101,livecodebench,606,1.296906590461731,1.296906590461731,0.6974310874938965,0.6974310874938965,1.2268707752227783,1.0,1.0,4.0,1,0.25,0.3333333333333333,0.25,gamma_fixed
livecodebench_101,livecodebench,607,4.263686180114746,4.263686180114746,0.523373007774353,0.523373007774353,0.17724330723285675,1.0,1.0,3.0,1,0.25,0.5,0.25,gamma_fixed
livecodebench_101,livecodebench,608,0.09625288844108582,0.09625288844108582,0.994214653968811,0.994214653968811,1.139641523361206,1.0,4.0,5.0,1,1.0,1.0,1.0,gamma_fixed
livecodebench_101,livecodebench,609,4.631122589111328,4.631122589111328,0.6018106341362,0.6018106341362,1.2528769969940186,1.0,2.0,4.0,1,0.5,0.6666666666666666,0.5,gamma_fixed
livecodebench_101,livecodebench,610,0.33821478486061096,0.33821478486061096,0.9750182628631592,0.9750182628631592,0.009063509292900562,1.0,1.0,4.0,1,0.25,0.3333333333333333,0.25,gamma_fixed
livecodebench_101,livecodebench,611,2.197897434234619,2.197897434234619,0.669077455997467,0.669077455997467,0.7953441143035889,0.0,0.0,2.0,1,0.0,0.0,0.0,gamma_fixed
livecodebench_101,livecodebench,612,9.22315788269043,9.22315788269043,0.21774861216545105,0.21774861216545105,0.24474665522575378,0.0,0.0,2.0,1,0.0,0.0,0.0,gamma_fixed
livecodebench_101,livecodebench,613,7.589958190917969,7.589958190917969,0.29879194498062134,0.29879194498062134,2.454615592956543,1.0,1.0,2.0,1,0.25,1.0,0.25,gamma_fixed
livecodebench_101,livecodebench,614,5.805238723754883,5.805238723754883,0.44461485743522644,0.44461485743522644,0.13814792037010193,0.0,0.0,2.0,1,0.0,0.0,0.0,gamma_fixed
livecodebench_101,livecodebench,615,6.002418041229248,6.002418041229248,0.4777013659477234,0.4777013659477234,0.00027176516596227884,1.0,1.0,3.0,1,0.25,0.5,0.25,gamma_fixed
livecodebench_101,livecodebench,616,3.988039255142212,3.988039255142212,0.7169396281242371,0.7169396281242371,1.6709026098251343,1.0,3.0,4.0,1,0.75,1.0,0.75,gamma_fixed
livecodebench_101,livecodebench,617,7.371938705444336,7.371938705444336,0.21416349709033966,0.21416349709033966,1.1681604385375977,0.0,0.0,2.0,1,0.0,0.0,0.0,gamma_fixed
livecodebench_101,livecodebench,618,11.717745780944824,11.717745780944824,0.025778792798519135,0.025778792798519135,0.003964666277170181,0.0,0.0,2.0,1,0.0,0.0,0.0,gamma_fixed
livecodebench_101,livecodebench,619,5.866341590881348,5.866341590881348,0.35970866680145264,0.35970866680145264,0.2555801272392273,0.0,0.0,2.0,1,0.0,0.0,0.0,gamma_fixed
livecodebench_101,livecodebench,620,5.982757091522217,5.982757091522217,0.3073747754096985,0.3073747754096985,0.00035564531572163105,1.0,1.0,2.0,1,0.25,1.0,0.25,gamma_fixed
livecodebench_101,livecodebench,621,4.731069087982178,4.731069087982178,0.5243961811065674,0.5243961811065674,0.0019635932985693216,1.0,1.0,3.0,1,0.25,0.5,0.25,gamma_fixed
livecodebench_101,livecodebench,622,2.558623790740967,2.558623790740967,0.5321342945098877,0.5321342945098877,0.0020393647719174623,1.0,3.0,5.0,1,0.75,0.75,0.75,gamma_fixed
livecodebench_101,livecodebench,623,10.287454605102539,10.287454605102539,0.05238061025738716,0.05238061025738716,1.240926742553711,0.0,0.0,2.0,1,0.0,0.0,0.0,gamma_fixed
livecodebench_101,livecodebench,624,7.092093467712402,7.092093467712402,0.21605408191680908,0.21605408191680908,0.08313100785017014,0.0,0.0,2.0,1,0.0,0.0,0.0,gamma_fixed
livecodebench_101,livecodebench,625,4.450164794921875,4.450164794921875,0.3866654932498932,0.3866654932498932,0.0024066497571766376,1.0,2.0,3.0,1,0.5,1.0,0.5,gamma_fixed
livecodebench_101,livecodebench,626,5.11319637298584,5.11319637298584,0.33300110697746277,0.33300110697746277,0.01832425221800804,0.0,0.0,2.0,1,0.0,0.0,0.0,gamma_fixed
livecodebench_101,livecodebench,627,10.905430793762207,10.905430793762207,0.06076257303357124,0.06076257303357124,0.006502827629446983,0.0,0.0,2.0,1,0.0,0.0,0.0,gamma_fixed
livecodebench_101,livecodebench,628,9.973562240600586,9.973562240600586,0.04640664905309677,0.04640664905309677,0.8053581714630127,1.0,1.0,4.0,1,0.25,0.3333333333333333,0.25,gamma_fixed
livecodebench_101,livecodebench,629,6.586515426635742,6.586515426635742,0.18104957044124603,0.18104957044124603,0.002253877930343151,0.0,0.0,2.0,1,0.0,0.0,0.0,gamma_fixed
livecodebench_101,livecodebench,630,3.0886051654815674,3.0886051654815674,0.7209767699241638,0.7209767699241638,0.03479057922959328,0.0,0.0,2.0,1,0.0,0.0,0.0,gamma_fixed
livecodebench_101,livecodebench,631,2.400874376296997,2.400874376296997,0.8066674470901489,0.8066674470901489,0.0003643048112280667,0.0,0.0,2.0,1,0.0,0.0,0.0,gamma_fixed
livecodebench_101,livecodebench,632,10.908459663391113,10.908459663391113,0.07007402181625366,0.07007402181625366,7.066020043566823e-05,0.0,0.0,2.0,1,0.0,0.0,0.0,gamma_fixed
livecodebench_101,livecodebench,633,6.274926662445068,6.274926662445068,0.3821606934070587,0.3821606934070587,2.053306161542423e-05,0.0,0.0,2.0,1,0.0,0.0,0.0,gamma_fixed
livecodebench_101,livecodebench,634,6.515854835510254,6.515854835510254,0.21902823448181152,0.21902823448181152,0.005825353786349297,1.0,1.0,3.0,1,0.25,0.5,0.25,gamma_fixed
livecodebench_101,livecodebench,635,6.7633233070373535,6.7633233070373535,0.5072704553604126,0.5072704553604126,0.06966213881969452,0.0,0.0,2.0,1,0.0,0.0,0.0,gamma_fixed
livecodebench_101,livecodebench,636,7.792217254638672,7.792217254638672,0.2924410402774811,0.2924410402774811,0.0009146090596914291,1.0,1.0,3.0,1,0.25,0.5,0.25,gamma_fixed
livecodebench_101,livecodebench,637,10.137236595153809,10.137236595153809,0.16102883219718933,0.16102883219718933,0.24342718720436096,0.0,0.0,2.0,1,0.0,0.0,0.0,gamma_fixed
livecodebench_101,livecodebench,638,4.9379563331604,4.9379563331604,0.5722922682762146,0.5722922682762146,0.00028819055296480656,1.0,1.0,3.0,1,0.25,0.5,0.25,gamma_fixed
livecodebench_101,livecodebench,639,0.38692548871040344,0.38692548871040344,0.9782221913337708,0.9782221913337708,0.12767408788204193,1.0,1.0,3.0,1,0.25,0.5,0.25,gamma_fixed
livecodebench_101,livecodebench,640,10.180976867675781,10.180976867675781,0.06468142569065094,0.06468142569065094,0.00036638398887589574,0.0,0.0,2.0,1,0.0,0.0,0.0,gamma_fixed
livecodebench_101,livecodebench,641,5.262973308563232,5.262973308563232,0.621824324131012,0.621824324131012,0.9093048572540283,0.0,0.0,2.0,1,0.0,0.0,0.0,gamma_fixed
livecodebench_101,livecodebench,642,11.046801567077637,11.046801567077637,0.04533164203166962,0.04533164203166962,0.0020243339240550995,1.0,2.0,3.0,1,0.5,1.0,0.5,gamma_fixed
livecodebench_101,livecodebench,643,9.498617172241211,9.498617172241211,0.19085334241390228,0.19085334241390228,0.6593160629272461,0.0,0.0,2.0,1,0.0,0.0,0.0,gamma_fixed
livecodebench_101,livecodebench,644,10.725793838500977,10.725793838500977,0.09484903514385223,0.09484903514385223,0.0135240089148283,0.0,0.0,2.0,1,0.0,0.0,0.0,gamma_fixed
livecodebench_101,livecodebench,645,12.069694519042969,12.069694519042969,0.023563724011182785,0.023563724011182785,1.256408452987671,0.0,0.0,2.0,1,0.0,0.0,0.0,gamma_fixed
livecodebench_101,livecodebench,646,10.344245910644531,10.344245910644531,0.07117752730846405,0.07117752730846405,0.00025933183496817946,1.0,3.0,4.0,1,0.75,1.0,0.75,gamma_fixed
livecodebench_101,livecodebench,647,2.0631773471832275,2.0631773471832275,0.8656392097473145,0.8656392097473145,0.00328876543790102,1.0,1.0,3.0,1,0.25,0.5,0.25,gamma_fixed
livecodebench_101,livecodebench,648,9.700834274291992,9.700834274291992,0.09522026777267456,0.09522026777267456,0.9965652823448181,1.0,2.0,5.0,1,0.5,0.5,0.5,gamma_fixed
livecodebench_101,livecodebench,649,11.002172470092773,11.002172470092773,0.04998192936182022,0.04998192936182022,0.8129550814628601,0.0,0.0,2.0,1,0.0,0.0,0.0,gamma_fixed
livecodebench_101,livecodebench,650,8.892444610595703,8.892444610595703,0.2593415379524231,0.2593415379524231,1.5435054592671804e-05,1.0,2.0,3.0,1,0.5,1.0,0.5,gamma_fixed
livecodebench_101,livecodebench,651,1.103193998336792,1.103193998336792,0.9257524609565735,0.9257524609565735,0.0022894146386533976,1.0,1.0,3.0,1,0.25,0.5,0.25,gamma_fixed
livecodebench_101,livecodebench,652,6.804245948791504,6.804245948791504,0.39932936429977417,0.39932936429977417,0.0010852445848286152,0.0,0.0,2.0,1,0.0,0.0,0.0,gamma_fixed
livecodebench_101,livecodebench,653,8.970918655395508,8.970918655395508,0.247223898768425,0.247223898768425,0.010346753522753716,1.0,1.0,3.0,1,0.25,0.5,0.25,gamma_fixed
livecodebench_101,livecodebench,654,10.849860191345215,10.849860191345215,0.08585648238658905,0.08585648238658905,0.02575055882334709,1.0,2.0,3.0,1,0.5,1.0,0.5,gamma_fixed
livecodebench_101,livecodebench,655,4.405608177185059,4.405608177185059,0.5460851192474365,0.5460851192474365,0.0019005272770300508,1.0,2.0,3.0,1,0.5,1.0,0.5,gamma_fixed
livecodebench_101,livecodebench,656,6.281723499298096,6.281723499298096,0.36217600107192993,0.36217600107192993,0.9846340417861938,0.0,0.0,2.0,1,0.0,0.0,0.0,gamma_fixed
livecodebench_101,livecodebench,657,9.986841201782227,9.986841201782227,0.07786845415830612,0.07786845415830612,0.0003806058957707137,0.0,0.0,2.0,1,0.0,0.0,0.0,gamma_fixed
livecodebench_101,livecodebench,658,2.32995343208313,2.32995343208313,0.7751965522766113,0.7751965522766113,1.3304388523101807,0.0,0.0,2.0,1,0.0,0.0,0.0,gamma_fixed
livecodebench_101,livecodebench,659,2.2401394844055176,2.2401394844055176,0.7831862568855286,0.7831862568855286,3.295165777206421,0.0,0.0,2.0,1,0.0,0.0,0.0,gamma_fixed
livecodebench_101,livecodebench,660,3.4002809524536133,3.4002809524536133,0.5135006904602051,0.5135006904602051,0.05833130702376366,1.0,1.0,3.0,1,0.25,0.5,0.25,gamma_fixed
livecodebench_101,livecodebench,661,6.418355464935303,6.418355464935303,0.33267608284950256,0.33267608284950256,2.804410696029663,1.0,1.0,3.0,1,0.25,0.5,0.25,gamma_fixed
livecodebench_101,livecodebench,662,7.162932872772217,7.162932872772217,0.12036968767642975,0.12036968767642975,0.0024472905788570642,1.0,3.0,4.0,1,0.75,1.0,0.75,gamma_fixed
livecodebench_101,livecodebench,663,9.443357467651367,9.443357467651367,0.1495102047920227,0.1495102047920227,0.0005072386120446026,0.0,0.0,2.0,1,0.0,0.0,0.0,gamma_fixed
livecodebench_101,livecodebench,664,5.7361345291137695,5.7361345291137695,0.2667911648750305,0.2667911648750305,0.10525546967983246,0.0,0.0,2.0,1,0.0,0.0,0.0,gamma_fixed
livecodebench_101,livecodebench,665,6.922257423400879,6.922257423400879,0.33990076184272766,0.33990076184272766,0.0024939265567809343,1.0,4.0,5.0,1,1.0,1.0,1.0,gamma_fixed
livecodebench_101,livecodebench,666,5.640519142150879,5.640519142150879,0.3510330319404602,0.3510330319404602,0.01846207119524479,0.0,0.0,2.0,1,0.0,0.0,0.0,gamma_fixed
livecodebench_101,livecodebench,667,6.378550052642822,6.378550052642822,0.2741868793964386,0.2741868793964386,3.7839837074279785,1.0,3.0,4.0,1,0.75,1.0,0.75,gamma_fixed
livecodebench_101,livecodebench,668,5.6455278396606445,5.6455278396606445,0.19537928700447083,0.19537928700447083,3.9154553413391113,1.0,1.0,3.0,1,0.25,0.5,0.25,gamma_fixed
livecodebench_101,livecodebench,669,8.27749252319336,8.27749252319336,0.2264227420091629,0.2264227420091629,3.1342809200286865,0.0,0.0,2.0,1,0.0,0.0,0.0,gamma_fixed
livecodebench_101,livecodebench,670,7.143511772155762,7.143511772155762,0.17547927796840668,0.17547927796840668,0.7549551725387573,1.0,1.0,3.0,1,0.25,0.5,0.25,gamma_fixed
livecodebench_101,livecodebench,671,3.867717742919922,3.867717742919922,0.31099799275398254,0.31099799275398254,2.6245908737182617,1.0,1.0,2.0,1,0.25,1.0,0.25,gamma_fixed
livecodebench_101,livecodebench,672,7.448180675506592,7.448180675506592,0.11067338287830353,0.11067338287830353,1.3254011869430542,0.0,0.0,2.0,1,0.0,0.0,0.0,gamma_fixed
livecodebench_101,livecodebench,673,1.9974300861358643,1.9974300861358643,0.6989652514457703,0.6989652514457703,1.3509223461151123,1.0,1.0,3.0,1,0.25,0.5,0.25,gamma_fixed
livecodebench_104,livecodebench,0,4.076234817504883,4.076234817504883,0.5165182948112488,0.5165182948112488,3.111356258392334,0.0,0.0,2.0,1,0.0,0.0,0.0,gamma_fixed
livecodebench_104,livecodebench,1,8.414627075195312,8.414627075195312,0.17754775285720825,0.17754775285720825,1.1479616165161133,1.0,1.0,3.0,1,0.25,0.5,0.25,gamma_fixed
livecodebench_104,livecodebench,2,7.881608963012695,7.881608963012695,0.149656280875206,0.149656280875206,1.3256970643997192,0.0,0.0,2.0,1,0.0,0.0,0.0,gamma_fixed
livecodebench_104,livecodebench,3,0.6905004978179932,0.6905004978179932,0.886113166809082,0.886113166809082,0.32223859429359436,1.0,4.0,5.0,1,1.0,1.0,1.0,gamma_fixed
livecodebench_104,livecodebench,4,5.96955680847168,5.96955680847168,0.2958882451057434,0.2958882451057434,0.9098284244537354,1.0,1.0,3.0,1,0.25,0.5,0.25,gamma_fixed
livecodebench_104,livecodebench,5,0.1654607355594635,0.1654607355594635,0.9784461259841919,0.9784461259841919,1.8033741071121767e-05,1.0,2.0,3.0,1,0.5,1.0,0.5,gamma_fixed
livecodebench_104,livecodebench,6,4.278896331787109,4.278896331787109,0.20256799459457397,0.20256799459457397,0.5174255967140198,1.0,1.0,2.0,1,0.25,1.0,0.25,gamma_fixed
livecodebench_104,livecodebench,7,6.752166748046875,6.752166748046875,0.2884700298309326,0.2884700298309326,0.13838177919387817,1.0,3.0,4.0,1,0.75,1.0,0.75,gamma_fixed
livecodebench_104,livecodebench,8,9.436294555664062,9.436294555664062,0.11735190451145172,0.11735190451145172,0.002641069469973445,1.0,1.0,3.0,1,0.25,0.5,0.25,gamma_fixed
livecodebench_104,livecodebench,9,9.315994262695312,9.315994262695312,0.11530710011720657,0.11530710011720657,2.25435209274292,1.0,1.0,2.0,1,0.25,1.0,0.25,gamma_fixed
livecodebench_104,livecodebench,10,1.744673728942871,1.744673728942871,0.7330459356307983,0.7330459356307983,1.4655157327651978,0.0,0.0,2.0,1,0.0,0.0,0.0,gamma_fixed
livecodebench_104,livecodebench,11,4.003221035003662,4.003221035003662,0.30647557973861694,0.30647557973861694,1.1293847560882568,1.0,1.0,3.0,1,0.25,0.5,0.25,gamma_fixed
livecodebench_104,livecodebench,12,3.4010093212127686,3.4010093212127686,0.36217600107192993,0.36217600107192993,0.9965029954910278,0.0,0.0,2.0,1,0.0,0.0,0.0,gamma_fixed
livecodebench_104,livecodebench,13,8.637882232666016,8.637882232666016,0.23475362360477448,0.23475362360477448,0.9485095739364624,0.0,0.0,2.0,1,0.0,0.0,0.0,gamma_fixed
livecodebench_104,livecodebench,14,5.359302997589111,5.359302997589111,0.2603565752506256,0.2603565752506256,0.15516704320907593,0.0,0.0,2.0,1,0.0,0.0,0.0,gamma_fixed
livecodebench_104,livecodebench,15,0.018098771572113037,0.018098771572113037,0.998828649520874,0.998828649520874,0.42187267541885376,1.0,1.0,3.0,1,0.25,0.5,0.25,gamma_fixed
livecodebench_104,livecodebench,16,7.180941581726074,7.180941581726074,0.17876562476158142,0.17876562476158142,0.8888595104217529,0.0,0.0,2.0,1,0.0,0.0,0.0,gamma_fixed
livecodebench_104,livecodebench,17,8.971945762634277,8.971945762634277,0.1576061248779297,0.1576061248779297,0.0432322658598423,0.0,0.0,2.0,1,0.0,0.0,0.0,gamma_fixed
livecodebench_104,livecodebench,18,10.576688766479492,10.576688766479492,0.04559803754091263,0.04559803754091263,0.058605216443538666,0.0,0.0,2.0,1,0.0,0.0,0.0,gamma_fixed
livecodebench_104,livecodebench,19,7.831077575683594,7.831077575683594,0.2715223431587219,0.2715223431587219,1.2764334678649902,1.0,2.0,3.0,1,0.5,1.0,0.5,gamma_fixed
livecodebench_104,livecodebench,20,6.477658271789551,6.477658271789551,0.31527912616729736,0.31527912616729736,0.6609556674957275,0.0,0.0,2.0,1,0.0,0.0,0.0,gamma_fixed
livecodebench_104,livecodebench,21,8.68266773223877,8.68266773223877,0.19942747056484222,0.19942747056484222,0.9166478514671326,0.0,0.0,2.0,1,0.0,0.0,0.0,gamma_fixed
livecodebench_104,livecodebench,22,7.061418533325195,7.061418533325195,0.44963622093200684,0.44963622093200684,5.479111860040575e-05,0.0,0.0,2.0,1,0.0,0.0,0.0,gamma_fixed
livecodebench_104,livecodebench,23,3.923408031463623,3.923408031463623,0.6537378430366516,0.6537378430366516,0.00011614031973294914,0.0,0.0,2.0,1,0.0,0.0,0.0,gamma_fixed
livecodebench_104,livecodebench,24,0.24630983173847198,0.24630983173847198,0.9830103516578674,0.9830103516578674,2.9883227348327637,1.0,2.0,4.0,1,0.5,0.6666666666666666,0.5,gamma_fixed
livecodebench_104,livecodebench,25,3.819028854370117,3.819028854370117,0.6947120428085327,0.6947120428085327,1.9592170715332031,0.0,0.0,2.0,1,0.0,0.0,0.0,gamma_fixed
livecodebench_104,livecodebench,26,4.9359025955200195,4.9359025955200195,0.5916131734848022,0.5916131734848022,0.07239337265491486,0.0,0.0,2.0,1,0.0,0.0,0.0,gamma_fixed
livecodebench_104,livecodebench,27,8.031003952026367,8.031003952026367,0.15561790764331818,0.15561790764331818,0.32864701747894287,0.0,0.0,2.0,1,0.0,0.0,0.0,gamma_fixed
livecodebench_104,livecodebench,28,1.1419141292572021,1.1419141292572021,0.8133913278579712,0.8133913278579712,0.6051321625709534,1.0,1.0,3.0,1,0.25,0.5,0.25,gamma_fixed
livecodebench_104,livecodebench,29,0.0795774757862091,0.0795774757862091,0.9936156272888184,0.9936156272888184,1.2084797620773315,1.0,3.0,4.0,1,0.75,1.0,0.75,gamma_fixed
livecodebench_104,livecodebench,30,3.5587854385375977,3.5587854385375977,0.35656100511550903,0.35656100511550903,0.5162075757980347,1.0,1.0,2.0,1,0.25,1.0,0.25,gamma_fixed
livecodebench_104,livecodebench,31,3.1282496452331543,3.1282496452331543,0.4290459156036377,0.4290459156036377,1.4848312139511108,1.0,2.0,3.0,1,0.5,1.0,0.5,gamma_fixed
livecodebench_104,livecodebench,32,11.041465759277344,11.041465759277344,0.027710678055882454,0.027710678055882454,0.3882327675819397,0.0,0.0,2.0,1,0.0,0.0,0.0,gamma_fixed
livecodebench_104,livecodebench,33,9.044510841369629,9.044510841369629,0.07621333748102188,0.07621333748102188,2.6538212299346924,0.0,0.0,2.0,1,0.0,0.0,0.0,gamma_fixed
livecodebench_104,livecodebench,34,3.565666675567627,3.565666675567627,0.3288002908229828,0.3288002908229828,1.6400327682495117,1.0,1.0,3.0,1,0.25,0.5,0.25,gamma_fixed
livecodebench_104,livecodebench,35,4.292940616607666,4.292940616607666,0.4481019973754883,0.4481019973754883,1.8161885738372803,1.0,1.0,3.0,1,0.25,0.5,0.25,gamma_fixed
livecodebench_104,livecodebench,36,7.357104778289795,7.357104778289795,0.09805118292570114,0.09805118292570114,4.837013693759218e-05,1.0,1.0,2.0,1,0.25,1.0,0.25,gamma_fixed
livecodebench_104,livecodebench,37,1.3623180389404297,1.3623180389404297,0.7585343718528748,0.7585343718528748,1.4213471412658691,1.0,2.0,4.0,1,0.5,0.6666666666666666,0.5,gamma_fixed
livecodebench_104,livecodebench,38,11.587980270385742,11.587980270385742,0.026649096980690956,0.026649096980690956,0.06741925328969955,0.0,0.0,2.0,1,0.0,0.0,0.0,gamma_fixed
livecodebench_104,livecodebench,39,3.236544132232666,3.236544132232666,0.22976388037204742,0.22976388037204742,1.9618316888809204,0.0,0.0,2.0,1,0.0,0.0,0.0,gamma_fixed
livecodebench_104,livecodebench,40,2.6541829109191895,2.6541829109191895,0.45272043347358704,0.45272043347358704,2.18475604057312,0.0,0.0,2.0,1,0.0,0.0,0.0,gamma_fixed
livecodebench_104,livecodebench,41,6.188027381896973,6.188027381896973,0.5067753195762634,0.5067753195762634,0.00012951115786563605,1.0,4.0,5.0,1,1.0,1.0,1.0,gamma_fixed
livecodebench_104,livecodebench,42,9.358241081237793,9.358241081237793,0.14921846985816956,0.14921846985816956,1.1759264469146729,1.0,3.0,4.0,1,0.75,1.0,0.75,gamma_fixed
livecodebench_104,livecodebench,43,9.5192232131958,9.5192232131958,0.11804153025150299,0.11804153025150299,2.423278331756592,0.0,0.0,2.0,1,0.0,0.0,0.0,gamma_fixed
livecodebench_104,livecodebench,44,7.44470739364624,7.44470739364624,0.24601967632770538,0.24601967632770538,3.34529447555542,0.0,0.0,2.0,1,0.0,0.0,0.0,gamma_fixed
livecodebench_104,livecodebench,45,8.445556640625,8.445556640625,0.103360615670681,0.103360615670681,1.7785887718200684,0.0,0.0,2.0,1,0.0,0.0,0.0,gamma_fixed
livecodebench_104,livecodebench,46,8.250283241271973,8.250283241271973,0.15380489826202393,0.15380489826202393,2.943972587585449,1.0,1.0,2.0,1,0.25,1.0,0.25,gamma_fixed
livecodebench_104,livecodebench,47,2.390817642211914,2.390817642211914,0.7011871337890625,0.7011871337890625,1.4842805862426758,1.0,2.0,4.0,1,0.5,0.6666666666666666,0.5,gamma_fixed
livecodebench_104,livecodebench,48,7.884952545166016,7.884952545166016,0.30617645382881165,0.30617645382881165,0.827819287776947,0.0,0.0,2.0,1,0.0,0.0,0.0,gamma_fixed
livecodebench_104,livecodebench,49,9.453397750854492,9.453397750854492,0.12178856879472733,0.12178856879472733,1.7142776250839233,1.0,1.0,3.0,1,0.25,0.5,0.25,gamma_fixed
livecodebench_104,livecodebench,50,0.17223358154296875,0.17223358154296875,0.988372266292572,0.988372266292572,0.2523038983345032,1.0,2.0,4.0,1,0.5,0.6666666666666666,0.5,gamma_fixed
livecodebench_104,livecodebench,51,8.891027450561523,8.891027450561523,0.13040512800216675,0.13040512800216675,7.591051689814776e-05,1.0,1.0,3.0,1,0.25,0.5,0.25,gamma_fixed
livecodebench_104,livecodebench,52,0.04059300571680069,0.04059300571680069,0.9980574250221252,0.9980574250221252,2.876835823059082,1.0,3.0,5.0,1,0.75,0.75,0.75,gamma_fixed
livecodebench_104,livecodebench,53,8.977823257446289,8.977823257446289,0.15083004534244537,0.15083004534244537,0.45771467685699463,0.0,0.0,2.0,1,0.0,0.0,0.0,gamma_fixed
livecodebench_104,livecodebench,54,8.722805976867676,8.722805976867676,0.13840943574905396,0.13840943574905396,1.601250410079956,0.0,0.0,2.0,1,0.0,0.0,0.0,gamma_fixed
livecodebench_104,livecodebench,55,3.777628183364868,3.777628183364868,0.45073533058166504,0.45073533058166504,0.053300995379686356,1.0,2.0,4.0,1,0.5,0.6666666666666666,0.5,gamma_fixed
livecodebench_104,livecodebench,56,2.6481380462646484,2.6481380462646484,0.4341033399105072,0.4341033399105072,0.019206246361136436,1.0,1.0,3.0,1,0.25,0.5,0.25,gamma_fixed
livecodebench_104,livecodebench,57,10.524630546569824,10.524630546569824,0.06805085390806198,0.06805085390806198,1.5563790798187256,0.0,0.0,2.0,1,0.0,0.0,0.0,gamma_fixed
livecodebench_104,livecodebench,58,4.411591529846191,4.411591529846191,0.4989185333251953,0.4989185333251953,0.00808592326939106,1.0,2.0,4.0,1,0.5,0.6666666666666666,0.5,gamma_fixed
livecodebench_104,livecodebench,59,0.9251178503036499,0.9251178503036499,0.9397858381271362,0.9397858381271362,0.08012735843658447,1.0,1.0,3.0,1,0.25,0.5,0.25,gamma_fixed
livecodebench_104,livecodebench,60,9.57514762878418,9.57514762878418,0.07459340989589691,0.07459340989589691,2.4383625984191895,1.0,2.0,4.0,1,0.5,0.6666666666666666,0.5,gamma_fixed
livecodebench_104,livecodebench,61,3.90447735786438,3.90447735786438,0.31282562017440796,0.31282562017440796,1.4925366640090942,0.0,0.0,2.0,1,0.0,0.0,0.0,gamma_fixed
livecodebench_104,livecodebench,62,5.965021133422852,5.965021133422852,0.17616607248783112,0.17616607248783112,2.1807897090911865,1.0,1.0,3.0,1,0.25,0.5,0.25,gamma_fixed
livecodebench_104,livecodebench,63,8.620397567749023,8.620397567749023,0.14561955630779266,0.14561955630779266,0.2302006334066391,0.0,0.0,2.0,1,0.0,0.0,0.0,gamma_fixed
livecodebench_104,livecodebench,64,4.440696716308594,4.440696716308594,0.29820892214775085,0.29820892214775085,1.7229567766189575,0.0,0.0,2.0,1,0.0,0.0,0.0,gamma_fixed
livecodebench_104,livecodebench,65,11.100942611694336,11.100942611694336,0.036639049649238586,0.036639049649238586,0.00011392791930120438,1.0,2.0,3.0,1,0.5,1.0,0.5,gamma_fixed
livecodebench_104,livecodebench,66,8.455341339111328,8.455341339111328,0.1759941130876541,0.1759941130876541,1.0160186290740967,0.0,0.0,2.0,1,0.0,0.0,0.0,gamma_fixed
livecodebench_104,livecodebench,67,4.896433353424072,4.896433353424072,0.4085996150970459,0.4085996150970459,1.9292783737182617,1.0,1.0,2.0,1,0.25,1.0,0.25,gamma_fixed
livecodebench_104,livecodebench,68,3.854532241821289,3.854532241821289,0.3442434072494507,0.3442434072494507,0.07082179933786392,1.0,3.0,5.0,1,0.75,0.75,0.75,gamma_fixed
livecodebench_104,livecodebench,69,7.40277624130249,7.40277624130249,0.15305574238300323,0.15305574238300323,0.00028752326034009457,1.0,1.0,3.0,1,0.25,0.5,0.25,gamma_fixed
livecodebench_104,livecodebench,70,9.160972595214844,9.160972595214844,0.08065471053123474,0.08065471053123474,0.003547822590917349,1.0,1.0,2.0,1,0.25,1.0,0.25,gamma_fixed
livecodebench_104,livecodebench,71,0.07681426405906677,0.07681426405906677,0.9961906671524048,0.9961906671524048,0.00019058541511185467,1.0,3.0,4.0,1,0.75,1.0,0.75,gamma_fixed
livecodebench_104,livecodebench,72,11.796031951904297,11.796031951904297,0.05608654022216797,0.05608654022216797,0.04744013398885727,0.0,0.0,2.0,1,0.0,0.0,0.0,gamma_fixed
livecodebench_104,livecodebench,73,3.833343029022217,3.833343029022217,0.6291542053222656,0.6291542053222656,0.09327654540538788,1.0,3.0,4.0,1,0.75,1.0,0.75,gamma_fixed
livecodebench_104,livecodebench,74,9.71160888671875,9.71160888671875,0.10874495655298233,0.10874495655298233,0.0040964907966554165,0.0,0.0,2.0,1,0.0,0.0,0.0,gamma_fixed
livecodebench_104,livecodebench,75,9.580621719360352,9.580621719360352,0.11067338287830353,0.11067338287830353,0.013172872364521027,1.0,2.0,4.0,1,0.5,0.6666666666666666,0.5,gamma_fixed
livecodebench_104,livecodebench,76,8.839681625366211,8.839681625366211,0.13375858962535858,0.13375858962535858,1.2678687572479248,1.0,1.0,3.0,1,0.25,0.5,0.25,gamma_fixed
livecodebench_104,livecodebench,77,4.44456672668457,4.44456672668457,0.6147298812866211,0.6147298812866211,0.0007097546476870775,1.0,1.0,3.0,1,0.25,0.5,0.25,gamma_fixed
livecodebench_104,livecodebench,78,1.6012492179870605,1.6012492179870605,0.8131927847862244,0.8131927847862244,0.7757912278175354,1.0,3.0,4.0,1,0.75,1.0,0.75,gamma_fixed
livecodebench_104,livecodebench,79,6.86616325378418,6.86616325378418,0.2089981734752655,0.2089981734752655,3.0723114013671875,0.0,0.0,2.0,1,0.0,0.0,0.0,gamma_fixed
livecodebench_104,livecodebench,80,7.35971212387085,7.35971212387085,0.21584318578243256,0.21584318578243256,2.367135763168335,0.0,0.0,2.0,1,0.0,0.0,0.0,gamma_fixed
livecodebench_104,livecodebench,81,8.389237403869629,8.389237403869629,0.2407904863357544,0.2407904863357544,0.5408846735954285,0.0,0.0,2.0,1,0.0,0.0,0.0,gamma_fixed
livecodebench_104,livecodebench,82,2.799788475036621,2.799788475036621,0.3948698043823242,0.3948698043823242,1.6085100173950195,1.0,1.0,3.0,1,0.25,0.5,0.25,gamma_fixed
livecodebench_104,livecodebench,83,0.7598928213119507,0.7598928213119507,0.8840063810348511,0.8840063810348511,1.0616700649261475,1.0,2.0,3.0,1,0.5,1.0,0.5,gamma_fixed
livecodebench_104,livecodebench,84,2.28240966796875,2.28240966796875,0.8457931280136108,0.8457931280136108,1.7391457557678223,1.0,3.0,4.0,1,0.75,1.0,0.75,gamma_fixed
livecodebench_104,livecodebench,85,2.6493616104125977,2.6493616104125977,0.7023864388465881,0.7023864388465881,1.9973318558186293e-05,1.0,1.0,3.0,1,0.25,0.5,0.25,gamma_fixed
livecodebench_104,livecodebench,86,5.743528366088867,5.743528366088867,0.4441808760166168,0.4441808760166168,0.004182427655905485,0.0,0.0,2.0,1,0.0,0.0,0.0,gamma_fixed
livecodebench_104,livecodebench,87,0.18774057924747467,0.18774057924747467,0.9897984862327576,0.9897984862327576,0.15636444091796875,1.0,2.0,3.0,1,0.5,1.0,0.5,gamma_fixed
livecodebench_104,livecodebench,88,4.036187171936035,4.036187171936035,0.5305776596069336,0.5305776596069336,2.04853892326355,0.0,0.0,2.0,1,0.0,0.0,0.0,gamma_fixed
livecodebench_104,livecodebench,89,6.4837493896484375,6.4837493896484375,0.3375851511955261,0.3375851511955261,0.0052315713837742805,0.0,0.0,2.0,1,0.0,0.0,0.0,gamma_fixed
livecodebench_104,livecodebench,90,6.166215896606445,6.166215896606445,0.18918326497077942,0.18918326497077942,2.107081174850464,0.0,0.0,2.0,1,0.0,0.0,0.0,gamma_fixed
livecodebench_104,livecodebench,91,6.631263732910156,6.631263732910156,0.2035595029592514,0.2035595029592514,1.626761794090271,1.0,1.0,3.0,1,0.25,0.5,0.25,gamma_fixed
livecodebench_104,livecodebench,92,0.6388921737670898,0.6388921737670898,0.9201192855834961,0.9201192855834961,0.0021410700865089893,1.0,4.0,5.0,1,1.0,1.0,1.0,gamma_fixed
livecodebench_104,livecodebench,93,1.5370491743087769,1.5370491743087769,0.817073404788971,0.817073404788971,2.048274278640747,1.0,2.0,4.0,1,0.5,0.6666666666666666,0.5,gamma_fixed
livecodebench_104,livecodebench,94,5.690929412841797,5.690929412841797,0.32815873622894287,0.32815873622894287,2.607787609100342,0.0,0.0,2.0,1,0.0,0.0,0.0,gamma_fixed
livecodebench_104,livecodebench,95,10.961557388305664,10.961557388305664,0.06269139051437378,0.06269139051437378,0.6967662572860718,0.0,0.0,2.0,1,0.0,0.0,0.0,gamma_fixed
livecodebench_104,livecodebench,96,9.50916862487793,9.50916862487793,0.1862502545118332,0.1862502545118332,0.0001698318519629538,0.0,0.0,2.0,1,0.0,0.0,0.0,gamma_fixed
livecodebench_104,livecodebench,97,1.73970365524292,1.73970365524292,0.4897466003894806,0.4897466003894806,1.2266404628753662,1.0,3.0,5.0,1,0.75,0.75,0.75,gamma_fixed
livecodebench_104,livecodebench,98,9.036918640136719,9.036918640136719,0.08602433651685715,0.08602433651685715,0.0056186458095908165,0.0,0.0,2.0,1,0.0,0.0,0.0,gamma_fixed
livecodebench_104,livecodebench,99,6.110625267028809,6.110625267028809,0.23915007710456848,0.23915007710456848,1.8851006031036377,1.0,4.0,5.0,1,1.0,1.0,1.0,gamma_fixed
livecodebench_104,livecodebench,100,10.283464431762695,10.283464431762695,0.05854903906583786,0.05854903906583786,1.5643327236175537,1.0,1.0,3.0,1,0.25,0.5,0.25,gamma_fixed
livecodebench_104,livecodebench,101,7.620388984680176,7.620388984680176,0.19652745127677917,0.19652745127677917,1.4599261283874512,0.0,0.0,2.0,1,0.0,0.0,0.0,gamma_fixed
livecodebench_104,livecodebench,102,5.797215461730957,5.797215461730957,0.24055545032024384,0.24055545032024384,1.811370849609375,0.0,0.0,2.0,1,0.0,0.0,0.0,gamma_fixed
livecodebench_104,livecodebench,103,0.851098895072937,0.851098895072937,0.8637392520904541,0.8637392520904541,1.0693702697753906,1.0,1.0,3.0,1,0.25,0.5,0.25,gamma_fixed
livecodebench_104,livecodebench,104,2.435945510864258,2.435945510864258,0.3877999782562256,0.3877999782562256,1.4914278984069824,0.0,0.0,2.0,1,0.0,0.0,0.0,gamma_fixed
livecodebench_104,livecodebench,105,2.030128240585327,2.030128240585327,0.7174649238586426,0.7174649238586426,2.5921525955200195,0.0,0.0,2.0,1,0.0,0.0,0.0,gamma_fixed
livecodebench_104,livecodebench,106,1.7252378463745117,1.7252378463745117,0.6953908205032349,0.6953908205032349,1.7959983348846436,0.0,0.0,2.0,1,0.0,0.0,0.0,gamma_fixed
livecodebench_104,livecodebench,107,0.37642377614974976,0.37642377614974976,0.9704911112785339,0.9704911112785339,0.1722223460674286,1.0,3.0,5.0,1,0.75,0.75,0.75,gamma_fixed
livecodebench_104,livecodebench,108,9.55158805847168,9.55158805847168,0.09015273302793503,0.09015273302793503,0.00010130758164450526,1.0,1.0,2.0,1,0.25,1.0,0.25,gamma_fixed
livecodebench_104,livecodebench,109,9.203317642211914,9.203317642211914,0.14704859256744385,0.14704859256744385,1.1343450546264648,1.0,3.0,4.0,1,0.75,1.0,0.75,gamma_fixed
livecodebench_104,livecodebench,110,2.1988601684570312,2.1988601684570312,0.8276135325431824,0.8276135325431824,1.1260638236999512,0.0,0.0,3.0,1,0.0,0.0,0.0,gamma_fixed
livecodebench_104,livecodebench,111,7.699460983276367,7.699460983276367,0.3002544343471527,0.3002544343471527,1.5385031700134277,0.0,0.0,2.0,1,0.0,0.0,0.0,gamma_fixed
livecodebench_104,livecodebench,112,9.11048698425293,9.11048698425293,0.08305259048938751,0.08305259048938751,1.0178239345550537,1.0,1.0,3.0,1,0.25,0.5,0.25,gamma_fixed
livecodebench_104,livecodebench,113,4.383967399597168,4.383967399597168,0.5243961811065674,0.5243961811065674,0.07152976840734482,1.0,2.0,3.0,1,0.5,1.0,0.5,gamma_fixed
livecodebench_104,livecodebench,114,7.242401599884033,7.242401599884033,0.13480766117572784,0.13480766117572784,0.9615482091903687,1.0,1.0,2.0,1,0.25,1.0,0.25,gamma_fixed
livecodebench_104,livecodebench,115,5.351895809173584,5.351895809173584,0.42758193612098694,0.42758193612098694,1.1574368476867676,1.0,1.0,3.0,1,0.25,0.5,0.25,gamma_fixed
livecodebench_104,livecodebench,116,7.951744556427002,7.951744556427002,0.3227557837963104,0.3227557837963104,0.9292207956314087,1.0,2.0,4.0,1,0.5,0.6666666666666666,0.5,gamma_fixed
livecodebench_104,livecodebench,117,5.960101127624512,5.960101127624512,0.11735190451145172,0.11735190451145172,2.9351253509521484,1.0,3.0,4.0,1,0.75,1.0,0.75,gamma_fixed
livecodebench_104,livecodebench,118,7.291862487792969,7.291862487792969,0.19235022366046906,0.19235022366046906,1.5064010620117188,1.0,1.0,2.0,1,0.25,1.0,0.25,gamma_fixed
livecodebench_104,livecodebench,119,6.758671283721924,6.758671283721924,0.19768236577510834,0.19768236577510834,0.608634352684021,0.0,0.0,2.0,1,0.0,0.0,0.0,gamma_fixed
livecodebench_104,livecodebench,120,5.187715530395508,5.187715530395508,0.3227557837963104,0.3227557837963104,0.40404075384140015,1.0,1.0,2.0,1,0.25,1.0,0.25,gamma_fixed
livecodebench_104,livecodebench,121,2.7328665256500244,2.7328665256500244,0.5870091319084167,0.5870091319084167,1.0476495027542114,1.0,2.0,3.0,1,0.5,1.0,0.5,gamma_fixed
livecodebench_104,livecodebench,122,7.133273124694824,7.133273124694824,0.22117765247821808,0.22117765247821808,1.0808351039886475,0.0,0.0,2.0,1,0.0,0.0,0.0,gamma_fixed
livecodebench_104,livecodebench,123,7.930880546569824,7.930880546569824,0.26940929889678955,0.26940929889678955,2.0131990909576416,0.0,0.0,2.0,1,0.0,0.0,0.0,gamma_fixed
livecodebench_104,livecodebench,124,4.712862014770508,4.712862014770508,0.5251649022102356,0.5251649022102356,2.033527374267578,0.0,0.0,2.0,1,0.0,0.0,0.0,gamma_fixed
livecodebench_104,livecodebench,125,3.232497215270996,3.232497215270996,0.4735212028026581,0.4735212028026581,1.1917130947113037,1.0,2.0,3.0,1,0.5,1.0,0.5,gamma_fixed
livecodebench_104,livecodebench,126,6.007463455200195,6.007463455200195,0.16859205067157745,0.16859205067157745,0.3105660080909729,0.0,0.0,2.0,1,0.0,0.0,0.0,gamma_fixed
livecodebench_104,livecodebench,127,5.005223274230957,5.005223274230957,0.5279932022094727,0.5279932022094727,0.0005602306337095797,1.0,3.0,4.0,1,0.75,1.0,0.75,gamma_fixed
livecodebench_104,livecodebench,128,9.621479034423828,9.621479034423828,0.20981618762016296,0.20981618762016296,2.4613122940063477,0.0,0.0,2.0,1,0.0,0.0,0.0,gamma_fixed
livecodebench_104,livecodebench,129,10.04802131652832,10.04802131652832,0.0885818600654602,0.0885818600654602,2.0315775871276855,0.0,0.0,2.0,1,0.0,0.0,0.0,gamma_fixed
livecodebench_104,livecodebench,130,5.93834114074707,5.93834114074707,0.28706493973731995,0.28706493973731995,0.10073302686214447,0.0,0.0,2.0,1,0.0,0.0,0.0,gamma_fixed
livecodebench_104,livecodebench,131,9.986879348754883,9.986879348754883,0.07488536089658737,0.07488536089658737,0.010832762345671654,0.0,0.0,2.0,1,0.0,0.0,0.0,gamma_fixed
livecodebench_104,livecodebench,132,3.864725112915039,3.864725112915039,0.25657057762145996,0.25657057762145996,2.121026039123535,1.0,2.0,4.0,1,0.5,0.6666666666666666,0.5,gamma_fixed
livecodebench_104,livecodebench,133,6.90908670425415,6.90908670425415,0.1684274822473526,0.1684274822473526,2.8065381050109863,0.0,0.0,2.0,1,0.0,0.0,0.0,gamma_fixed
livecodebench_104,livecodebench,134,7.953126907348633,7.953126907348633,0.15993180871009827,0.15993180871009827,2.746480941772461,0.0,0.0,2.0,1,0.0,0.0,0.0,gamma_fixed
livecodebench_104,livecodebench,135,9.991567611694336,9.991567611694336,0.17981617152690887,0.17981617152690887,0.9290366768836975,1.0,2.0,4.0,1,0.5,0.6666666666666666,0.5,gamma_fixed
livecodebench_104,livecodebench,136,3.630904197692871,3.630904197692871,0.34189823269844055,0.34189823269844055,1.2894572019577026,1.0,3.0,5.0,1,0.75,0.75,0.75,gamma_fixed
livecodebench_104,livecodebench,137,3.585210084915161,3.585210084915161,0.3131312429904938,0.3131312429904938,3.2288401126861572,1.0,2.0,4.0,1,0.5,0.6666666666666666,0.5,gamma_fixed
livecodebench_104,livecodebench,138,7.219111442565918,7.219111442565918,0.2990838587284088,0.2990838587284088,0.03085193783044815,0.0,0.0,2.0,1,0.0,0.0,0.0,gamma_fixed
livecodebench_104,livecodebench,139,8.753240585327148,8.753240585327148,0.09447925537824631,0.09447925537824631,3.0840115547180176,0.0,0.0,2.0,1,0.0,0.0,0.0,gamma_fixed
livecodebench_104,livecodebench,140,6.263140678405762,6.263140678405762,0.20838679373264313,0.20838679373264313,0.5140688419342041,0.0,0.0,2.0,1,0.0,0.0,0.0,gamma_fixed
livecodebench_104,livecodebench,141,0.43634316325187683,0.43634316325187683,0.9575905799865723,0.9575905799865723,1.7383337020874023,1.0,1.0,3.0,1,0.25,0.5,0.25,gamma_fixed
livecodebench_104,livecodebench,142,0.5200275182723999,0.5200275182723999,0.9599019885063171,0.9599019885063171,1.831933856010437,1.0,2.0,3.0,1,0.5,1.0,0.5,gamma_fixed
livecodebench_104,livecodebench,143,6.566625595092773,6.566625595092773,0.33990076184272766,0.33990076184272766,1.9829832315444946,0.0,0.0,2.0,1,0.0,0.0,0.0,gamma_fixed
livecodebench_104,livecodebench,144,3.815272331237793,3.815272331237793,0.5530619621276855,0.5530619621276855,1.127060055732727,0.0,0.0,2.0,1,0.0,0.0,0.0,gamma_fixed
livecodebench_104,livecodebench,145,3.822739839553833,3.822739839553833,0.3954486548900604,0.3954486548900604,0.38782989978790283,1.0,2.0,3.0,1,0.5,1.0,0.5,gamma_fixed
livecodebench_104,livecodebench,146,5.419932842254639,5.419932842254639,0.31527912616729736,0.31527912616729736,0.1474212110042572,1.0,1.0,4.0,1,0.25,0.3333333333333333,0.25,gamma_fixed
livecodebench_104,livecodebench,147,0.04630075395107269,0.04630075395107269,0.9969376921653748,0.9969376921653748,2.201597213745117,1.0,3.0,4.0,1,0.75,1.0,0.75,gamma_fixed
livecodebench_104,livecodebench,148,4.927068710327148,4.927068710327148,0.23613318800926208,0.23613318800926208,0.2311897724866867,0.0,0.0,2.0,1,0.0,0.0,0.0,gamma_fixed
livecodebench_104,livecodebench,149,9.68222427368164,9.68222427368164,0.15201303362846375,0.15201303362846375,0.820234477519989,0.0,0.0,2.0,1,0.0,0.0,0.0,gamma_fixed
livecodebench_104,livecodebench,150,9.229000091552734,9.229000091552734,0.07711172103881836,0.07711172103881836,0.22860674560070038,0.0,0.0,2.0,1,0.0,0.0,0.0,gamma_fixed
livecodebench_104,livecodebench,151,3.6269631385803223,3.6269631385803223,0.28427520394325256,0.28427520394325256,0.0060198502615094185,1.0,3.0,4.0,1,0.75,1.0,0.75,gamma_fixed
livecodebench_104,livecodebench,152,5.853520393371582,5.853520393371582,0.30231398344039917,0.30231398344039917,0.7734500169754028,0.0,0.0,2.0,1,0.0,0.0,0.0,gamma_fixed
livecodebench_104,livecodebench,153,8.75532341003418,8.75532341003418,0.1306600719690323,0.1306600719690323,0.13158220052719116,0.0,0.0,2.0,1,0.0,0.0,0.0,gamma_fixed
livecodebench_104,livecodebench,154,0.07023955136537552,0.07023955136537552,0.9945257306098938,0.9945257306098938,0.0005886516300961375,1.0,3.0,5.0,1,0.75,0.75,0.75,gamma_fixed
livecodebench_104,livecodebench,155,4.086007118225098,4.086007118225098,0.7266314029693604,0.7266314029693604,0.0010638709645718336,0.0,0.0,2.0,1,0.0,0.0,0.0,gamma_fixed
livecodebench_104,livecodebench,156,10.499983787536621,10.499983787536621,0.09032898396253586,0.09032898396253586,0.8075031042098999,0.0,0.0,2.0,1,0.0,0.0,0.0,gamma_fixed
livecodebench_104,livecodebench,157,4.613513469696045,4.613513469696045,0.2372889667749405,0.2372889667749405,2.1622488498687744,1.0,1.0,3.0,1,0.25,0.5,0.25,gamma_fixed
livecodebench_104,livecodebench,158,2.865729808807373,2.865729808807373,0.4623262882232666,0.4623262882232666,1.8697190284729004,1.0,1.0,3.0,1,0.25,0.5,0.25,gamma_fixed
livecodebench_104,livecodebench,159,9.463207244873047,9.463207244873047,0.10853276401758194,0.10853276401758194,0.6089190244674683,0.0,0.0,2.0,1,0.0,0.0,0.0,gamma_fixed
livecodebench_104,livecodebench,160,10.209238052368164,10.209238052368164,0.10643355548381805,0.10643355548381805,1.4017939567565918,0.0,0.0,2.0,1,0.0,0.0,0.0,gamma_fixed
livecodebench_104,livecodebench,161,10.443602561950684,10.443602561950684,0.038173068314790726,0.038173068314790726,3.158928394317627,0.0,0.0,2.0,1,0.0,0.0,0.0,gamma_fixed
livecodebench_104,livecodebench,162,2.913217544555664,2.913217544555664,0.5767807960510254,0.5767807960510254,3.324253797531128,1.0,1.0,2.0,1,0.25,1.0,0.25,gamma_fixed
livecodebench_104,livecodebench,163,4.295900821685791,4.295900821685791,0.35413187742233276,0.35413187742233276,0.004219910129904747,1.0,2.0,4.0,1,0.5,0.6666666666666666,0.5,gamma_fixed
livecodebench_104,livecodebench,164,5.22212028503418,5.22212028503418,0.24770721793174744,0.24770721793174744,0.9303174018859863,1.0,1.0,3.0,1,0.25,0.5,0.25,gamma_fixed
livecodebench_104,livecodebench,165,1.9994628429412842,1.9994628429412842,0.7056522369384766,0.7056522369384766,0.11387944221496582,1.0,2.0,3.0,1,0.5,1.0,0.5,gamma_fixed
livecodebench_104,livecodebench,166,6.789505958557129,6.789505958557129,0.15350480377674103,0.15350480377674103,1.555127739906311,0.0,0.0,2.0,1,0.0,0.0,0.0,gamma_fixed
livecodebench_104,livecodebench,167,7.72440242767334,7.72440242767334,0.13117145001888275,0.13117145001888275,1.860246181488037,0.0,0.0,2.0,1,0.0,0.0,0.0,gamma_fixed
livecodebench_104,livecodebench,168,6.826573371887207,6.826573371887207,0.1871618926525116,0.1871618926525116,0.9538573026657104,1.0,1.0,2.0,1,0.25,1.0,0.25,gamma_fixed
livecodebench_104,livecodebench,169,8.550521850585938,8.550521850585938,0.08502212911844254,0.08502212911844254,1.830425500869751,1.0,1.0,3.0,1,0.25,0.5,0.25,gamma_fixed
livecodebench_104,livecodebench,170,2.39400577545166,2.39400577545166,0.3486415445804596,0.3486415445804596,2.790191411972046,0.0,0.0,2.0,1,0.0,0.0,0.0,gamma_fixed
livecodebench_104,livecodebench,171,6.975794792175293,6.975794792175293,0.20276591181755066,0.20276591181755066,1.9851336479187012,1.0,1.0,3.0,1,0.25,0.5,0.25,gamma_fixed
livecodebench_104,livecodebench,172,3.686821699142456,3.686821699142456,0.24244214594364166,0.24244214594364166,3.608156204223633,0.0,0.0,2.0,1,0.0,0.0,0.0,gamma_fixed
livecodebench_104,livecodebench,173,4.36584997177124,4.36584997177124,0.3969963788986206,0.3969963788986206,1.1666537523269653,1.0,1.0,2.0,1,0.25,1.0,0.25,gamma_fixed
livecodebench_104,livecodebench,174,8.126890182495117,8.126890182495117,0.17824265360832214,0.17824265360832214,2.783169746398926,0.0,0.0,2.0,1,0.0,0.0,0.0,gamma_fixed
livecodebench_104,livecodebench,175,8.331602096557617,8.331602096557617,0.22886812686920166,0.22886812686920166,1.720313549041748,0.0,0.0,2.0,1,0.0,0.0,0.0,gamma_fixed
livecodebench_104,livecodebench,176,7.160650253295898,7.160650253295898,0.2647149860858917,0.2647149860858917,2.2156999111175537,0.0,0.0,2.0,1,0.0,0.0,0.0,gamma_fixed
livecodebench_104,livecodebench,177,4.1593475341796875,4.1593475341796875,0.3476216197013855,0.3476216197013855,3.2984530925750732,1.0,3.0,4.0,1,0.75,1.0,0.75,gamma_fixed
livecodebench_104,livecodebench,178,8.928291320800781,8.928291320800781,0.1053992211818695,0.1053992211818695,2.7571215629577637,0.0,0.0,2.0,1,0.0,0.0,0.0,gamma_fixed
livecodebench_104,livecodebench,179,4.872392654418945,4.872392654418945,0.575936496257782,0.575936496257782,0.14076334238052368,0.0,0.0,2.0,1,0.0,0.0,0.0,gamma_fixed
livecodebench_104,livecodebench,180,6.661040306091309,6.661040306091309,0.463230162858963,0.463230162858963,2.6319661140441895,1.0,4.0,5.0,1,1.0,1.0,1.0,gamma_fixed
livecodebench_104,livecodebench,181,3.9784257411956787,3.9784257411956787,0.4087991714477539,0.4087991714477539,0.03777991980314255,1.0,1.0,2.0,1,0.25,1.0,0.25,gamma_fixed
livecodebench_104,livecodebench,182,4.288286209106445,4.288286209106445,0.42156997323036194,0.42156997323036194,1.1268491744995117,1.0,2.0,3.0,1,0.5,1.0,0.5,gamma_fixed
livecodebench_104,livecodebench,183,6.596456527709961,6.596456527709961,0.21605408191680908,0.21605408191680908,1.8385016918182373,1.0,1.0,3.0,1,0.25,0.5,0.25,gamma_fixed
livecodebench_104,livecodebench,184,10.258767127990723,10.258767127990723,0.1175813302397728,0.1175813302397728,1.9583537578582764,0.0,0.0,2.0,1,0.0,0.0,0.0,gamma_fixed
livecodebench_104,livecodebench,185,4.794435501098633,4.794435501098633,0.4313565492630005,0.4313565492630005,0.48724669218063354,1.0,1.0,2.0,1,0.25,1.0,0.25,gamma_fixed
livecodebench_104,livecodebench,186,3.788316249847412,3.788316249847412,0.4110007882118225,0.4110007882118225,1.6891086101531982,1.0,1.0,3.0,1,0.25,0.5,0.25,gamma_fixed
livecodebench_104,livecodebench,187,8.925227165222168,8.925227165222168,0.13040512800216675,0.13040512800216675,0.8484472036361694,0.0,0.0,2.0,1,0.0,0.0,0.0,gamma_fixed
livecodebench_104,livecodebench,188,7.997376441955566,7.997376441955566,0.22291238605976105,0.22291238605976105,2.729475498199463,0.0,0.0,2.0,1,0.0,0.0,0.0,gamma_fixed
livecodebench_104,livecodebench,189,6.875042915344238,6.875042915344238,0.2725850045681,0.2725850045681,2.0523366928100586,1.0,3.0,4.0,1,0.75,1.0,0.75,gamma_fixed
livecodebench_104,livecodebench,190,7.169687271118164,7.169687271118164,0.23066315054893494,0.23066315054893494,0.7037944197654724,1.0,1.0,3.0,1,0.25,0.5,0.25,gamma_fixed
livecodebench_104,livecodebench,191,5.939803123474121,5.939803123474121,0.19768236577510834,0.19768236577510834,3.463336706161499,1.0,4.0,5.0,1,1.0,1.0,1.0,gamma_fixed
livecodebench_104,livecodebench,192,4.815986633300781,4.815986633300781,0.41767698526382446,0.41767698526382446,0.36200952529907227,1.0,1.0,2.0,1,0.25,1.0,0.25,gamma_fixed
livecodebench_104,livecodebench,193,3.1407155990600586,3.1407155990600586,0.5708967447280884,0.5708967447280884,1.7880595922470093,1.0,3.0,4.0,1,0.75,1.0,0.75,gamma_fixed
livecodebench_104,livecodebench,194,8.185172080993652,8.185172080993652,0.07741352915763855,0.07741352915763855,3.1604671478271484,1.0,3.0,4.0,1,0.75,1.0,0.75,gamma_fixed
livecodebench_104,livecodebench,195,4.198150634765625,4.198150634765625,0.5541432499885559,0.5541432499885559,1.7521717548370361,1.0,3.0,4.0,1,0.75,1.0,0.75,gamma_fixed
livecodebench_104,livecodebench,196,5.331271648406982,5.331271648406982,0.13719826936721802,0.13719826936721802,3.1193087100982666,0.0,0.0,2.0,1,0.0,0.0,0.0,gamma_fixed
livecodebench_104,livecodebench,197,2.89965558052063,2.89965558052063,0.44897809624671936,0.44897809624671936,1.4003715515136719,1.0,1.0,3.0,1,0.25,0.5,0.25,gamma_fixed
livecodebench_104,livecodebench,198,9.127599716186523,9.127599716186523,0.0583207793533802,0.0583207793533802,2.0065784454345703,0.0,0.0,2.0,1,0.0,0.0,0.0,gamma_fixed
livecodebench_104,livecodebench,199,7.630902290344238,7.630902290344238,0.16134364902973175,0.16134364902973175,0.8728466033935547,1.0,1.0,3.0,1,0.25,0.5,0.25,gamma_fixed
livecodebench_104,livecodebench,200,2.295376777648926,2.295376777648926,0.6375036835670471,0.6375036835670471,3.642191171646118,1.0,2.0,5.0,1,0.5,0.5,0.5,gamma_fixed
livecodebench_104,livecodebench,201,2.097019910812378,2.097019910812378,0.774250864982605,0.774250864982605,0.12742069363594055,1.0,1.0,3.0,1,0.25,0.5,0.25,gamma_fixed
livecodebench_104,livecodebench,202,8.769542694091797,8.769542694091797,0.14252439141273499,0.14252439141273499,2.9171361923217773,1.0,1.0,3.0,1,0.25,0.5,0.25,gamma_fixed
livecodebench_104,livecodebench,203,3.276087522506714,3.276087522506714,0.39429178833961487,0.39429178833961487,2.8105368614196777,1.0,2.0,4.0,1,0.5,0.6666666666666666,0.5,gamma_fixed
livecodebench_104,livecodebench,204,9.59588623046875,9.59588623046875,0.04308711737394333,0.04308711737394333,1.8638900518417358,0.0,0.0,2.0,1,0.0,0.0,0.0,gamma_fixed
livecodebench_104,livecodebench,205,10.975926399230957,10.975926399230957,0.025230858474969864,0.025230858474969864,1.3239836692810059,1.0,1.0,3.0,1,0.25,0.5,0.25,gamma_fixed
livecodebench_104,livecodebench,206,2.25541353225708,2.25541353225708,0.6598310470581055,0.6598310470581055,1.6158642768859863,1.0,3.0,4.0,1,0.75,1.0,0.75,gamma_fixed
livecodebench_104,livecodebench,207,6.347436904907227,6.347436904907227,0.3923712372779846,0.3923712372779846,2.9564504623413086,0.0,0.0,2.0,1,0.0,0.0,0.0,gamma_fixed
livecodebench_104,livecodebench,208,5.12415885925293,5.12415885925293,0.3385756015777588,0.3385756015777588,0.7346658706665039,0.0,0.0,2.0,1,0.0,0.0,0.0,gamma_fixed
livecodebench_104,livecodebench,209,2.747014045715332,2.747014045715332,0.5205694437026978,0.5205694437026978,1.9621940851211548,1.0,4.0,5.0,1,1.0,1.0,1.0,gamma_fixed
livecodebench_104,livecodebench,210,5.300601005554199,5.300601005554199,0.46504321694374084,0.46504321694374084,0.8058390021324158,0.0,0.0,2.0,1,0.0,0.0,0.0,gamma_fixed
livecodebench_104,livecodebench,211,7.190717697143555,7.190717697143555,0.2081833779811859,0.2081833779811859,1.7115440368652344,0.0,0.0,2.0,1,0.0,0.0,0.0,gamma_fixed
livecodebench_104,livecodebench,212,4.287738800048828,4.287738800048828,0.41972142457962036,0.41972142457962036,0.3294749855995178,1.0,2.0,3.0,1,0.5,1.0,0.5,gamma_fixed
livecodebench_104,livecodebench,213,10.150992393493652,10.150992393493652,0.08789251744747162,0.08789251744747162,2.075104236602783,0.0,0.0,2.0,1,0.0,0.0,0.0,gamma_fixed
livecodebench_104,livecodebench,214,9.018648147583008,9.018648147583008,0.0747392401099205,0.0747392401099205,3.979762077331543,0.0,0.0,2.0,1,0.0,0.0,0.0,gamma_fixed
livecodebench_104,livecodebench,215,3.993037700653076,3.993037700653076,0.7042753100395203,0.7042753100395203,0.2502182424068451,1.0,2.0,3.0,1,0.5,1.0,0.5,gamma_fixed
livecodebench_104,livecodebench,216,1.413285493850708,1.413285493850708,0.8799152970314026,0.8799152970314026,1.1416250467300415,1.0,1.0,3.0,1,0.25,0.5,0.25,gamma_fixed
livecodebench_104,livecodebench,217,7.91147518157959,7.91147518157959,0.2286447137594223,0.2286447137594223,1.9681963920593262,1.0,1.0,3.0,1,0.25,0.5,0.25,gamma_fixed
livecodebench_104,livecodebench,218,4.914932727813721,4.914932727813721,0.21187520027160645,0.21187520027160645,3.3521621227264404,1.0,1.0,2.0,1,0.25,1.0,0.25,gamma_fixed
livecodebench_104,livecodebench,219,3.3720622062683105,3.3720622062683105,0.4457016587257385,0.4457016587257385,1.9787884950637817,1.0,1.0,3.0,1,0.25,0.5,0.25,gamma_fixed
livecodebench_104,livecodebench,220,2.218766689300537,2.218766689300537,0.6882967948913574,0.6882967948913574,1.8791844844818115,0.0,0.0,2.0,1,0.0,0.0,0.0,gamma_fixed
livecodebench_104,livecodebench,221,5.0735907554626465,5.0735907554626465,0.32401901483535767,0.32401901483535767,1.1901757717132568,0.0,0.0,2.0,1,0.0,0.0,0.0,gamma_fixed
livecodebench_104,livecodebench,222,1.123448133468628,1.123448133468628,0.7853882312774658,0.7853882312774658,2.7568559646606445,1.0,2.0,3.0,1,0.5,1.0,0.5,gamma_fixed
livecodebench_104,livecodebench,223,4.933380603790283,4.933380603790283,0.3362690508365631,0.3362690508365631,1.9193636178970337,1.0,1.0,5.0,1,0.25,0.25,0.25,gamma_fixed
livecodebench_104,livecodebench,224,9.312091827392578,9.312091827392578,0.0713166818022728,0.0713166818022728,0.9377190470695496,0.0,0.0,2.0,1,0.0,0.0,0.0,gamma_fixed
livecodebench_104,livecodebench,225,6.574339866638184,6.574339866638184,0.1822914481163025,0.1822914481163025,0.510026216506958,0.0,0.0,2.0,1,0.0,0.0,0.0,gamma_fixed
livecodebench_104,livecodebench,226,3.270618438720703,3.270618438720703,0.2503824830055237,0.2503824830055237,0.4274180829524994,1.0,2.0,4.0,1,0.5,0.6666666666666666,0.5,gamma_fixed
livecodebench_104,livecodebench,227,7.615139961242676,7.615139961242676,0.1359977126121521,0.1359977126121521,1.7086009979248047,0.0,0.0,2.0,1,0.0,0.0,0.0,gamma_fixed
livecodebench_104,livecodebench,228,7.9196391105651855,7.9196391105651855,0.13507121801376343,0.13507121801376343,1.5007147789001465,0.0,0.0,2.0,1,0.0,0.0,0.0,gamma_fixed
livecodebench_104,livecodebench,229,8.257410049438477,8.257410049438477,0.21626517176628113,0.21626517176628113,2.721886396408081,0.0,0.0,2.0,1,0.0,0.0,0.0,gamma_fixed
livecodebench_104,livecodebench,230,1.3589303493499756,1.3589303493499756,0.8459996581077576,0.8459996581077576,2.278015613555908,1.0,2.0,3.0,1,0.5,1.0,0.5,gamma_fixed
livecodebench_104,livecodebench,231,6.770030975341797,6.770030975341797,0.17377392947673798,0.17377392947673798,1.928520679473877,1.0,1.0,3.0,1,0.25,0.5,0.25,gamma_fixed
livecodebench_104,livecodebench,232,7.478653907775879,7.478653907775879,0.2739192545413971,0.2739192545413971,1.8492823839187622,0.0,0.0,2.0,1,0.0,0.0,0.0,gamma_fixed
livecodebench_104,livecodebench,233,1.5134975910186768,1.5134975910186768,0.8780910968780518,0.8780910968780518,2.1044445037841797,0.0,0.0,3.0,1,0.0,0.0,0.0,gamma_fixed
livecodebench_104,livecodebench,234,0.7131167650222778,0.7131167650222778,0.9235514402389526,0.9235514402389526,1.0176422595977783,1.0,2.0,4.0,1,0.5,0.6666666666666666,0.5,gamma_fixed
livecodebench_104,livecodebench,235,8.447074890136719,8.447074890136719,0.21187520027160645,0.21187520027160645,0.9654712677001953,0.0,0.0,2.0,1,0.0,0.0,0.0,gamma_fixed
livecodebench_104,livecodebench,236,7.371352672576904,7.371352672576904,0.18826177716255188,0.18826177716255188,3.183274984359741,1.0,1.0,3.0,1,0.25,0.5,0.25,gamma_fixed
livecodebench_104,livecodebench,237,0.18921582400798798,0.18921582400798798,0.9769691824913025,0.9769691824913025,2.9457972049713135,1.0,2.0,3.0,1,0.5,1.0,0.5,gamma_fixed
livecodebench_104,livecodebench,238,4.208310604095459,4.208310604095459,0.5355228781700134,0.5355228781700134,2.1661477088928223,0.0,0.0,2.0,1,0.0,0.0,0.0,gamma_fixed
livecodebench_104,livecodebench,239,4.373570442199707,4.373570442199707,0.6432884335517883,0.6432884335517883,0.12872546911239624,0.0,0.0,2.0,1,0.0,0.0,0.0,gamma_fixed
livecodebench_104,livecodebench,240,7.801116466522217,7.801116466522217,0.2137456089258194,0.2137456089258194,0.08307281136512756,0.0,0.0,2.0,1,0.0,0.0,0.0,gamma_fixed
livecodebench_104,livecodebench,241,6.842755317687988,6.842755317687988,0.3356128931045532,0.3356128931045532,0.7583103775978088,1.0,2.0,3.0,1,0.5,1.0,0.5,gamma_fixed
livecodebench_104,livecodebench,242,5.35795783996582,5.35795783996582,0.24032065272331238,0.24032065272331238,2.337782382965088,1.0,1.0,3.0,1,0.25,0.5,0.25,gamma_fixed
livecodebench_104,livecodebench,243,9.420328140258789,9.420328140258789,0.07741352915763855,0.07741352915763855,2.784925937652588,0.0,0.0,2.0,1,0.0,0.0,0.0,gamma_fixed
livecodebench_104,livecodebench,244,7.688886642456055,7.688886642456055,0.14448635280132294,0.14448635280132294,9.355630027130246e-06,0.0,0.0,2.0,1,0.0,0.0,0.0,gamma_fixed
livecodebench_104,livecodebench,245,4.657790184020996,4.657790184020996,0.523373007774353,0.523373007774353,1.39179527759552,0.0,0.0,2.0,1,0.0,0.0,0.0,gamma_fixed
livecodebench_104,livecodebench,246,1.785488486289978,1.785488486289978,0.7699154615402222,0.7699154615402222,1.0918571949005127,1.0,1.0,3.0,1,0.25,0.5,0.25,gamma_fixed
livecodebench_104,livecodebench,247,1.846502423286438,1.846502423286438,0.4684617817401886,0.4684617817401886,2.4346818923950195,0.0,0.0,2.0,1,0.0,0.0,0.0,gamma_fixed
livecodebench_104,livecodebench,248,2.0093960762023926,2.0093960762023926,0.6659809947013855,0.6659809947013855,3.2372405529022217,0.0,0.0,2.0,1,0.0,0.0,0.0,gamma_fixed
livecodebench_104,livecodebench,249,6.552702903747559,6.552702903747559,0.14776834845542908,0.14776834845542908,2.423130750656128,1.0,1.0,2.0,1,0.25,1.0,0.25,gamma_fixed
livecodebench_104,livecodebench,250,0.5903086066246033,0.5903086066246033,0.9203439354896545,0.9203439354896545,2.963779926300049,1.0,2.0,4.0,1,0.5,0.6666666666666666,0.5,gamma_fixed
livecodebench_104,livecodebench,251,10.065895080566406,10.065895080566406,0.05854903906583786,0.05854903906583786,0.005732760764658451,0.0,0.0,2.0,1,0.0,0.0,0.0,gamma_fixed
livecodebench_104,livecodebench,252,6.564540863037109,6.564540863037109,0.2862251400947571,0.2862251400947571,0.7660976052284241,1.0,1.0,4.0,1,0.25,0.3333333333333333,0.25,gamma_fixed
livecodebench_104,livecodebench,253,3.065274953842163,3.065274953842163,0.3650165796279907,0.3650165796279907,1.715461015701294,1.0,2.0,3.0,1,0.5,1.0,0.5,gamma_fixed
livecodebench_104,livecodebench,254,10.74595832824707,10.74595832824707,0.049592968076467514,0.049592968076467514,0.45994672179222107,0.0,0.0,2.0,1,0.0,0.0,0.0,gamma_fixed
livecodebench_104,livecodebench,255,7.704768180847168,7.704768180847168,0.28762614727020264,0.28762614727020264,0.5137830972671509,0.0,0.0,2.0,1,0.0,0.0,0.0,gamma_fixed
livecodebench_104,livecodebench,256,2.0,2.0,0.6138300895690918,0.6138300895690918,4.637703895568848,1.0,2.0,3.0,1,0.5,1.0,0.5,gamma_fixed
livecodebench_104,livecodebench,257,4.102215766906738,4.102215766906738,0.27660733461380005,0.27660733461380005,0.4339395761489868,1.0,1.0,3.0,1,0.25,0.5,0.25,gamma_fixed
livecodebench_104,livecodebench,258,8.140069961547852,8.140069961547852,0.12036968767642975,0.12036968767642975,0.00044548179721459746,0.0,0.0,2.0,1,0.0,0.0,0.0,gamma_fixed
livecodebench_104,livecodebench,259,2.328669309616089,2.328669309616089,0.441801518201828,0.441801518201828,3.437662363052368,0.0,0.0,2.0,1,0.0,0.0,0.0,gamma_fixed
livecodebench_104,livecodebench,260,6.073182106018066,6.073182106018066,0.1437825709581375,0.1437825709581375,1.3005871772766113,1.0,1.0,3.0,1,0.25,0.5,0.25,gamma_fixed
livecodebench_104,livecodebench,261,5.607503890991211,5.607503890991211,0.1942378580570221,0.1942378580570221,2.1726386547088623,0.0,0.0,2.0,1,0.0,0.0,0.0,gamma_fixed
livecodebench_104,livecodebench,262,9.529593467712402,9.529593467712402,0.07786845415830612,0.07786845415830612,0.40873950719833374,0.0,0.0,2.0,1,0.0,0.0,0.0,gamma_fixed
livecodebench_104,livecodebench,263,7.248929023742676,7.248929023742676,0.08669903874397278,0.08669903874397278,2.4642720222473145,0.0,0.0,2.0,1,0.0,0.0,0.0,gamma_fixed
livecodebench_104,livecodebench,264,4.816234588623047,4.816234588623047,0.3439074158668518,0.3439074158668518,0.08219241350889206,1.0,4.0,5.0,1,1.0,1.0,1.0,gamma_fixed
livecodebench_104,livecodebench,265,3.444110155105591,3.444110155105591,0.2715223431587219,0.2715223431587219,1.5415878295898438,1.0,1.0,3.0,1,0.25,0.5,0.25,gamma_fixed
livecodebench_104,livecodebench,266,3.396932601928711,3.396932601928711,0.616684079170227,0.616684079170227,0.04330744594335556,1.0,3.0,4.0,1,0.75,1.0,0.75,gamma_fixed
livecodebench_104,livecodebench,267,5.804985523223877,5.804985523223877,0.3968026041984558,0.3968026041984558,0.5969615578651428,0.0,0.0,2.0,1,0.0,0.0,0.0,gamma_fixed
livecodebench_104,livecodebench,268,9.369873046875,9.369873046875,0.14072641730308533,0.14072641730308533,0.0006647052941843867,1.0,1.0,3.0,1,0.25,0.5,0.25,gamma_fixed
livecodebench_104,livecodebench,269,6.792692184448242,6.792692184448242,0.15607449412345886,0.15607449412345886,0.001397361047565937,1.0,1.0,3.0,1,0.25,0.5,0.25,gamma_fixed
livecodebench_104,livecodebench,270,0.4269879460334778,0.4269879460334778,0.9759857654571533,0.9759857654571533,0.0013060180936008692,0.0,0.0,2.0,1,0.0,0.0,0.0,gamma_fixed
livecodebench_104,livecodebench,271,11.326610565185547,11.326610565185547,0.056416142731904984,0.056416142731904984,0.13686010241508484,0.0,0.0,2.0,1,0.0,0.0,0.0,gamma_fixed
livecodebench_104,livecodebench,272,1.8859584331512451,1.8859584331512451,0.498431533575058,0.498431533575058,2.2125086784362793,0.0,0.0,2.0,1,0.0,0.0,0.0,gamma_fixed
livecodebench_104,livecodebench,273,4.172245025634766,4.172245025634766,0.2938724756240845,0.2938724756240845,3.152498722076416,1.0,1.0,3.0,1,0.25,0.5,0.25,gamma_fixed
livecodebench_104,livecodebench,274,4.346954345703125,4.346954345703125,0.2304380089044571,0.2304380089044571,0.16883611679077148,1.0,1.0,3.0,1,0.25,0.5,0.25,gamma_fixed
livecodebench_104,livecodebench,275,1.9579768180847168,1.9579768180847168,0.4732900559902191,0.4732900559902191,1.4419790506362915,0.0,0.0,2.0,1,0.0,0.0,0.0,gamma_fixed
livecodebench_104,livecodebench,276,10.034202575683594,10.034202575683594,0.06673462688922882,0.06673462688922882,0.5365144610404968,0.0,0.0,2.0,1,0.0,0.0,0.0,gamma_fixed
livecodebench_104,livecodebench,277,8.914813995361328,8.914813995361328,0.07894036918878555,0.07894036918878555,1.7043980360031128,0.0,0.0,2.0,1,0.0,0.0,0.0,gamma_fixed
livecodebench_104,livecodebench,278,5.219781875610352,5.219781875610352,0.15868718922138214,0.15868718922138214,0.9963716268539429,1.0,1.0,2.0,1,0.25,1.0,0.25,gamma_fixed
livecodebench_104,livecodebench,279,4.890078544616699,4.890078544616699,0.6117356419563293,0.6117356419563293,0.0015322272665798664,1.0,1.0,3.0,1,0.25,0.5,0.25,gamma_fixed
livecodebench_104,livecodebench,280,10.696003913879395,10.696003913879395,0.08720852434635162,0.08720852434635162,0.14664429426193237,0.0,0.0,2.0,1,0.0,0.0,0.0,gamma_fixed
livecodebench_104,livecodebench,281,11.662299156188965,11.662299156188965,0.06293675303459167,0.06293675303459167,0.0020869525615125895,1.0,1.0,3.0,1,0.25,0.5,0.25,gamma_fixed
livecodebench_104,livecodebench,282,2.0393307209014893,2.0393307209014893,0.6993066072463989,0.6993066072463989,3.9222497940063477,1.0,3.0,4.0,1,0.75,1.0,0.75,gamma_fixed
livecodebench_104,livecodebench,283,5.047842979431152,5.047842979431152,0.14364221692085266,0.14364221692085266,4.366164207458496,0.0,0.0,2.0,1,0.0,0.0,0.0,gamma_fixed
livecodebench_104,livecodebench,284,12.084907531738281,12.084907531738281,0.03355628252029419,0.03355628252029419,0.0650487020611763,0.0,0.0,2.0,1,0.0,0.0,0.0,gamma_fixed
livecodebench_104,livecodebench,285,2.3899316787719727,2.3899316787719727,0.4481019973754883,0.4481019973754883,2.3006327152252197,1.0,1.0,3.0,1,0.25,0.5,0.25,gamma_fixed
livecodebench_104,livecodebench,286,4.640804767608643,4.640804767608643,0.22976388037204742,0.22976388037204742,1.0717437267303467,0.0,0.0,2.0,1,0.0,0.0,0.0,gamma_fixed
livecodebench_104,livecodebench,287,5.74574089050293,5.74574089050293,0.19942747056484222,0.19942747056484222,0.0009387271711602807,0.0,0.0,2.0,1,0.0,0.0,0.0,gamma_fixed
livecodebench_104,livecodebench,288,4.454477787017822,4.454477787017822,0.5016054511070251,0.5016054511070251,0.4837246835231781,1.0,3.0,5.0,1,0.75,0.75,0.75,gamma_fixed
livecodebench_104,livecodebench,289,2.5833516120910645,2.5833516120910645,0.6935257911682129,0.6935257911682129,0.20952492952346802,1.0,2.0,4.0,1,0.5,0.6666666666666666,0.5,gamma_fixed
livecodebench_104,livecodebench,290,6.87806510925293,6.87806510925293,0.14420440793037415,0.14420440793037415,0.6709375381469727,1.0,1.0,3.0,1,0.25,0.5,0.25,gamma_fixed
livecodebench_104,livecodebench,291,3.5356693267822266,3.5356693267822266,0.23590268194675446,0.23590268194675446,3.295170307159424,1.0,1.0,3.0,1,0.25,0.5,0.25,gamma_fixed
livecodebench_104,livecodebench,292,5.889638900756836,5.889638900756836,0.4383634328842163,0.4383634328842163,1.6734864711761475,1.0,1.0,3.0,1,0.25,0.5,0.25,gamma_fixed
livecodebench_104,livecodebench,293,1.9705243110656738,1.9705243110656738,0.7550239562988281,0.7550239562988281,2.2110772132873535,1.0,1.0,3.0,1,0.25,0.5,0.25,gamma_fixed
livecodebench_104,livecodebench,294,0.9830514788627625,0.9830514788627625,0.9006718993186951,0.9006718993186951,2.4645400047302246,1.0,2.0,4.0,1,0.5,0.6666666666666666,0.5,gamma_fixed
livecodebench_104,livecodebench,295,6.270195007324219,6.270195007324219,0.16859205067157745,0.16859205067157745,1.5292842388153076,0.0,0.0,2.0,1,0.0,0.0,0.0,gamma_fixed
livecodebench_104,livecodebench,296,8.602675437927246,8.602675437927246,0.22531984746456146,0.22531984746456146,2.0890772342681885,0.0,0.0,2.0,1,0.0,0.0,0.0,gamma_fixed
livecodebench_104,livecodebench,297,5.111566066741943,5.111566066741943,0.1741136759519577,0.1741136759519577,0.2279791533946991,1.0,1.0,3.0,1,0.25,0.5,0.25,gamma_fixed
livecodebench_104,livecodebench,298,3.7266509532928467,3.7266509532928467,0.4564940333366394,0.4564940333366394,1.0631473064422607,1.0,1.0,2.0,1,0.25,1.0,0.25,gamma_fixed
livecodebench_104,livecodebench,299,0.36469900608062744,0.36469900608062744,0.9413933157920837,0.9413933157920837,2.52185320854187,0.0,0.0,2.0,1,0.0,0.0,0.0,gamma_fixed
livecodebench_104,livecodebench,300,7.312441825866699,7.312441825866699,0.14406366646289825,0.14406366646289825,3.3454158306121826,1.0,2.0,3.0,1,0.5,1.0,0.5,gamma_fixed
livecodebench_104,livecodebench,301,3.229332208633423,3.229332208633423,0.3756851553916931,0.3756851553916931,2.24214506149292,1.0,4.0,5.0,1,1.0,1.0,1.0,gamma_fixed
livecodebench_104,livecodebench,302,1.5461509227752686,1.5461509227752686,0.7995111346244812,0.7995111346244812,1.8793010711669922,0.0,0.0,2.0,1,0.0,0.0,0.0,gamma_fixed
livecodebench_104,livecodebench,303,5.316293716430664,5.316293716430664,0.22074608504772186,0.22074608504772186,2.4565749168395996,0.0,0.0,2.0,1,0.0,0.0,0.0,gamma_fixed
livecodebench_104,livecodebench,304,1.852635145187378,1.852635145187378,0.6645192503929138,0.6645192503929138,0.04691823199391365,0.0,0.0,2.0,1,0.0,0.0,0.0,gamma_fixed
livecodebench_104,livecodebench,305,5.5189080238342285,5.5189080238342285,0.3385756015777588,0.3385756015777588,1.4881007671356201,0.0,0.0,2.0,1,0.0,0.0,0.0,gamma_fixed
livecodebench_104,livecodebench,306,5.527092933654785,5.527092933654785,0.3356128931045532,0.3356128931045532,2.6092476844787598,1.0,2.0,4.0,1,0.5,0.6666666666666666,0.5,gamma_fixed
livecodebench_104,livecodebench,307,7.011880874633789,7.011880874633789,0.19595253467559814,0.19595253467559814,1.437403917312622,0.0,0.0,2.0,1,0.0,0.0,0.0,gamma_fixed
livecodebench_104,livecodebench,308,5.666077613830566,5.666077613830566,0.2717876136302948,0.2717876136302948,1.342602014541626,1.0,1.0,3.0,1,0.25,0.5,0.25,gamma_fixed
livecodebench_104,livecodebench,309,9.090400695800781,9.090400695800781,0.05197298526763916,0.05197298526763916,3.4995241165161133,0.0,0.0,2.0,1,0.0,0.0,0.0,gamma_fixed
livecodebench_104,livecodebench,310,9.825446128845215,9.825446128845215,0.08485622704029083,0.08485622704029083,1.0431761741638184,0.0,0.0,2.0,1,0.0,0.0,0.0,gamma_fixed
livecodebench_104,livecodebench,311,6.442539215087891,6.442539215087891,0.14633232355117798,0.14633232355117798,1.0302207469940186,1.0,1.0,2.0,1,0.25,1.0,0.25,gamma_fixed
livecodebench_104,livecodebench,312,0.8549854755401611,0.8549854755401611,0.9409911632537842,0.9409911632537842,2.5153861045837402,1.0,2.0,4.0,1,0.5,0.6666666666666666,0.5,gamma_fixed
livecodebench_104,livecodebench,313,4.4038591384887695,4.4038591384887695,0.36716166138648987,0.36716166138648987,2.9098129272460938,0.0,0.0,2.0,1,0.0,0.0,0.0,gamma_fixed
livecodebench_104,livecodebench,314,3.106076717376709,3.106076717376709,0.734658420085907,0.734658420085907,3.399862766265869,1.0,1.0,2.0,1,0.25,1.0,0.25,gamma_fixed
livecodebench_104,livecodebench,315,3.1223182678222656,3.1223182678222656,0.4616495370864868,0.4616495370864868,1.606415033340454,1.0,2.0,3.0,1,0.5,1.0,0.5,gamma_fixed
livecodebench_104,livecodebench,316,4.081446170806885,4.081446170806885,0.3904600143432617,0.3904600143432617,1.9685351848602295,1.0,1.0,3.0,1,0.25,0.5,0.25,gamma_fixed
livecodebench_104,livecodebench,317,7.701374053955078,7.701374053955078,0.1902950257062912,0.1902950257062912,1.147164225578308,0.0,0.0,2.0,1,0.0,0.0,0.0,gamma_fixed
livecodebench_104,livecodebench,318,10.404339790344238,10.404339790344238,0.10685011744499207,0.10685011744499207,0.8346973061561584,1.0,1.0,3.0,1,0.25,0.5,0.25,gamma_fixed
livecodebench_104,livecodebench,319,7.565755367279053,7.565755367279053,0.1936696171760559,0.1936696171760559,1.812063217163086,1.0,1.0,2.0,1,0.25,1.0,0.25,gamma_fixed
livecodebench_104,livecodebench,320,4.306850433349609,4.306850433349609,0.4072054326534271,0.4072054326534271,2.313706159591675,0.0,0.0,4.0,1,0.0,0.0,0.0,gamma_fixed
livecodebench_104,livecodebench,321,6.646121025085449,6.646121025085449,0.30349722504615784,0.30349722504615784,0.8743244409561157,1.0,1.0,2.0,1,0.25,1.0,0.25,gamma_fixed
livecodebench_104,livecodebench,322,5.67634391784668,5.67634391784668,0.34023287892341614,0.34023287892341614,1.5729234218597412,1.0,1.0,2.0,1,0.25,1.0,0.25,gamma_fixed
livecodebench_104,livecodebench,323,6.6515913009643555,6.6515913009643555,0.16484752297401428,0.16484752297401428,1.1245124340057373,1.0,1.0,2.0,1,0.25,1.0,0.25,gamma_fixed
livecodebench_104,livecodebench,324,8.62455940246582,8.62455940246582,0.14141523838043213,0.14141523838043213,2.161771535873413,0.0,0.0,2.0,1,0.0,0.0,0.0,gamma_fixed
livecodebench_104,livecodebench,325,5.410183906555176,5.410183906555176,0.23475362360477448,0.23475362360477448,0.5980877876281738,1.0,1.0,2.0,1,0.25,1.0,0.25,gamma_fixed
livecodebench_104,livecodebench,326,6.320887565612793,6.320887565612793,0.18826177716255188,0.18826177716255188,3.0714359283447266,1.0,1.0,3.0,1,0.25,0.5,0.25,gamma_fixed
livecodebench_104,livecodebench,327,8.743176460266113,8.743176460266113,0.0926518589258194,0.0926518589258194,2.1763319969177246,0.0,0.0,2.0,1,0.0,0.0,0.0,gamma_fixed
livecodebench_104,livecodebench,328,9.827850341796875,9.827850341796875,0.04063501954078674,0.04063501954078674,3.664504051208496,0.0,0.0,2.0,1,0.0,0.0,0.0,gamma_fixed
livecodebench_104,livecodebench,329,4.430555820465088,4.430555820465088,0.28988203406333923,0.28988203406333923,2.1546530723571777,1.0,2.0,3.0,1,0.5,1.0,0.5,gamma_fixed
livecodebench_104,livecodebench,330,7.403159141540527,7.403159141540527,0.17259009182453156,0.17259009182453156,0.7160588502883911,0.0,0.0,2.0,1,0.0,0.0,0.0,gamma_fixed
livecodebench_104,livecodebench,331,5.276584625244141,5.276584625244141,0.5323941707611084,0.5323941707611084,1.0858265161514282,1.0,2.0,4.0,1,0.5,0.6666666666666666,0.5,gamma_fixed
livecodebench_104,livecodebench,332,0.1265600621700287,0.1265600621700287,0.987377405166626,0.987377405166626,0.00559660978615284,1.0,1.0,3.0,1,0.25,0.5,0.25,gamma_fixed
livecodebench_104,livecodebench,333,5.017159461975098,5.017159461975098,0.21416349709033966,0.21416349709033966,1.2955825328826904,1.0,1.0,4.0,1,0.25,0.3333333333333333,0.25,gamma_fixed
livecodebench_104,livecodebench,334,5.298556327819824,5.298556327819824,0.21166840195655823,0.21166840195655823,2.4580979347229004,1.0,1.0,2.0,1,0.25,1.0,0.25,gamma_fixed
livecodebench_104,livecodebench,335,0.005894310772418976,0.005894310772418976,0.9996166825294495,0.9996166825294495,1.8277524709701538,1.0,3.0,4.0,1,0.75,1.0,0.75,gamma_fixed
livecodebench_104,livecodebench,336,3.7117018699645996,3.7117018699645996,0.4511756896972656,0.4511756896972656,1.7067196369171143,0.0,0.0,3.0,1,0.0,0.0,0.0,gamma_fixed
livecodebench_104,livecodebench,337,3.110450506210327,3.110450506210327,0.40226489305496216,0.40226489305496216,2.3142523765563965,1.0,2.0,4.0,1,0.5,0.6666666666666666,0.5,gamma_fixed
livecodebench_104,livecodebench,338,4.826509475708008,4.826509475708008,0.3020189106464386,0.3020189106464386,1.6813504695892334,1.0,4.0,5.0,1,1.0,1.0,1.0,gamma_fixed
livecodebench_104,livecodebench,339,2.8443634510040283,2.8443634510040283,0.5160141587257385,0.5160141587257385,1.7658154964447021,1.0,1.0,4.0,1,0.25,0.3333333333333333,0.25,gamma_fixed
livecodebench_104,livecodebench,340,7.630885124206543,7.630885124206543,0.15714506804943085,0.15714506804943085,1.6083348989486694,1.0,1.0,3.0,1,0.25,0.5,0.25,gamma_fixed
livecodebench_104,livecodebench,341,9.357336044311523,9.357336044311523,0.060289718210697174,0.060289718210697174,2.631875991821289,0.0,0.0,2.0,1,0.0,0.0,0.0,gamma_fixed
livecodebench_104,livecodebench,342,5.845569610595703,5.845569610595703,0.16229179501533508,0.16229179501533508,1.1401896476745605,1.0,1.0,3.0,1,0.25,0.5,0.25,gamma_fixed
livecodebench_104,livecodebench,343,2.8626928329467773,2.8626928329467773,0.6353284120559692,0.6353284120559692,1.1151201725006104,1.0,2.0,3.0,1,0.5,1.0,0.5,gamma_fixed
livecodebench_104,livecodebench,344,6.858183860778809,6.858183860778809,0.1565324068069458,0.1565324068069458,3.4003169536590576,1.0,2.0,4.0,1,0.5,0.6666666666666666,0.5,gamma_fixed
livecodebench_104,livecodebench,345,0.7823283076286316,0.7823283076286316,0.8108139038085938,0.8108139038085938,1.8714449405670166,1.0,2.0,4.0,1,0.5,0.6666666666666666,0.5,gamma_fixed
livecodebench_104,livecodebench,346,3.509657382965088,3.509657382965088,0.44963622093200684,0.44963622093200684,2.0500283241271973,0.0,0.0,2.0,1,0.0,0.0,0.0,gamma_fixed
livecodebench_104,livecodebench,347,7.728625297546387,7.728625297546387,0.11850352585315704,0.11850352585315704,3.925459384918213,0.0,0.0,2.0,1,0.0,0.0,0.0,gamma_fixed
livecodebench_104,livecodebench,348,1.7003884315490723,1.7003884315490723,0.8430100679397583,0.8430100679397583,3.923504118574783e-05,1.0,4.0,5.0,1,1.0,1.0,1.0,gamma_fixed
livecodebench_104,livecodebench,349,7.9062652587890625,7.9062652587890625,0.09920698404312134,0.09920698404312134,6.068410220905207e-05,1.0,2.0,3.0,1,0.5,1.0,0.5,gamma_fixed
livecodebench_104,livecodebench,350,0.9669530391693115,0.9669530391693115,0.846929669380188,0.846929669380188,3.442533016204834,1.0,2.0,4.0,1,0.5,0.6666666666666666,0.5,gamma_fixed
livecodebench_104,livecodebench,351,9.206422805786133,9.206422805786133,0.10376516729593277,0.10376516729593277,2.106534004211426,0.0,0.0,2.0,1,0.0,0.0,0.0,gamma_fixed
livecodebench_104,livecodebench,352,10.002986907958984,10.002986907958984,0.0833776518702507,0.0833776518702507,0.9898383021354675,1.0,1.0,3.0,1,0.25,0.5,0.25,gamma_fixed
livecodebench_104,livecodebench,353,2.2239651679992676,2.2239651679992676,0.5434251427650452,0.5434251427650452,0.9892958402633667,1.0,2.0,3.0,1,0.5,1.0,0.5,gamma_fixed
livecodebench_104,livecodebench,354,6.063144207000732,6.063144207000732,0.455380916595459,0.455380916595459,0.00917226541787386,0.0,0.0,2.0,1,0.0,0.0,0.0,gamma_fixed
livecodebench_104,livecodebench,355,6.326877593994141,6.326877593994141,0.24055545032024384,0.24055545032024384,2.5191848278045654,1.0,2.0,5.0,1,0.5,0.5,0.5,gamma_fixed
livecodebench_104,livecodebench,356,2.662048101425171,2.662048101425171,0.45427048206329346,0.45427048206329346,0.0002598697319626808,1.0,2.0,3.0,1,0.5,1.0,0.5,gamma_fixed
livecodebench_104,livecodebench,357,7.080239295959473,7.080239295959473,0.11508211493492126,0.11508211493492126,0.21552515029907227,1.0,1.0,2.0,1,0.25,1.0,0.25,gamma_fixed
livecodebench_104,livecodebench,358,1.8399686813354492,1.8399686813354492,0.778230607509613,0.778230607509613,2.565751552581787,1.0,3.0,4.0,1,0.75,1.0,0.75,gamma_fixed
livecodebench_104,livecodebench,359,7.106535911560059,7.106535911560059,0.13854466378688812,0.13854466378688812,2.681053400039673,0.0,0.0,2.0,1,0.0,0.0,0.0,gamma_fixed
livecodebench_104,livecodebench,360,3.8680741786956787,3.8680741786956787,0.22400346398353577,0.22400346398353577,1.627975344657898,1.0,1.0,2.0,1,0.25,1.0,0.25,gamma_fixed
livecodebench_104,livecodebench,361,1.6055984497070312,1.6055984497070312,0.7382544279098511,0.7382544279098511,1.738063097000122,1.0,2.0,3.0,1,0.5,1.0,0.5,gamma_fixed
livecodebench_104,livecodebench,362,8.894140243530273,8.894140243530273,0.1354675143957138,0.1354675143957138,1.06865656375885,0.0,0.0,2.0,1,0.0,0.0,0.0,gamma_fixed
livecodebench_104,livecodebench,363,4.870000839233398,4.870000839233398,0.4428814649581909,0.4428814649581909,1.9606126546859741,1.0,1.0,2.0,1,0.25,1.0,0.25,gamma_fixed
livecodebench_104,livecodebench,364,3.3431334495544434,3.3431334495544434,0.4405090808868408,0.4405090808868408,1.7491040229797363,1.0,1.0,3.0,1,0.25,0.5,0.25,gamma_fixed
livecodebench_104,livecodebench,365,1.834287166595459,1.834287166595459,0.8337991833686829,0.8337991833686829,0.3156338930130005,0.0,0.0,2.0,1,0.0,0.0,0.0,gamma_fixed
livecodebench_104,livecodebench,366,6.2660369873046875,6.2660369873046875,0.532914400100708,0.532914400100708,1.34196138381958,0.0,0.0,2.0,1,0.0,0.0,0.0,gamma_fixed
livecodebench_104,livecodebench,367,8.393546104431152,8.393546104431152,0.20696713030338287,0.20696713030338287,1.5502570867538452,0.0,0.0,2.0,1,0.0,0.0,0.0,gamma_fixed
livecodebench_104,livecodebench,368,2.5467355251312256,2.5467355251312256,0.5739713311195374,0.5739713311195374,1.7238261699676514,1.0,3.0,4.0,1,0.75,1.0,0.75,gamma_fixed
livecodebench_104,livecodebench,369,9.478693008422852,9.478693008422852,0.08669903874397278,0.08669903874397278,1.5248653888702393,0.0,0.0,2.0,1,0.0,0.0,0.0,gamma_fixed
livecodebench_104,livecodebench,370,2.5574865341186523,2.5574865341186523,0.30231398344039917,0.30231398344039917,0.9573559761047363,0.0,0.0,2.0,1,0.0,0.0,0.0,gamma_fixed
livecodebench_104,livecodebench,371,4.915833473205566,4.915833473205566,0.2915855348110199,0.2915855348110199,1.1223928928375244,1.0,4.0,5.0,1,1.0,1.0,1.0,gamma_fixed
livecodebench_104,livecodebench,372,3.517441987991333,3.517441987991333,0.7111867070198059,0.7111867070198059,0.9854662418365479,0.0,0.0,2.0,1,0.0,0.0,0.0,gamma_fixed
livecodebench_104,livecodebench,373,5.823105335235596,5.823105335235596,0.23868343234062195,0.23868343234062195,0.7594730854034424,1.0,2.0,3.0,1,0.5,1.0,0.5,gamma_fixed
livecodebench_104,livecodebench,374,6.8722124099731445,6.8722124099731445,0.1766829490661621,0.1766829490661621,2.7976109981536865,0.0,0.0,2.0,1,0.0,0.0,0.0,gamma_fixed
livecodebench_104,livecodebench,375,9.174703598022461,9.174703598022461,0.10498830676078796,0.10498830676078796,0.0012171013513579965,0.0,0.0,2.0,1,0.0,0.0,0.0,gamma_fixed
livecodebench_104,livecodebench,376,8.071664810180664,8.071664810180664,0.1536547839641571,0.1536547839641571,1.7014350891113281,0.0,0.0,2.0,1,0.0,0.0,0.0,gamma_fixed
livecodebench_104,livecodebench,377,5.449238300323486,5.449238300323486,0.5092558860778809,0.5092558860778809,1.4212417602539062,0.0,0.0,2.0,1,0.0,0.0,0.0,gamma_fixed
livecodebench_104,livecodebench,378,0.5935254096984863,0.5935254096984863,0.9543814063072205,0.9543814063072205,1.093276023864746,1.0,4.0,5.0,1,1.0,1.0,1.0,gamma_fixed
livecodebench_104,livecodebench,379,4.116365909576416,4.116365909576416,0.3002544343471527,0.3002544343471527,2.0028531551361084,1.0,1.0,2.0,1,0.25,1.0,0.25,gamma_fixed
livecodebench_104,livecodebench,380,2.3010010719299316,2.3010010719299316,0.4351644814014435,0.4351644814014435,0.2424881011247635,1.0,2.0,4.0,1,0.5,0.6666666666666666,0.5,gamma_fixed
livecodebench_104,livecodebench,381,10.701388359069824,10.701388359069824,0.10096627473831177,0.10096627473831177,0.8719466328620911,1.0,1.0,3.0,1,0.25,0.5,0.25,gamma_fixed
livecodebench_104,livecodebench,382,10.824590682983398,10.824590682983398,0.0713166818022728,0.0713166818022728,0.13446331024169922,1.0,1.0,3.0,1,0.25,0.5,0.25,gamma_fixed
livecodebench_104,livecodebench,383,0.21039584279060364,0.21039584279060364,0.9774314165115356,0.9774314165115356,0.5784607529640198,1.0,2.0,3.0,1,0.5,1.0,0.5,gamma_fixed
livecodebench_104,livecodebench,384,3.8680100440979004,3.8680100440979004,0.32496967911720276,0.32496967911720276,2.883708953857422,0.0,0.0,2.0,1,0.0,0.0,0.0,gamma_fixed
livecodebench_104,livecodebench,385,9.650456428527832,9.650456428527832,0.08160543441772461,0.08160543441772461,0.03423536196351051,0.0,0.0,2.0,1,0.0,0.0,0.0,gamma_fixed
livecodebench_104,livecodebench,386,4.499634742736816,4.499634742736816,0.14004096388816833,0.14004096388816833,0.028125710785388947,1.0,1.0,3.0,1,0.25,0.5,0.25,gamma_fixed
livecodebench_104,livecodebench,387,1.2620091438293457,1.2620091438293457,0.8107149004936218,0.8107149004936218,1.267809510231018,1.0,1.0,3.0,1,0.25,0.5,0.25,gamma_fixed
livecodebench_104,livecodebench,388,9.244967460632324,9.244967460632324,0.06330659985542297,0.06330659985542297,0.051885612308979034,1.0,2.0,3.0,1,0.5,1.0,0.5,gamma_fixed
livecodebench_104,livecodebench,389,0.7516430020332336,0.7516430020332336,0.8683909177780151,0.8683909177780151,1.4064579010009766,1.0,1.0,3.0,1,0.25,0.5,0.25,gamma_fixed
livecodebench_104,livecodebench,390,3.9803082942962646,3.9803082942962646,0.5750935077667236,0.5750935077667236,0.0004550961311906576,1.0,3.0,4.0,1,0.75,1.0,0.75,gamma_fixed
livecodebench_104,livecodebench,391,1.3597984313964844,1.3597984313964844,0.5254213809967041,0.5254213809967041,1.97113037109375,1.0,2.0,3.0,1,0.5,1.0,0.5,gamma_fixed
livecodebench_104,livecodebench,392,9.612260818481445,9.612260818481445,0.04176146537065506,0.04176146537065506,0.7633064985275269,0.0,0.0,2.0,1,0.0,0.0,0.0,gamma_fixed
livecodebench_104,livecodebench,393,9.770477294921875,9.770477294921875,0.12492045760154724,0.12492045760154724,0.7692896127700806,0.0,0.0,2.0,1,0.0,0.0,0.0,gamma_fixed
livecodebench_104,livecodebench,394,7.281985282897949,7.281985282897949,0.12738429009914398,0.12738429009914398,2.427882671356201,1.0,2.0,5.0,1,0.5,0.5,0.5,gamma_fixed
livecodebench_104,livecodebench,395,0.7119501233100891,0.7119501233100891,0.9487766623497009,0.9487766623497009,1.0142996311187744,0.0,0.0,3.0,1,0.0,0.0,0.0,gamma_fixed
livecodebench_104,livecodebench,396,0.6474729776382446,0.6474729776382446,0.9581167697906494,0.9581167697906494,1.040376901626587,1.0,4.0,5.0,1,1.0,1.0,1.0,gamma_fixed
livecodebench_104,livecodebench,397,3.8885350227355957,3.8885350227355957,0.2910165786743164,0.2910165786743164,1.5829689502716064,1.0,2.0,5.0,1,0.5,0.5,0.5,gamma_fixed
livecodebench_104,livecodebench,398,7.387882232666016,7.387882232666016,0.09283299744129181,0.09283299744129181,3.7752058506011963,0.0,0.0,2.0,1,0.0,0.0,0.0,gamma_fixed
livecodebench_104,livecodebench,399,1.0284442901611328,1.0284442901611328,0.8851401805877686,0.8851401805877686,1.9672061204910278,1.0,1.0,2.0,1,0.25,1.0,0.25,gamma_fixed
livecodebench_104,livecodebench,400,4.203712463378906,4.203712463378906,0.48593536019325256,0.48593536019325256,1.3159502744674683,1.0,2.0,3.0,1,0.5,1.0,0.5,gamma_fixed
livecodebench_104,livecodebench,401,10.798260688781738,10.798260688781738,0.04300304129719734,0.04300304129719734,1.6166800260543823,1.0,1.0,3.0,1,0.25,0.5,0.25,gamma_fixed
livecodebench_104,livecodebench,402,1.1958565711975098,1.1958565711975098,0.8950275182723999,0.8950275182723999,1.2725958824157715,1.0,2.0,4.0,1,0.5,0.6666666666666666,0.5,gamma_fixed
livecodebench_104,livecodebench,403,2.0657994747161865,2.0657994747161865,0.4721359610557556,0.4721359610557556,2.931121826171875,0.0,0.0,2.0,1,0.0,0.0,0.0,gamma_fixed
livecodebench_104,livecodebench,404,9.543018341064453,9.543018341064453,0.1906670480966568,0.1906670480966568,1.6255712509155273,0.0,0.0,2.0,1,0.0,0.0,0.0,gamma_fixed
livecodebench_104,livecodebench,405,4.5416388511657715,4.5416388511657715,0.32719874382019043,0.32719874382019043,0.0469931960105896,0.0,0.0,2.0,1,0.0,0.0,0.0,gamma_fixed
livecodebench_104,livecodebench,406,4.476805686950684,4.476805686950684,0.23961761593818665,0.23961761593818665,0.1899750679731369,1.0,2.0,3.0,1,0.5,1.0,0.5,gamma_fixed
livecodebench_104,livecodebench,407,8.597204208374023,8.597204208374023,0.09121542423963547,0.09121542423963547,1.4574223756790161,0.0,0.0,2.0,1,0.0,0.0,0.0,gamma_fixed
livecodebench_104,livecodebench,408,7.985910415649414,7.985910415649414,0.07711172103881836,0.07711172103881836,2.4357857704162598,0.0,0.0,2.0,1,0.0,0.0,0.0,gamma_fixed
livecodebench_104,livecodebench,409,7.457491874694824,7.457491874694824,0.12888585031032562,0.12888585031032562,3.8781211376190186,0.0,0.0,2.0,1,0.0,0.0,0.0,gamma_fixed
livecodebench_104,livecodebench,410,3.0441365242004395,3.0441365242004395,0.4089988172054291,0.4089988172054291,1.2352691888809204,0.0,0.0,2.0,1,0.0,0.0,0.0,gamma_fixed
livecodebench_104,livecodebench,411,0.5714316368103027,0.5714316368103027,0.9369508028030396,0.9369508028030396,1.049895167350769,1.0,1.0,2.0,1,0.25,1.0,0.25,gamma_fixed
livecodebench_104,livecodebench,412,3.8567302227020264,3.8567302227020264,0.3375851511955261,0.3375851511955261,2.4270896911621094,0.0,0.0,2.0,1,0.0,0.0,0.0,gamma_fixed
livecodebench_104,livecodebench,413,7.467639923095703,7.467639923095703,0.11530710011720657,0.11530710011720657,0.3245256543159485,1.0,2.0,3.0,1,0.5,1.0,0.5,gamma_fixed
livecodebench_104,livecodebench,414,7.274550914764404,7.274550914764404,0.23845045268535614,0.23845045268535614,0.48033344745635986,0.0,0.0,2.0,1,0.0,0.0,0.0,gamma_fixed
livecodebench_104,livecodebench,415,0.34882256388664246,0.34882256388664246,0.9645416140556335,0.9645416140556335,1.243770956993103,1.0,2.0,4.0,1,0.5,0.6666666666666666,0.5,gamma_fixed
livecodebench_104,livecodebench,416,10.00932502746582,10.00932502746582,0.04732193797826767,0.04732193797826767,1.1540501117706299,1.0,1.0,2.0,1,0.25,1.0,0.25,gamma_fixed
livecodebench_104,livecodebench,417,4.007637977600098,4.007637977600098,0.4739838242530823,0.4739838242530823,1.3516062498092651,1.0,2.0,4.0,1,0.5,0.6666666666666666,0.5,gamma_fixed
livecodebench_104,livecodebench,418,2.760655403137207,2.760655403137207,0.5310959815979004,0.5310959815979004,2.0574817657470703,0.0,0.0,2.0,1,0.0,0.0,0.0,gamma_fixed
livecodebench_104,livecodebench,419,2.617266893386841,2.617266893386841,0.6736668944358826,0.6736668944358826,0.010494154877960682,1.0,2.0,4.0,1,0.5,0.6666666666666666,0.5,gamma_fixed
livecodebench_104,livecodebench,420,4.973599433898926,4.973599433898926,0.3049827516078949,0.3049827516078949,0.08363869786262512,1.0,2.0,4.0,1,0.5,0.6666666666666666,0.5,gamma_fixed
livecodebench_104,livecodebench,421,3.3398702144622803,3.3398702144622803,0.681108832359314,0.681108832359314,3.3865280151367188,1.0,4.0,5.0,1,1.0,1.0,1.0,gamma_fixed
livecodebench_104,livecodebench,422,6.122644424438477,6.122644424438477,0.25382915139198303,0.25382915139198303,0.03373152017593384,1.0,1.0,2.0,1,0.25,1.0,0.25,gamma_fixed
livecodebench_104,livecodebench,423,7.16395902633667,7.16395902633667,0.2336101531982422,0.2336101531982422,1.5784156322479248,1.0,1.0,4.0,1,0.25,0.3333333333333333,0.25,gamma_fixed
livecodebench_104,livecodebench,424,0.3800591826438904,0.3800591826438904,0.9682871699333191,0.9682871699333191,1.0964076519012451,1.0,3.0,4.0,1,0.75,1.0,0.75,gamma_fixed
livecodebench_104,livecodebench,425,7.3714776039123535,7.3714776039123535,0.1770283728837967,0.1770283728837967,1.6538902521133423,0.0,0.0,2.0,1,0.0,0.0,0.0,gamma_fixed
livecodebench_104,livecodebench,426,0.3839455842971802,0.3839455842971802,0.9718545079231262,0.9718545079231262,0.016533048823475838,1.0,3.0,4.0,1,0.75,1.0,0.75,gamma_fixed
livecodebench_104,livecodebench,427,10.356629371643066,10.356629371643066,0.04988440126180649,0.04988440126180649,0.71370530128479,0.0,0.0,2.0,1,0.0,0.0,0.0,gamma_fixed
livecodebench_104,livecodebench,428,6.910261154174805,6.910261154174805,0.23590268194675446,0.23590268194675446,2.938657283782959,0.0,0.0,2.0,1,0.0,0.0,0.0,gamma_fixed
livecodebench_104,livecodebench,429,5.93209171295166,5.93209171295166,0.18336272239685059,0.18336272239685059,2.5996601581573486,0.0,0.0,2.0,1,0.0,0.0,0.0,gamma_fixed
livecodebench_104,livecodebench,430,1.9345529079437256,1.9345529079437256,0.8149815201759338,0.8149815201759338,0.8853854537010193,1.0,2.0,3.0,1,0.5,1.0,0.5,gamma_fixed
livecodebench_104,livecodebench,431,1.1402631998062134,1.1402631998062134,0.9036452770233154,0.9036452770233154,1.659281611442566,0.0,0.0,2.0,1,0.0,0.0,0.0,gamma_fixed
livecodebench_104,livecodebench,432,8.517348289489746,8.517348289489746,0.210431769490242,0.210431769490242,1.5038970708847046,1.0,1.0,3.0,1,0.25,0.5,0.25,gamma_fixed
livecodebench_104,livecodebench,433,3.085444927215576,3.085444927215576,0.6151803135871887,0.6151803135871887,0.6765385270118713,1.0,3.0,5.0,1,0.75,0.75,0.75,gamma_fixed
livecodebench_104,livecodebench,434,7.546605110168457,7.546605110168457,0.15516266226768494,0.15516266226768494,0.0287226140499115,1.0,2.0,3.0,1,0.5,1.0,0.5,gamma_fixed
livecodebench_104,livecodebench,435,1.24355149269104,1.24355149269104,0.7292972803115845,0.7292972803115845,1.938668131828308,1.0,2.0,3.0,1,0.5,1.0,0.5,gamma_fixed
livecodebench_104,livecodebench,436,8.354129791259766,8.354129791259766,0.21732373535633087,0.21732373535633087,2.1018455028533936,0.0,0.0,2.0,1,0.0,0.0,0.0,gamma_fixed
livecodebench_104,livecodebench,437,10.443197250366211,10.443197250366211,0.06330659985542297,0.06330659985542297,0.4850556552410126,1.0,1.0,3.0,1,0.25,0.5,0.25,gamma_fixed
livecodebench_104,livecodebench,438,3.2197134494781494,3.2197134494781494,0.34156450629234314,0.34156450629234314,2.320350170135498,1.0,3.0,4.0,1,0.75,1.0,0.75,gamma_fixed
livecodebench_104,livecodebench,439,4.491298675537109,4.491298675537109,0.48050859570503235,0.48050859570503235,1.9250142574310303,0.0,0.0,2.0,1,0.0,0.0,0.0,gamma_fixed
livecodebench_104,livecodebench,440,9.730177879333496,9.730177879333496,0.18426021933555603,0.18426021933555603,0.4551602303981781,1.0,1.0,2.0,1,0.25,1.0,0.25,gamma_fixed
livecodebench_104,livecodebench,441,1.3951456546783447,1.3951456546783447,0.8040131330490112,0.8040131330490112,0.0022358307614922523,1.0,2.0,3.0,1,0.5,1.0,0.5,gamma_fixed
livecodebench_104,livecodebench,442,6.218450546264648,6.218450546264648,0.4485398232936859,0.4485398232936859,2.4072537422180176,0.0,0.0,2.0,1,0.0,0.0,0.0,gamma_fixed
livecodebench_104,livecodebench,443,3.403660297393799,3.403660297393799,0.7321516871452332,0.7321516871452332,0.8361258506774902,0.0,0.0,2.0,1,0.0,0.0,0.0,gamma_fixed
livecodebench_104,livecodebench,444,0.06893052160739899,0.06893052160739899,0.9959456324577332,0.9959456324577332,0.668219804763794,1.0,4.0,5.0,1,1.0,1.0,1.0,gamma_fixed
livecodebench_104,livecodebench,445,4.434366226196289,4.434366226196289,0.38328197598457336,0.38328197598457336,2.1863036155700684,0.0,0.0,2.0,1,0.0,0.0,0.0,gamma_fixed
livecodebench_104,livecodebench,446,0.14559434354305267,0.14559434354305267,0.9867824912071228,0.9867824912071228,3.9605534076690674,1.0,2.0,4.0,1,0.5,0.6666666666666666,0.5,gamma_fixed
livecodebench_104,livecodebench,447,3.1939101219177246,3.1939101219177246,0.47444695234298706,0.47444695234298706,1.3147766590118408,1.0,1.0,4.0,1,0.25,0.3333333333333333,0.25,gamma_fixed
livecodebench_104,livecodebench,448,7.23474645614624,7.23474645614624,0.11067338287830353,0.11067338287830353,0.453086256980896,1.0,1.0,2.0,1,0.25,1.0,0.25,gamma_fixed
livecodebench_104,livecodebench,449,3.135934829711914,3.135934829711914,0.5538727641105652,0.5538727641105652,1.5994861125946045,1.0,3.0,4.0,1,0.75,1.0,0.75,gamma_fixed
livecodebench_104,livecodebench,450,10.706672668457031,10.706672668457031,0.05586788430809975,0.05586788430809975,0.011448923498392105,0.0,0.0,2.0,1,0.0,0.0,0.0,gamma_fixed
livecodebench_104,livecodebench,451,8.931032180786133,8.931032180786133,0.0835406556725502,0.0835406556725502,1.4375592470169067,1.0,2.0,3.0,1,0.5,1.0,0.5,gamma_fixed
livecodebench_104,livecodebench,452,6.567213535308838,6.567213535308838,0.2588355243206024,0.2588355243206024,2.8513259887695312,1.0,1.0,3.0,1,0.25,0.5,0.25,gamma_fixed
livecodebench_104,livecodebench,453,5.823358535766602,5.823358535766602,0.22598092257976532,0.22598092257976532,3.449370861053467,1.0,1.0,3.0,1,0.25,0.5,0.25,gamma_fixed
livecodebench_104,livecodebench,454,8.980537414550781,8.980537414550781,0.21521176397800446,0.21521176397800446,1.4236472845077515,0.0,0.0,2.0,1,0.0,0.0,0.0,gamma_fixed
livecodebench_104,livecodebench,455,5.541980743408203,5.541980743408203,0.21228942275047302,0.21228942275047302,0.0016507456311956048,1.0,1.0,3.0,1,0.25,0.5,0.25,gamma_fixed
livecodebench_104,livecodebench,456,9.902825355529785,9.902825355529785,0.06939303874969482,0.06939303874969482,1.071027398109436,1.0,1.0,3.0,1,0.25,0.5,0.25,gamma_fixed
livecodebench_104,livecodebench,457,3.0807888507843018,3.0807888507843018,0.6575796008110046,0.6575796008110046,3.1349141597747803,0.0,0.0,2.0,1,0.0,0.0,0.0,gamma_fixed
livecodebench_104,livecodebench,458,8.077188491821289,8.077188491821289,0.10116366297006607,0.10116366297006607,2.0148093700408936,0.0,0.0,2.0,1,0.0,0.0,0.0,gamma_fixed
livecodebench_104,livecodebench,459,2.5551156997680664,2.5551156997680664,0.7502464652061462,0.7502464652061462,1.0574309825897217,1.0,2.0,3.0,1,0.5,1.0,0.5,gamma_fixed
livecodebench_104,livecodebench,460,7.969933032989502,7.969933032989502,0.06557180732488632,0.06557180732488632,0.3803076148033142,1.0,1.0,3.0,1,0.25,0.5,0.25,gamma_fixed
livecodebench_104,livecodebench,461,6.221711158752441,6.221711158752441,0.4277907609939575,0.4277907609939575,0.47406235337257385,1.0,2.0,3.0,1,0.5,1.0,0.5,gamma_fixed
livecodebench_104,livecodebench,462,5.478759288787842,5.478759288787842,0.44548410177230835,0.44548410177230835,0.030577635392546654,1.0,1.0,3.0,1,0.25,0.5,0.25,gamma_fixed
livecodebench_104,livecodebench,463,10.992413520812988,10.992413520812988,0.054043352603912354,0.054043352603912354,1.2479777336120605,0.0,0.0,2.0,1,0.0,0.0,0.0,gamma_fixed
livecodebench_104,livecodebench,464,4.35207986831665,4.35207986831665,0.25606992840766907,0.25606992840766907,2.6182258129119873,0.0,0.0,2.0,1,0.0,0.0,0.0,gamma_fixed
livecodebench_104,livecodebench,465,0.3968488574028015,0.3968488574028015,0.9442417621612549,0.9442417621612549,2.8653059005737305,1.0,4.0,5.0,1,1.0,1.0,1.0,gamma_fixed
livecodebench_104,livecodebench,466,7.426721572875977,7.426721572875977,0.1621333807706833,0.1621333807706833,0.6869652271270752,0.0,0.0,2.0,1,0.0,0.0,0.0,gamma_fixed
livecodebench_104,livecodebench,467,1.3180837631225586,1.3180837631225586,0.8870871663093567,0.8870871663093567,1.5677220821380615,1.0,3.0,4.0,1,0.75,1.0,0.75,gamma_fixed
livecodebench_104,livecodebench,468,7.175952911376953,7.175952911376953,0.16087165474891663,0.16087165474891663,1.7632619142532349,1.0,1.0,3.0,1,0.25,0.5,0.25,gamma_fixed
livecodebench_104,livecodebench,469,7.582624435424805,7.582624435424805,0.3510330319404602,0.3510330319404602,0.0004530583682935685,1.0,3.0,5.0,1,0.75,0.75,0.75,gamma_fixed
livecodebench_104,livecodebench,470,0.4410872459411621,0.4410872459411621,0.9728188514709473,0.9728188514709473,0.0005751150893047452,0.0,0.0,4.0,1,0.0,0.0,0.0,gamma_fixed
livecodebench_104,livecodebench,471,6.394922256469727,6.394922256469727,0.514504611492157,0.514504611492157,0.9176955223083496,0.0,0.0,2.0,1,0.0,0.0,0.0,gamma_fixed
livecodebench_104,livecodebench,472,7.835886001586914,7.835886001586914,0.10275676101446152,0.10275676101446152,0.04796008765697479,0.0,0.0,2.0,1,0.0,0.0,0.0,gamma_fixed
livecodebench_104,livecodebench,473,6.34291934967041,6.34291934967041,0.1899237036705017,0.1899237036705017,2.8227715492248535,0.0,0.0,2.0,1,0.0,0.0,0.0,gamma_fixed
livecodebench_104,livecodebench,474,4.176268100738525,4.176268100738525,0.2760676443576813,0.2760676443576813,0.10922461748123169,1.0,3.0,4.0,1,0.75,1.0,0.75,gamma_fixed
livecodebench_104,livecodebench,475,9.893463134765625,9.893463134765625,0.11285623162984848,0.11285623162984848,0.049137819558382034,0.0,0.0,2.0,1,0.0,0.0,0.0,gamma_fixed
livecodebench_104,livecodebench,476,5.338551998138428,5.338551998138428,0.25557029247283936,0.25557029247283936,1.3460251092910767,1.0,4.0,5.0,1,1.0,1.0,1.0,gamma_fixed
livecodebench_104,livecodebench,477,10.310532569885254,10.310532569885254,0.04732193797826767,0.04732193797826767,1.3307311534881592,1.0,1.0,2.0,1,0.25,1.0,0.25,gamma_fixed
livecodebench_104,livecodebench,478,1.8634295463562012,1.8634295463562012,0.6159316897392273,0.6159316897392273,2.628854751586914,1.0,1.0,3.0,1,0.25,0.5,0.25,gamma_fixed
livecodebench_104,livecodebench,479,3.3003745079040527,3.3003745079040527,0.2715223431587219,0.2715223431587219,2.2258524894714355,1.0,1.0,3.0,1,0.25,0.5,0.25,gamma_fixed
livecodebench_104,livecodebench,480,5.952387809753418,5.952387809753418,0.19595253467559814,0.19595253467559814,2.8263306617736816,1.0,2.0,3.0,1,0.5,1.0,0.5,gamma_fixed
livecodebench_104,livecodebench,481,2.5899641513824463,2.5899641513824463,0.40780237317085266,0.40780237317085266,0.0001438180624973029,1.0,2.0,3.0,1,0.5,1.0,0.5,gamma_fixed
livecodebench_104,livecodebench,482,8.469362258911133,8.469362258911133,0.23567241430282593,0.23567241430282593,0.9731289148330688,0.0,0.0,2.0,1,0.0,0.0,0.0,gamma_fixed
livecodebench_104,livecodebench,483,11.446412086486816,11.446412086486816,0.039849068969488144,0.039849068969488144,1.2937121391296387,0.0,0.0,2.0,1,0.0,0.0,0.0,gamma_fixed
livecodebench_104,livecodebench,484,0.15451592206954956,0.15451592206954956,0.9844813942909241,0.9844813942909241,2.9302830696105957,1.0,3.0,5.0,1,0.75,0.75,0.75,gamma_fixed
livecodebench_104,livecodebench,485,10.179925918579102,10.179925918579102,0.03780210018157959,0.03780210018157959,1.9502520561218262,0.0,0.0,2.0,1,0.0,0.0,0.0,gamma_fixed
livecodebench_104,livecodebench,486,7.440823554992676,7.440823554992676,0.1653311848640442,0.1653311848640442,0.8850638270378113,0.0,0.0,2.0,1,0.0,0.0,0.0,gamma_fixed
livecodebench_104,livecodebench,487,4.059079647064209,4.059079647064209,0.38067081570625305,0.38067081570625305,2.1078083515167236,0.0,0.0,2.0,1,0.0,0.0,0.0,gamma_fixed
livecodebench_104,livecodebench,488,1.327898383140564,1.327898383140564,0.7909685969352722,0.7909685969352722,0.34178265929222107,1.0,3.0,4.0,1,0.75,1.0,0.75,gamma_fixed
livecodebench_104,livecodebench,489,7.4004411697387695,7.4004411697387695,0.1893680989742279,0.1893680989742279,0.4257016181945801,1.0,1.0,2.0,1,0.25,1.0,0.25,gamma_fixed
livecodebench_104,livecodebench,490,0.7796955704689026,0.7796955704689026,0.9158610701560974,0.9158610701560974,0.42097580432891846,1.0,2.0,4.0,1,0.5,0.6666666666666666,0.5,gamma_fixed
livecodebench_104,livecodebench,491,3.7723402976989746,3.7723402976989746,0.6273136734962463,0.6273136734962463,1.357890009880066,1.0,1.0,3.0,1,0.25,0.5,0.25,gamma_fixed
livecodebench_104,livecodebench,492,4.285883903503418,4.285883903503418,0.5193000435829163,0.5193000435829163,2.936861276626587,1.0,3.0,4.0,1,0.75,1.0,0.75,gamma_fixed
livecodebench_104,livecodebench,493,9.759115219116211,9.759115219116211,0.060644011944532394,0.060644011944532394,1.046837329864502,0.0,0.0,2.0,1,0.0,0.0,0.0,gamma_fixed
livecodebench_104,livecodebench,494,2.049692153930664,2.049692153930664,0.6181914806365967,0.6181914806365967,0.6681696176528931,1.0,1.0,3.0,1,0.25,0.5,0.25,gamma_fixed
livecodebench_104,livecodebench,495,1.5341558456420898,1.5341558456420898,0.7535507082939148,0.7535507082939148,1.6822187900543213,1.0,4.0,5.0,1,1.0,1.0,1.0,gamma_fixed
livecodebench_104,livecodebench,496,5.567347526550293,5.567347526550293,0.36608755588531494,0.36608755588531494,1.2599351406097412,0.0,0.0,2.0,1,0.0,0.0,0.0,gamma_fixed
livecodebench_104,livecodebench,497,6.910895824432373,6.910895824432373,0.3954486548900604,0.3954486548900604,2.0614635944366455,0.0,0.0,2.0,1,0.0,0.0,0.0,gamma_fixed
livecodebench_104,livecodebench,498,0.7007773518562317,0.7007773518562317,0.9275056719779968,0.9275056719779968,1.7679609060287476,1.0,3.0,5.0,1,0.75,0.75,0.75,gamma_fixed
livecodebench_104,livecodebench,499,8.27329158782959,8.27329158782959,0.21988548338413239,0.21988548338413239,3.4607887268066406,0.0,0.0,2.0,1,0.0,0.0,0.0,gamma_fixed
livecodebench_104,livecodebench,500,3.795929431915283,3.795929431915283,0.57537442445755,0.57537442445755,2.5387582778930664,1.0,3.0,5.0,1,0.75,0.75,0.75,gamma_fixed
livecodebench_104,livecodebench,501,7.7789764404296875,7.7789764404296875,0.27579817175865173,0.27579817175865173,1.194711685180664,0.0,0.0,2.0,1,0.0,0.0,0.0,gamma_fixed
livecodebench_104,livecodebench,502,9.497087478637695,9.497087478637695,0.1862502545118332,0.1862502545118332,0.00010477114119566977,0.0,0.0,2.0,1,0.0,0.0,0.0,gamma_fixed
livecodebench_104,livecodebench,503,5.81710147857666,5.81710147857666,0.29044875502586365,0.29044875502586365,2.044837236404419,0.0,0.0,2.0,1,0.0,0.0,0.0,gamma_fixed
livecodebench_104,livecodebench,504,0.3294501006603241,0.3294501006603241,0.9737693071365356,0.9737693071365356,1.2342541217803955,1.0,1.0,4.0,1,0.25,0.3333333333333333,0.25,gamma_fixed
livecodebench_104,livecodebench,505,0.9912639856338501,0.9912639856338501,0.8468261957168579,0.8468261957168579,1.4777271747589111,1.0,3.0,4.0,1,0.75,1.0,0.75,gamma_fixed
livecodebench_104,livecodebench,506,10.234672546386719,10.234672546386719,0.08962604403495789,0.08962604403495789,1.4063279628753662,1.0,3.0,4.0,1,0.75,1.0,0.75,gamma_fixed
livecodebench_104,livecodebench,507,8.809797286987305,8.809797286987305,0.04713745042681694,0.04713745042681694,0.18442842364311218,0.0,0.0,2.0,1,0.0,0.0,0.0,gamma_fixed
livecodebench_104,livecodebench,508,5.06754207611084,5.06754207611084,0.5316149592399597,0.5316149592399597,2.108891487121582,0.0,0.0,2.0,1,0.0,0.0,0.0,gamma_fixed
livecodebench_104,livecodebench,509,2.439619302749634,2.439619302749634,0.7500633597373962,0.7500633597373962,2.430790662765503,1.0,4.0,5.0,1,1.0,1.0,1.0,gamma_fixed
livecodebench_104,livecodebench,510,8.458137512207031,8.458137512207031,0.2013845294713974,0.2013845294713974,0.911076545715332,0.0,0.0,2.0,1,0.0,0.0,0.0,gamma_fixed
livecodebench_104,livecodebench,511,1.0571162700653076,1.0571162700653076,0.915916919708252,0.915916919708252,0.8406784534454346,1.0,3.0,5.0,1,0.75,0.75,0.75,gamma_fixed
livecodebench_104,livecodebench,512,11.499175071716309,11.499175071716309,0.033687613904476166,0.033687613904476166,0.12205925583839417,0.0,0.0,2.0,1,0.0,0.0,0.0,gamma_fixed
livecodebench_104,livecodebench,513,1.7637183666229248,1.7637183666229248,0.5025861263275146,0.5025861263275146,2.4206202030181885,0.0,0.0,2.0,1,0.0,0.0,0.0,gamma_fixed
livecodebench_104,livecodebench,514,8.064916610717773,8.064916610717773,0.18844570219516754,0.18844570219516754,2.6165835857391357,1.0,1.0,2.0,1,0.25,1.0,0.25,gamma_fixed
livecodebench_104,livecodebench,515,4.180613040924072,4.180613040924072,0.25707218050956726,0.25707218050956726,1.7205651998519897,1.0,1.0,3.0,1,0.25,0.5,0.25,gamma_fixed
livecodebench_104,livecodebench,516,2.5342159271240234,2.5342159271240234,0.44526663422584534,0.44526663422584534,0.7167397141456604,0.0,0.0,2.0,1,0.0,0.0,0.0,gamma_fixed
livecodebench_104,livecodebench,517,4.835762023925781,4.835762023925781,0.3790016174316406,0.3790016174316406,0.4734097719192505,1.0,1.0,3.0,1,0.25,0.5,0.25,gamma_fixed
livecodebench_104,livecodebench,518,5.574637413024902,5.574637413024902,0.39275458455085754,0.39275458455085754,2.6029858589172363,1.0,1.0,2.0,1,0.25,1.0,0.25,gamma_fixed
livecodebench_104,livecodebench,519,2.8868799209594727,2.8868799209594727,0.39641526341438293,0.39641526341438293,2.5910587310791016,1.0,1.0,3.0,1,0.25,0.5,0.25,gamma_fixed
livecodebench_104,livecodebench,520,7.686060905456543,7.686060905456543,0.2535814046859741,0.2535814046859741,2.396470546722412,1.0,1.0,2.0,1,0.25,1.0,0.25,gamma_fixed
livecodebench_104,livecodebench,521,6.554934024810791,6.554934024810791,0.12013482302427292,0.12013482302427292,2.0287137031555176,1.0,2.0,3.0,1,0.5,1.0,0.5,gamma_fixed
livecodebench_104,livecodebench,522,2.4083523750305176,2.4083523750305176,0.5884440541267395,0.5884440541267395,1.84383225440979,1.0,2.0,3.0,1,0.5,1.0,0.5,gamma_fixed
livecodebench_104,livecodebench,523,6.214266777038574,6.214266777038574,0.1806963086128235,0.1806963086128235,2.93576717376709,1.0,1.0,3.0,1,0.25,0.5,0.25,gamma_fixed
livecodebench_104,livecodebench,524,2.236595630645752,2.236595630645752,0.6432884335517883,0.6432884335517883,1.931046962738037,1.0,2.0,4.0,1,0.5,0.6666666666666666,0.5,gamma_fixed
livecodebench_104,livecodebench,525,8.405683517456055,8.405683517456055,0.13480766117572784,0.13480766117572784,2.074324369430542,0.0,0.0,2.0,1,0.0,0.0,0.0,gamma_fixed
livecodebench_104,livecodebench,526,4.592308044433594,4.592308044433594,0.3657301962375641,0.3657301962375641,2.813446044921875,1.0,3.0,4.0,1,0.75,1.0,0.75,gamma_fixed
livecodebench_104,livecodebench,527,2.8317112922668457,2.8317112922668457,0.48926857113838196,0.48926857113838196,1.279952049255371,1.0,1.0,2.0,1,0.25,1.0,0.25,gamma_fixed
livecodebench_104,livecodebench,528,3.9662113189697266,3.9662113189697266,0.5997571349143982,0.5997571349143982,1.902721643447876,1.0,2.0,4.0,1,0.5,0.6666666666666666,0.5,gamma_fixed
livecodebench_104,livecodebench,529,0.2684878706932068,0.2684878706932068,0.9761644601821899,0.9761644601821899,1.1246752738952637,1.0,4.0,5.0,1,1.0,1.0,1.0,gamma_fixed
livecodebench_104,livecodebench,530,9.37935733795166,9.37935733795166,0.07159581035375595,0.07159581035375595,1.0342836380004883,0.0,0.0,2.0,1,0.0,0.0,0.0,gamma_fixed
livecodebench_104,livecodebench,531,1.9368422031402588,1.9368422031402588,0.44657301902770996,0.44657301902770996,2.0472943782806396,1.0,3.0,5.0,1,0.75,0.75,0.75,gamma_fixed
livecodebench_104,livecodebench,532,10.044357299804688,10.044357299804688,0.09283299744129181,0.09283299744129181,4.253088991390541e-05,0.0,0.0,2.0,1,0.0,0.0,0.0,gamma_fixed
livecodebench_104,livecodebench,533,2.711601972579956,2.711601972579956,0.609201967716217,0.609201967716217,0.6319075226783752,0.0,0.0,2.0,1,0.0,0.0,0.0,gamma_fixed
livecodebench_104,livecodebench,534,1.3335728645324707,1.3335728645324707,0.7087600231170654,0.7087600231170654,3.1218185424804688,1.0,3.0,4.0,1,0.75,1.0,0.75,gamma_fixed
livecodebench_104,livecodebench,535,4.932198524475098,4.932198524475098,0.21479184925556183,0.21479184925556183,3.187528610229492,1.0,1.0,4.0,1,0.25,0.3333333333333333,0.25,gamma_fixed
livecodebench_104,livecodebench,536,1.7074098587036133,1.7074098587036133,0.7301880717277527,0.7301880717277527,0.2953384220600128,1.0,3.0,4.0,1,0.75,1.0,0.75,gamma_fixed
livecodebench_104,livecodebench,537,5.473972320556641,5.473972320556641,0.4746786653995514,0.4746786653995514,2.086881160736084,0.0,0.0,2.0,1,0.0,0.0,0.0,gamma_fixed
livecodebench_104,livecodebench,538,7.349427223205566,7.349427223205566,0.2465006560087204,0.2465006560087204,1.63740873336792,1.0,3.0,4.0,1,0.75,1.0,0.75,gamma_fixed
livecodebench_104,livecodebench,539,7.402091026306152,7.402091026306152,0.24482133984565735,0.24482133984565735,2.037757396697998,0.0,0.0,2.0,1,0.0,0.0,0.0,gamma_fixed
livecodebench_104,livecodebench,540,7.581687927246094,7.581687927246094,0.177374467253685,0.177374467253685,2.148066759109497,1.0,2.0,4.0,1,0.5,0.6666666666666666,0.5,gamma_fixed
livecodebench_104,livecodebench,541,2.229761838912964,2.229761838912964,0.5347389578819275,0.5347389578819275,2.8601021766662598,1.0,4.0,5.0,1,1.0,1.0,1.0,gamma_fixed
livecodebench_104,livecodebench,542,3.902993679046631,3.902993679046631,0.30084148049354553,0.30084148049354553,0.7445690631866455,1.0,1.0,3.0,1,0.25,0.5,0.25,gamma_fixed
livecodebench_104,livecodebench,543,1.2682785987854004,1.2682785987854004,0.7993159294128418,0.7993159294128418,2.4144208431243896,1.0,3.0,5.0,1,0.75,0.75,0.75,gamma_fixed
livecodebench_104,livecodebench,544,4.680525779724121,4.680525779724121,0.30320098996162415,0.30320098996162415,2.302647590637207,1.0,1.0,3.0,1,0.25,0.5,0.25,gamma_fixed
livecodebench_104,livecodebench,545,4.771162033081055,4.771162033081055,0.2110491842031479,0.2110491842031479,0.5058271884918213,1.0,1.0,2.0,1,0.25,1.0,0.25,gamma_fixed
livecodebench_104,livecodebench,546,4.907018661499023,4.907018661499023,0.3590067923069,0.3590067923069,1.9538828134536743,0.0,0.0,2.0,1,0.0,0.0,0.0,gamma_fixed
livecodebench_104,livecodebench,547,4.513834476470947,4.513834476470947,0.22686539590358734,0.22686539590358734,2.3217079639434814,0.0,0.0,2.0,1,0.0,0.0,0.0,gamma_fixed
livecodebench_104,livecodebench,548,4.531866073608398,4.531866073608398,0.41260939836502075,0.41260939836502075,1.403159737586975,1.0,1.0,3.0,1,0.25,0.5,0.25,gamma_fixed
livecodebench_104,livecodebench,549,2.2946815490722656,2.2946815490722656,0.54688560962677,0.54688560962677,5.3170599130680785e-05,1.0,3.0,4.0,1,0.75,1.0,0.75,gamma_fixed
livecodebench_104,livecodebench,550,8.317049980163574,8.317049980163574,0.12888585031032562,0.12888585031032562,2.941988945007324,0.0,0.0,2.0,1,0.0,0.0,0.0,gamma_fixed
livecodebench_104,livecodebench,551,4.962023735046387,4.962023735046387,0.26523253321647644,0.26523253321647644,0.13805454969406128,0.0,0.0,2.0,1,0.0,0.0,0.0,gamma_fixed
livecodebench_104,livecodebench,552,2.6693968772888184,2.6693968772888184,0.5798870921134949,0.5798870921134949,1.6831011772155762,0.0,0.0,2.0,1,0.0,0.0,0.0,gamma_fixed
livecodebench_104,livecodebench,553,1.8145203590393066,1.8145203590393066,0.5953804850578308,0.5953804850578308,1.9077279567718506,1.0,4.0,5.0,1,1.0,1.0,1.0,gamma_fixed
livecodebench_104,livecodebench,554,4.84544563293457,4.84544563293457,0.2747229337692261,0.2747229337692261,2.1230523586273193,1.0,4.0,5.0,1,1.0,1.0,1.0,gamma_fixed
livecodebench_104,livecodebench,555,4.896377086639404,4.896377086639404,0.2506271004676819,0.2506271004676819,2.8122458457946777,1.0,2.0,3.0,1,0.5,1.0,0.5,gamma_fixed
livecodebench_104,livecodebench,556,2.7232186794281006,2.7232186794281006,0.39952439069747925,0.39952439069747925,3.41451096534729,1.0,1.0,3.0,1,0.25,0.5,0.25,gamma_fixed
livecodebench_104,livecodebench,557,4.368103981018066,4.368103981018066,0.35413187742233276,0.35413187742233276,2.024228572845459,1.0,2.0,4.0,1,0.5,0.6666666666666666,0.5,gamma_fixed
livecodebench_104,livecodebench,558,1.0750997066497803,1.0750997066497803,0.7996087074279785,0.7996087074279785,0.7156268358230591,1.0,3.0,4.0,1,0.75,1.0,0.75,gamma_fixed
livecodebench_104,livecodebench,559,9.510543823242188,9.510543823242188,0.14364221692085266,0.14364221692085266,1.525557041168213,1.0,3.0,4.0,1,0.75,1.0,0.75,gamma_fixed
livecodebench_104,livecodebench,560,3.0993192195892334,3.0993192195892334,0.49940598011016846,0.49940598011016846,2.887382984161377,0.0,0.0,2.0,1,0.0,0.0,0.0,gamma_fixed
livecodebench_104,livecodebench,561,5.853758335113525,5.853758335113525,0.3650165796279907,0.3650165796279907,0.8529043197631836,1.0,4.0,5.0,1,1.0,1.0,1.0,gamma_fixed
livecodebench_104,livecodebench,562,2.3422915935516357,2.3422915935516357,0.7594608664512634,0.7594608664512634,3.1433544158935547,1.0,1.0,2.0,1,0.25,1.0,0.25,gamma_fixed
livecodebench_104,livecodebench,563,4.790056228637695,4.790056228637695,0.6075681447982788,0.6075681447982788,2.9807791709899902,0.0,0.0,2.0,1,0.0,0.0,0.0,gamma_fixed
livecodebench_104,livecodebench,564,8.461039543151855,8.461039543151855,0.12419062852859497,0.12419062852859497,2.1686692237854004,1.0,2.0,3.0,1,0.5,1.0,0.5,gamma_fixed
livecodebench_104,livecodebench,565,3.7112998962402344,3.7112998962402344,0.3551709055900574,0.3551709055900574,0.10969392955303192,1.0,2.0,3.0,1,0.5,1.0,0.5,gamma_fixed
livecodebench_104,livecodebench,566,1.9700394868850708,1.9700394868850708,0.8760569095611572,0.8760569095611572,0.10956934839487076,1.0,4.0,5.0,1,1.0,1.0,1.0,gamma_fixed
livecodebench_104,livecodebench,567,10.550098419189453,10.550098419189453,0.07576808333396912,0.07576808333396912,0.9651195406913757,1.0,1.0,3.0,1,0.25,0.5,0.25,gamma_fixed
livecodebench_104,livecodebench,568,3.6697216033935547,3.6697216033935547,0.4641357660293579,0.4641357660293579,1.2454899549484253,1.0,1.0,3.0,1,0.25,0.5,0.25,gamma_fixed
livecodebench_104,livecodebench,569,0.4428001046180725,0.4428001046180725,0.9260915517807007,0.9260915517807007,2.1057052612304688,1.0,3.0,4.0,1,0.75,1.0,0.75,gamma_fixed
livecodebench_104,livecodebench,570,7.132796287536621,7.132796287536621,0.22620172798633575,0.22620172798633575,2.6684980392456055,0.0,0.0,2.0,1,0.0,0.0,0.0,gamma_fixed
livecodebench_104,livecodebench,571,2.763857364654541,2.763857364654541,0.5870091319084167,0.5870091319084167,0.7168076038360596,1.0,2.0,3.0,1,0.5,1.0,0.5,gamma_fixed
livecodebench_104,livecodebench,572,3.928706169128418,3.928706169128418,0.3116060197353363,0.3116060197353363,1.2647169828414917,1.0,4.0,5.0,1,1.0,1.0,1.0,gamma_fixed
livecodebench_104,livecodebench,573,0.7550836205482483,0.7550836205482483,0.9258654713630676,0.9258654713630676,0.984821617603302,1.0,3.0,4.0,1,0.75,1.0,0.75,gamma_fixed
livecodebench_104,livecodebench,574,0.42745745182037354,0.42745745182037354,0.9630122184753418,0.9630122184753418,2.4579522609710693,1.0,3.0,4.0,1,0.75,1.0,0.75,gamma_fixed
livecodebench_104,livecodebench,575,7.248785495758057,7.248785495758057,0.29820892214775085,0.29820892214775085,2.3233327865600586,1.0,2.0,3.0,1,0.5,1.0,0.5,gamma_fixed
livecodebench_104,livecodebench,576,0.1807253509759903,0.1807253509759903,0.9801645874977112,0.9801645874977112,2.6087262630462646,1.0,3.0,5.0,1,0.75,0.75,0.75,gamma_fixed
livecodebench_104,livecodebench,577,1.2453092336654663,1.2453092336654663,0.900726854801178,0.900726854801178,1.915306568145752,1.0,4.0,5.0,1,1.0,1.0,1.0,gamma_fixed
livecodebench_104,livecodebench,578,3.952968120574951,3.952968120574951,0.4967308044433594,0.4967308044433594,0.8743578791618347,1.0,4.0,5.0,1,1.0,1.0,1.0,gamma_fixed
livecodebench_104,livecodebench,579,3.726731538772583,3.726731538772583,0.30320098996162415,0.30320098996162415,3.44572377204895,1.0,3.0,4.0,1,0.75,1.0,0.75,gamma_fixed
livecodebench_104,livecodebench,580,8.220376968383789,8.220376968383789,0.13194230198860168,0.13194230198860168,1.7445268630981445,1.0,1.0,2.0,1,0.25,1.0,0.25,gamma_fixed
livecodebench_104,livecodebench,581,1.6540992259979248,1.6540992259979248,0.8081458806991577,0.8081458806991577,1.6943256855010986,1.0,2.0,3.0,1,0.5,1.0,0.5,gamma_fixed
livecodebench_104,livecodebench,582,2.3059141635894775,2.3059141635894775,0.685111403465271,0.685111403465271,2.568599224090576,0.0,0.0,2.0,1,0.0,0.0,0.0,gamma_fixed
livecodebench_104,livecodebench,583,4.161686420440674,4.161686420440674,0.5402503609657288,0.5402503609657288,3.0355091094970703,1.0,2.0,3.0,1,0.5,1.0,0.5,gamma_fixed
livecodebench_104,livecodebench,584,2.602487564086914,2.602487564086914,0.44223320484161377,0.44223320484161377,1.9865014553070068,1.0,1.0,3.0,1,0.25,0.5,0.25,gamma_fixed
livecodebench_104,livecodebench,585,6.728957176208496,6.728957176208496,0.21437272429466248,0.21437272429466248,0.11705802381038666,1.0,1.0,2.0,1,0.25,1.0,0.25,gamma_fixed
livecodebench_104,livecodebench,586,4.116041660308838,4.116041660308838,0.2494063377380371,0.2494063377380371,0.8218178749084473,1.0,2.0,3.0,1,0.5,1.0,0.5,gamma_fixed
livecodebench_104,livecodebench,587,0.24934864044189453,0.24934864044189453,0.9749736189842224,0.9749736189842224,1.1221297979354858,1.0,1.0,3.0,1,0.25,0.5,0.25,gamma_fixed
livecodebench_104,livecodebench,588,6.535297870635986,6.535297870635986,0.1353352814912796,0.1353352814912796,2.863809585571289,1.0,1.0,2.0,1,0.25,1.0,0.25,gamma_fixed
livecodebench_104,livecodebench,589,3.5901246070861816,3.5901246070861816,0.3859110176563263,0.3859110176563263,2.659879207611084,1.0,3.0,4.0,1,0.75,1.0,0.75,gamma_fixed
livecodebench_104,livecodebench,590,10.93076229095459,10.93076229095459,0.056526437401771545,0.056526437401771545,1.0483849048614502,0.0,0.0,2.0,1,0.0,0.0,0.0,gamma_fixed
livecodebench_104,livecodebench,591,8.201333999633789,8.201333999633789,0.24244214594364166,0.24244214594364166,3.3588719367980957,1.0,2.0,4.0,1,0.5,0.6666666666666666,0.5,gamma_fixed
livecodebench_104,livecodebench,592,2.643115282058716,2.643115282058716,0.5447534918785095,0.5447534918785095,3.2489399909973145,1.0,1.0,3.0,1,0.25,0.5,0.25,gamma_fixed
livecodebench_104,livecodebench,593,4.803006172180176,4.803006172180176,0.3923712372779846,0.3923712372779846,2.532449722290039,0.0,0.0,2.0,1,0.0,0.0,0.0,gamma_fixed
livecodebench_104,livecodebench,594,8.518743515014648,8.518743515014648,0.10136144608259201,0.10136144608259201,2.9884896278381348,0.0,0.0,2.0,1,0.0,0.0,0.0,gamma_fixed
livecodebench_104,livecodebench,595,3.0383119583129883,3.0383119583129883,0.46869057416915894,0.46869057416915894,1.9701287746429443,1.0,1.0,4.0,1,0.25,0.3333333333333333,0.25,gamma_fixed
livecodebench_104,livecodebench,596,2.121898889541626,2.121898889541626,0.6023985743522644,0.6023985743522644,1.1288158893585205,1.0,3.0,4.0,1,0.75,1.0,0.75,gamma_fixed
livecodebench_104,livecodebench,597,1.6261855363845825,1.6261855363845825,0.5460851192474365,0.5460851192474365,0.4428785443305969,1.0,2.0,3.0,1,0.5,1.0,0.5,gamma_fixed
livecodebench_104,livecodebench,598,6.385231018066406,6.385231018066406,0.21838748455047607,0.21838748455047607,0.7624016404151917,0.0,0.0,2.0,1,0.0,0.0,0.0,gamma_fixed
livecodebench_104,livecodebench,599,5.290249824523926,5.290249824523926,0.3604118824005127,0.3604118824005127,0.0492890365421772,0.0,0.0,2.0,1,0.0,0.0,0.0,gamma_fixed
livecodebench_104,livecodebench,600,3.51631498336792,3.51631498336792,0.5895944833755493,0.5895944833755493,0.9845974445343018,0.0,0.0,2.0,1,0.0,0.0,0.0,gamma_fixed
livecodebench_104,livecodebench,601,2.52766752243042,2.52766752243042,0.6982829570770264,0.6982829570770264,3.2439682483673096,1.0,4.0,5.0,1,1.0,1.0,1.0,gamma_fixed
livecodebench_104,livecodebench,602,7.323496341705322,7.323496341705322,0.37937191128730774,0.37937191128730774,0.04082472622394562,1.0,1.0,2.0,1,0.25,1.0,0.25,gamma_fixed
livecodebench_104,livecodebench,603,3.8402516841888428,3.8402516841888428,0.2496500015258789,0.2496500015258789,0.144608274102211,0.0,0.0,2.0,1,0.0,0.0,0.0,gamma_fixed
livecodebench_104,livecodebench,604,1.052350640296936,1.052350640296936,0.674654483795166,0.674654483795166,0.42145729064941406,1.0,2.0,3.0,1,0.5,1.0,0.5,gamma_fixed
livecodebench_104,livecodebench,605,3.4293365478515625,3.4293365478515625,0.5517134070396423,0.5517134070396423,2.3647985458374023,1.0,2.0,3.0,1,0.5,1.0,0.5,gamma_fixed
livecodebench_104,livecodebench,606,6.264705181121826,6.264705181121826,0.26497364044189453,0.26497364044189453,2.26914119720459,1.0,1.0,3.0,1,0.25,0.5,0.25,gamma_fixed
livecodebench_104,livecodebench,607,10.529373168945312,10.529373168945312,0.07562024146318436,0.07562024146318436,0.5283445715904236,0.0,0.0,2.0,1,0.0,0.0,0.0,gamma_fixed
livecodebench_104,livecodebench,608,2.0155153274536133,2.0155153274536133,0.49940598011016846,0.49940598011016846,2.533759117126465,0.0,0.0,2.0,1,0.0,0.0,0.0,gamma_fixed
livecodebench_104,livecodebench,609,6.3570637702941895,6.3570637702941895,0.20455588400363922,0.20455588400363922,0.009526724927127361,1.0,1.0,5.0,1,0.25,0.25,0.25,gamma_fixed
livecodebench_104,livecodebench,610,0.2782980799674988,0.2782980799674988,0.96890789270401,0.96890789270401,1.861894965171814,1.0,4.0,5.0,1,1.0,1.0,1.0,gamma_fixed
livecodebench_104,livecodebench,611,5.6074934005737305,5.6074934005737305,0.3137434422969818,0.3137434422969818,1.4767138957977295,1.0,4.0,5.0,1,1.0,1.0,1.0,gamma_fixed
livecodebench_104,livecodebench,612,7.261394023895264,7.261394023895264,0.21208222210407257,0.21208222210407257,1.6227953433990479,0.0,0.0,2.0,1,0.0,0.0,0.0,gamma_fixed
livecodebench_104,livecodebench,613,6.790952682495117,6.790952682495117,0.3513759970664978,0.3513759970664978,1.3909296989440918,1.0,4.0,5.0,1,1.0,1.0,1.0,gamma_fixed
livecodebench_104,livecodebench,614,7.988003730773926,7.988003730773926,0.21860086917877197,0.21860086917877197,1.1109014749526978,0.0,0.0,2.0,1,0.0,0.0,0.0,gamma_fixed
livecodebench_104,livecodebench,615,9.362410545349121,9.362410545349121,0.10747803747653961,0.10747803747653961,1.500112771987915,0.0,0.0,2.0,1,0.0,0.0,0.0,gamma_fixed
livecodebench_104,livecodebench,616,1.5484907627105713,1.5484907627105713,0.7706676721572876,0.7706676721572876,2.1755058765411377,1.0,2.0,3.0,1,0.5,1.0,0.5,gamma_fixed
livecodebench_104,livecodebench,617,2.8234477043151855,2.8234477043151855,0.667120099067688,0.667120099067688,1.145277738571167,1.0,2.0,4.0,1,0.5,0.6666666666666666,0.5,gamma_fixed
livecodebench_104,livecodebench,618,2.2969770431518555,2.2969770431518555,0.6869537830352783,0.6869537830352783,2.4427549839019775,1.0,2.0,4.0,1,0.5,0.6666666666666666,0.5,gamma_fixed
livecodebench_104,livecodebench,619,5.898866653442383,5.898866653442383,0.21312031149864197,0.21312031149864197,2.771494150161743,1.0,1.0,3.0,1,0.25,0.5,0.25,gamma_fixed
livecodebench_104,livecodebench,620,6.986791610717773,6.986791610717773,0.24698257446289062,0.24698257446289062,2.1494269371032715,0.0,0.0,2.0,1,0.0,0.0,0.0,gamma_fixed
livecodebench_104,livecodebench,621,1.530720591545105,1.530720591545105,0.8697701096534729,0.8697701096534729,1.0507469177246094,0.0,0.0,3.0,1,0.0,0.0,0.0,gamma_fixed
livecodebench_104,livecodebench,622,4.973857879638672,4.973857879638672,0.3960283398628235,0.3960283398628235,0.40592819452285767,0.0,0.0,2.0,1,0.0,0.0,0.0,gamma_fixed
livecodebench_104,livecodebench,623,0.39710038900375366,0.39710038900375366,0.9672830104827881,0.9672830104827881,1.4652889966964722,1.0,3.0,4.0,1,0.75,1.0,0.75,gamma_fixed
livecodebench_104,livecodebench,624,6.247637748718262,6.247637748718262,0.28233852982521057,0.28233852982521057,2.4986531734466553,0.0,0.0,2.0,1,0.0,0.0,0.0,gamma_fixed
livecodebench_104,livecodebench,625,3.040909767150879,3.040909767150879,0.43814945220947266,0.43814945220947266,0.9690648913383484,1.0,1.0,3.0,1,0.25,0.5,0.25,gamma_fixed
livecodebench_104,livecodebench,626,0.9760617017745972,0.9760617017745972,0.8069629669189453,0.8069629669189453,1.7670561075210571,1.0,1.0,3.0,1,0.25,0.5,0.25,gamma_fixed
livecodebench_104,livecodebench,627,10.647626876831055,10.647626876831055,0.0599374882876873,0.0599374882876873,0.00039405544521287084,0.0,0.0,2.0,1,0.0,0.0,0.0,gamma_fixed
livecodebench_104,livecodebench,628,1.963193655014038,1.963193655014038,0.41080015897750854,0.41080015897750854,0.8534115552902222,0.0,0.0,3.0,1,0.0,0.0,0.0,gamma_fixed
livecodebench_104,livecodebench,629,3.561835527420044,3.561835527420044,0.4089988172054291,0.4089988172054291,0.22658321261405945,1.0,3.0,4.0,1,0.75,1.0,0.75,gamma_fixed
livecodebench_104,livecodebench,630,4.451044082641602,4.451044082641602,0.301135390996933,0.301135390996933,3.9834842681884766,1.0,3.0,4.0,1,0.75,1.0,0.75,gamma_fixed
livecodebench_104,livecodebench,631,3.5808653831481934,3.5808653831481934,0.28041505813598633,0.28041505813598633,2.4986162185668945,1.0,2.0,3.0,1,0.5,1.0,0.5,gamma_fixed
livecodebench_104,livecodebench,632,10.074907302856445,10.074907302856445,0.03468915820121765,0.03468915820121765,1.1042357683181763,0.0,0.0,2.0,1,0.0,0.0,0.0,gamma_fixed
livecodebench_104,livecodebench,633,3.9691011905670166,3.9691011905670166,0.30409058928489685,0.30409058928489685,1.6133099794387817,1.0,1.0,3.0,1,0.25,0.5,0.25,gamma_fixed
livecodebench_104,livecodebench,634,4.138319492340088,4.138319492340088,0.3425666391849518,0.3425666391849518,1.8084816932678223,1.0,1.0,2.0,1,0.25,1.0,0.25,gamma_fixed
livecodebench_104,livecodebench,635,3.3781468868255615,3.3781468868255615,0.3131312429904938,0.3131312429904938,1.2205592393875122,0.0,0.0,3.0,1,0.0,0.0,0.0,gamma_fixed
livecodebench_104,livecodebench,636,6.895095348358154,6.895095348358154,0.22074608504772186,0.22074608504772186,1.840449333190918,1.0,3.0,5.0,1,0.75,0.75,0.75,gamma_fixed
livecodebench_104,livecodebench,637,5.427284240722656,5.427284240722656,0.16925188899040222,0.16925188899040222,1.350837230682373,1.0,1.0,3.0,1,0.25,0.5,0.25,gamma_fixed
livecodebench_104,livecodebench,638,11.462696075439453,11.462696075439453,0.10705901682376862,0.10705901682376862,1.1311430931091309,0.0,0.0,2.0,1,0.0,0.0,0.0,gamma_fixed
livecodebench_104,livecodebench,639,8.992798805236816,8.992798805236816,0.16941726207733154,0.16941726207733154,0.9328077435493469,1.0,1.0,2.0,1,0.25,1.0,0.25,gamma_fixed
math500_1,math500,0,11.035155296325684,11.035155296325684,0.04063501954078674,0.04063501954078674,1.8455171585083008,0.0,0.0,2.0,1,0.0,0.0,0.0,gamma_fixed
math500_1,math500,1,7.540666580200195,7.540666580200195,0.21860086917877197,0.21860086917877197,0.33102214336395264,1.0,1.0,3.0,1,0.25,0.5,0.25,gamma_fixed
math500_1,math500,2,9.570316314697266,9.570316314697266,0.11666630208492279,0.11666630208492279,1.4694523811340332,1.0,1.0,3.0,1,0.25,0.5,0.25,gamma_fixed
math500_1,math500,3,5.138278484344482,5.138278484344482,0.4682330787181854,0.4682330787181854,0.4564785361289978,1.0,1.0,2.0,1,0.25,1.0,0.25,gamma_fixed
math500_1,math500,4,6.219863414764404,6.219863414764404,0.18193577229976654,0.18193577229976654,1.0617070198059082,0.0,0.0,2.0,1,0.0,0.0,0.0,gamma_fixed
math500_1,math500,5,8.75360107421875,8.75360107421875,0.1645258665084839,0.1645258665084839,0.14389470219612122,1.0,1.0,3.0,1,0.25,0.5,0.25,gamma_fixed
math500_1,math500,6,7.476330280303955,7.476330280303955,0.1113237738609314,0.1113237738609314,1.40364670753479,1.0,2.0,3.0,1,0.5,1.0,0.5,gamma_fixed
math500_1,math500,7,0.21770282089710236,0.21770282089710236,0.979327380657196,0.979327380657196,0.062097132205963135,1.0,1.0,3.0,1,0.25,0.5,0.25,gamma_fixed
math500_1,math500,8,8.331230163574219,8.331230163574219,0.10832099616527557,0.10832099616527557,0.27843400835990906,0.0,0.0,2.0,1,0.0,0.0,0.0,gamma_fixed
math500_1,math500,9,8.041067123413086,8.041067123413086,0.2004036158323288,0.2004036158323288,0.6026473641395569,0.0,0.0,2.0,1,0.0,0.0,0.0,gamma_fixed
math500_1,math500,10,11.73200798034668,11.73200798034668,0.04998192936182022,0.04998192936182022,0.4116334617137909,1.0,3.0,4.0,1,0.75,1.0,0.75,gamma_fixed
math500_1,math500,11,8.250419616699219,8.250419616699219,0.10789869725704193,0.10789869725704193,8.79509752849117e-06,1.0,1.0,3.0,1,0.25,0.5,0.25,gamma_fixed
math500_1,math500,12,11.746322631835938,11.746322631835938,0.08789251744747162,0.08789251744747162,3.3152467949548736e-05,0.0,0.0,2.0,1,0.0,0.0,0.0,gamma_fixed
math500_1,math500,13,2.4600207805633545,2.4600207805633545,0.8363476395606995,0.8363476395606995,6.7121864049113356e-06,1.0,4.0,5.0,1,1.0,1.0,1.0,gamma_fixed
math500_1,math500,14,5.022457599639893,5.022457599639893,0.583864688873291,0.583864688873291,7.381905015790835e-05,1.0,2.0,3.0,1,0.5,1.0,0.5,gamma_fixed
math500_1,math500,15,1.5613576173782349,1.5613576173782349,0.8416733145713806,0.8416733145713806,0.000215546868275851,1.0,2.0,4.0,1,0.5,0.6666666666666666,0.5,gamma_fixed
math500_1,math500,16,12.626287460327148,12.626287460327148,0.00910238642245531,0.00910238642245531,7.590398308821023e-05,0.0,0.0,2.0,1,0.0,0.0,0.0,gamma_fixed
math500_1,math500,17,0.41833674907684326,0.41833674907684326,0.9434928894042969,0.9434928894042969,4.771836756845005e-06,1.0,3.0,4.0,1,0.75,1.0,0.75,gamma_fixed
math500_1,math500,18,10.44218635559082,10.44218635559082,0.1053992211818695,0.1053992211818695,2.774788299575448e-05,1.0,2.0,3.0,1,0.5,1.0,0.5,gamma_fixed
math500_1,math500,19,9.001251220703125,9.001251220703125,0.2079801857471466,0.2079801857471466,8.912573684938252e-05,1.0,2.0,3.0,1,0.5,1.0,0.5,gamma_fixed
math500_1,math500,20,0.966934323310852,0.966934323310852,0.871364176273346,0.871364176273346,0.0002453316410537809,1.0,1.0,3.0,1,0.25,0.5,0.25,gamma_fixed
math500_1,math500,21,2.306553363800049,2.306553363800049,0.7065141201019287,0.7065141201019287,0.0010385795030742884,1.0,1.0,3.0,1,0.25,0.5,0.25,gamma_fixed
math500_1,math500,22,7.006404876708984,7.006404876708984,0.35171931982040405,0.35171931982040405,1.290798877562338e-06,1.0,3.0,4.0,1,0.75,1.0,0.75,gamma_fixed
math500_1,math500,23,2.2939860820770264,2.2939860820770264,0.7872118949890137,0.7872118949890137,0.2005113959312439,0.0,0.0,3.0,1,0.0,0.0,0.0,gamma_fixed
math500_1,math500,24,5.193122386932373,5.193122386932373,0.31899556517601013,0.31899556517601013,0.035033464431762695,1.0,1.0,3.0,1,0.25,0.5,0.25,gamma_fixed
math500_1,math500,25,4.153282165527344,4.153282165527344,0.5756554007530212,0.5756554007530212,4.9325655709253624e-05,1.0,1.0,3.0,1,0.25,0.5,0.25,gamma_fixed
math500_1,math500,26,7.060355186462402,7.060355186462402,0.5313553810119629,0.5313553810119629,0.0023190034553408623,1.0,1.0,3.0,1,0.25,0.5,0.25,gamma_fixed
math500_1,math500,27,3.2552106380462646,3.2552106380462646,0.7563153505325317,0.7563153505325317,0.8717191219329834,1.0,4.0,5.0,1,1.0,1.0,1.0,gamma_fixed
math500_1,math500,28,11.29891300201416,11.29891300201416,0.04000503569841385,0.04000503569841385,0.14863981306552887,0.0,0.0,2.0,1,0.0,0.0,0.0,gamma_fixed
math500_1,math500,29,7.164142608642578,7.164142608642578,0.1667906939983368,0.1667906939983368,1.1306949853897095,1.0,3.0,5.0,1,0.75,0.75,0.75,gamma_fixed
math500_1,math500,30,7.2507524490356445,7.2507524490356445,0.3278384506702423,0.3278384506702423,2.0314046196290292e-05,0.0,0.0,2.0,1,0.0,0.0,0.0,gamma_fixed
math500_1,math500,31,11.691747665405273,11.691747665405273,0.08160543441772461,0.08160543441772461,1.179338141810149e-05,0.0,0.0,2.0,1,0.0,0.0,0.0,gamma_fixed
math500_1,math500,32,9.432031631469727,9.432031631469727,0.11396373063325882,0.11396373063325882,0.018437592312693596,0.0,0.0,2.0,1,0.0,0.0,0.0,gamma_fixed
math500_1,math500,33,5.779413223266602,5.779413223266602,0.46869057416915894,0.46869057416915894,0.0003998511820100248,1.0,4.0,5.0,1,1.0,1.0,1.0,gamma_fixed
math500_1,math500,34,10.608680725097656,10.608680725097656,0.08737902343273163,0.08737902343273163,0.01678694598376751,0.0,0.0,2.0,1,0.0,0.0,0.0,gamma_fixed
math500_1,math500,35,0.30112624168395996,0.30112624168395996,0.9763730764389038,0.9763730764389038,0.0007421522168442607,1.0,3.0,5.0,1,0.75,0.75,0.75,gamma_fixed
math500_1,math500,36,12.280214309692383,12.280214309692383,0.035235434770584106,0.035235434770584106,1.556344795972109e-05,1.0,1.0,3.0,1,0.25,0.5,0.25,gamma_fixed
math500_1,math500,37,2.624657154083252,2.624657154083252,0.44919735193252563,0.44919735193252563,0.1680345982313156,1.0,2.0,3.0,1,0.5,1.0,0.5,gamma_fixed
math500_1,math500,38,4.236597061157227,4.236597061157227,0.4379355311393738,0.4379355311393738,2.6264138221740723,1.0,2.0,3.0,1,0.5,1.0,0.5,gamma_fixed
math500_1,math500,39,5.167710781097412,5.167710781097412,0.3530958890914917,0.3530958890914917,1.350365400314331,0.0,0.0,2.0,1,0.0,0.0,0.0,gamma_fixed
math500_1,math500,40,4.283559799194336,4.283559799194336,0.37660345435142517,0.37660345435142517,0.012406551279127598,1.0,1.0,3.0,1,0.25,0.5,0.25,gamma_fixed
math500_1,math500,41,4.0709381103515625,4.0709381103515625,0.45205774903297424,0.45205774903297424,0.19432087242603302,1.0,1.0,2.0,1,0.25,1.0,0.25,gamma_fixed
math500_1,math500,42,4.272209167480469,4.272209167480469,0.6886329650878906,0.6886329650878906,0.0017921112012118101,0.0,0.0,2.0,1,0.0,0.0,0.0,gamma_fixed
math500_1,math500,43,4.7955708503723145,4.7955708503723145,0.39952439069747925,0.39952439069747925,1.164818525314331,0.0,0.0,2.0,1,0.0,0.0,0.0,gamma_fixed
math500_1,math500,44,0.9766212701797485,0.9766212701797485,0.8229793310165405,0.8229793310165405,1.458644151687622,1.0,3.0,4.0,1,0.75,1.0,0.75,gamma_fixed
math500_1,math500,45,8.629440307617188,8.629440307617188,0.15868718922138214,0.15868718922138214,7.058779738144949e-05,1.0,1.0,3.0,1,0.25,0.5,0.25,gamma_fixed
math500_1,math500,46,8.050901412963867,8.050901412963867,0.1899237036705017,0.1899237036705017,0.9697207808494568,0.0,0.0,2.0,1,0.0,0.0,0.0,gamma_fixed
math500_1,math500,47,0.5560739636421204,0.5560739636421204,0.92914879322052,0.92914879322052,0.7140554785728455,1.0,3.0,4.0,1,0.75,1.0,0.75,gamma_fixed
math500_1,math500,48,5.560960292816162,5.560960292816162,0.5162661671638489,0.5162661671638489,1.4457449913024902,0.0,0.0,2.0,1,0.0,0.0,0.0,gamma_fixed
math500_1,math500,49,6.363526344299316,6.363526344299316,0.19962230324745178,0.19962230324745178,0.39482754468917847,1.0,1.0,3.0,1,0.25,0.5,0.25,gamma_fixed
math500_1,math500,50,2.9596638679504395,2.9596638679504395,0.3866654932498932,0.3866654932498932,0.4742271900177002,1.0,1.0,3.0,1,0.25,0.5,0.25,gamma_fixed
math500_1,math500,51,7.568817138671875,7.568817138671875,0.22053062915802002,0.22053062915802002,1.4637724161148071,0.0,0.0,2.0,1,0.0,0.0,0.0,gamma_fixed
math500_1,math500,52,7.799384117126465,7.799384117126465,0.12370645999908447,0.12370645999908447,1.7835886478424072,0.0,0.0,2.0,1,0.0,0.0,0.0,gamma_fixed
math500_1,math500,53,1.5917339324951172,1.5917339324951172,0.751713216304779,0.751713216304779,0.001004719757474959,1.0,3.0,4.0,1,0.75,1.0,0.75,gamma_fixed
math500_1,math500,54,7.573472023010254,7.573472023010254,0.11966646462678909,0.11966646462678909,7.778425242577214e-06,0.0,0.0,2.0,1,0.0,0.0,0.0,gamma_fixed
math500_1,math500,55,10.466547966003418,10.466547966003418,0.10195710510015488,0.10195710510015488,0.9663349986076355,1.0,1.0,2.0,1,0.25,1.0,0.25,gamma_fixed
math500_1,math500,56,11.253801345825195,11.253801345825195,0.06634475290775299,0.06634475290775299,0.0004128408618271351,1.0,3.0,4.0,1,0.75,1.0,0.75,gamma_fixed
math500_1,math500,57,5.177279949188232,5.177279949188232,0.575936496257782,0.575936496257782,0.00018428532348480076,1.0,2.0,3.0,1,0.5,1.0,0.5,gamma_fixed
math500_1,math500,58,3.9098751544952393,3.9098751544952393,0.6434454917907715,0.6434454917907715,2.7428657176642446e-06,1.0,3.0,5.0,1,0.75,0.75,0.75,gamma_fixed
math500_1,math500,59,10.302176475524902,10.302176475524902,0.19160032272338867,0.19160032272338867,7.436235591740115e-06,0.0,0.0,2.0,1,0.0,0.0,0.0,gamma_fixed
math500_1,math500,60,11.307244300842285,11.307244300842285,0.05341372638940811,0.05341372638940811,7.404809002764523e-05,0.0,0.0,2.0,1,0.0,0.0,0.0,gamma_fixed
math500_1,math500,61,0.20278270542621613,0.20278270542621613,0.9893077611923218,0.9893077611923218,0.00028372142696753144,1.0,3.0,4.0,1,0.75,1.0,0.75,gamma_fixed
math500_1,math500,62,12.694963455200195,12.694963455200195,0.016100479289889336,0.016100479289889336,0.10905276983976364,0.0,0.0,2.0,1,0.0,0.0,0.0,gamma_fixed
math500_1,math500,63,8.538415908813477,8.538415908813477,0.38817885518074036,0.38817885518074036,0.0001435085287084803,0.0,0.0,2.0,1,0.0,0.0,0.0,gamma_fixed
math500_1,math500,64,12.540380477905273,12.540380477905273,0.023153137415647507,0.023153137415647507,8.378733036806807e-05,0.0,0.0,2.0,1,0.0,0.0,0.0,gamma_fixed
math500_1,math500,65,10.853132247924805,10.853132247924805,0.06480787694454193,0.06480787694454193,6.195398600539193e-05,0.0,0.0,2.0,1,0.0,0.0,0.0,gamma_fixed
math500_1,math500,66,11.762616157531738,11.762616157531738,0.024694571271538734,0.024694571271538734,1.7444381228415295e-05,0.0,0.0,2.0,1,0.0,0.0,0.0,gamma_fixed
math500_1,math500,67,8.246649742126465,8.246649742126465,0.22886812686920166,0.22886812686920166,4.0036102291196585e-05,0.0,0.0,2.0,1,0.0,0.0,0.0,gamma_fixed
math500_1,math500,68,11.869894981384277,11.869894981384277,0.025778792798519135,0.025778792798519135,2.49291661020834e-05,0.0,0.0,2.0,1,0.0,0.0,0.0,gamma_fixed
math500_1,math500,69,11.738039016723633,11.738039016723633,0.0329715795814991,0.0329715795814991,0.004444791469722986,0.0,0.0,3.0,1,0.0,0.0,0.0,gamma_fixed
math500_1,math500,70,9.981271743774414,9.981271743774414,0.1766829490661621,0.1766829490661621,3.727440343936905e-05,1.0,4.0,5.0,1,1.0,1.0,1.0,gamma_fixed
math500_1,math500,71,9.662233352661133,9.662233352661133,0.08065471053123474,0.08065471053123474,3.333021595608443e-06,1.0,1.0,3.0,1,0.25,0.5,0.25,gamma_fixed
math500_1,math500,72,1.8895455598831177,1.8895455598831177,0.6186444163322449,0.6186444163322449,0.0004730470827780664,1.0,2.0,3.0,1,0.5,1.0,0.5,gamma_fixed
math500_1,math500,73,8.192651748657227,8.192651748657227,0.4072054326534271,0.4072054326534271,0.0004745183978229761,0.0,0.0,2.0,1,0.0,0.0,0.0,gamma_fixed
math500_1,math500,74,12.539443969726562,12.539443969726562,0.020273564383387566,0.020273564383387566,4.414965587784536e-05,0.0,0.0,2.0,1,0.0,0.0,0.0,gamma_fixed
math500_1,math500,75,10.463412284851074,10.463412284851074,0.14907284080982208,0.14907284080982208,3.559947799658403e-05,0.0,0.0,2.0,1,0.0,0.0,0.0,gamma_fixed
math500_1,math500,76,0.281847208738327,0.281847208738327,0.9839708209037781,0.9839708209037781,9.918746945913881e-05,1.0,3.0,5.0,1,0.75,0.75,0.75,gamma_fixed
math500_1,math500,77,10.970277786254883,10.970277786254883,0.08720852434635162,0.08720852434635162,5.1594237447716296e-05,1.0,1.0,3.0,1,0.25,0.5,0.25,gamma_fixed
math500_1,math500,78,12.646453857421875,12.646453857421875,0.015066034160554409,0.015066034160554409,1.658396104176063e-05,0.0,0.0,2.0,1,0.0,0.0,0.0,gamma_fixed
math500_1,math500,79,2.9721200466156006,2.9721200466156006,0.726276695728302,0.726276695728302,0.000801099231466651,1.0,3.0,4.0,1,0.75,1.0,0.75,gamma_fixed
math500_1,math500,80,11.945261001586914,11.945261001586914,0.08144620805978775,0.08144620805978775,0.0008966351160779595,0.0,0.0,2.0,1,0.0,0.0,0.0,gamma_fixed
math500_1,math500,81,2.9238829612731934,2.9238829612731934,0.6364150643348694,0.6364150643348694,0.0013684940058737993,1.0,1.0,4.0,1,0.25,0.3333333333333333,0.25,gamma_fixed
math500_1,math500,82,3.3795204162597656,3.3795204162597656,0.7577939629554749,0.7577939629554749,2.634734300954733e-06,1.0,2.0,4.0,1,0.5,0.6666666666666666,0.5,gamma_fixed
math500_1,math500,83,11.932708740234375,11.932708740234375,0.056858617812395096,0.056858617812395096,0.019424382597208023,0.0,0.0,2.0,1,0.0,0.0,0.0,gamma_fixed
math500_1,math500,84,10.732207298278809,10.732207298278809,0.04039762169122696,0.04039762169122696,8.935432560974732e-06,0.0,0.0,2.0,1,0.0,0.0,0.0,gamma_fixed
math500_1,math500,85,12.494943618774414,12.494943618774414,0.0569697767496109,0.0569697767496109,2.0571060180664062,0.0,0.0,2.0,1,0.0,0.0,0.0,gamma_fixed
math500_1,math500,86,4.923180103302002,4.923180103302002,0.36716166138648987,0.36716166138648987,0.006284628063440323,0.0,0.0,2.0,1,0.0,0.0,0.0,gamma_fixed
math500_1,math500,87,11.683526992797852,11.683526992797852,0.037361692637205124,0.037361692637205124,2.7836389541625977,1.0,1.0,3.0,1,0.25,0.5,0.25,gamma_fixed
math500_1,math500,88,4.2797136306762695,4.2797136306762695,0.4618750512599945,0.4618750512599945,2.121460437774658,1.0,1.0,3.0,1,0.25,0.5,0.25,gamma_fixed
math500_1,math500,89,0.08537104725837708,0.08537104725837708,0.991234302520752,0.991234302520752,0.9435602426528931,1.0,2.0,4.0,1,0.5,0.6666666666666666,0.5,gamma_fixed
math500_1,math500,90,2.5460305213928223,2.5460305213928223,0.7671010494232178,0.7671010494232178,1.2049745321273804,1.0,1.0,3.0,1,0.25,0.5,0.25,gamma_fixed
math500_1,math500,91,9.925002098083496,9.925002098083496,0.1576061248779297,0.1576061248779297,1.4314104318618774,0.0,0.0,2.0,1,0.0,0.0,0.0,gamma_fixed
math500_1,math500,92,9.992996215820312,9.992996215820312,0.0567476749420166,0.0567476749420166,1.7277765274047852,0.0,0.0,2.0,1,0.0,0.0,0.0,gamma_fixed
math500_1,math500,93,7.306239604949951,7.306239604949951,0.2354423850774765,0.2354423850774765,1.9609403610229492,1.0,1.0,3.0,1,0.25,0.5,0.25,gamma_fixed
math500_1,math500,94,9.317168235778809,9.317168235778809,0.09577983617782593,0.09577983617782593,0.03874647989869118,0.0,0.0,2.0,1,0.0,0.0,0.0,gamma_fixed
math500_1,math500,95,12.773063659667969,12.773063659667969,0.034893009811639786,0.034893009811639786,0.00023569886980112642,1.0,1.0,3.0,1,0.25,0.5,0.25,gamma_fixed
math500_1,math500,96,11.483360290527344,11.483360290527344,0.05156852304935455,0.05156852304935455,3.582881254260428e-05,1.0,1.0,3.0,1,0.25,0.5,0.25,gamma_fixed
math500_1,math500,97,9.381367683410645,9.381367683410645,0.1301506757736206,0.1301506757736206,1.210869550704956,1.0,2.0,3.0,1,0.5,1.0,0.5,gamma_fixed
math500_1,math500,98,6.246415138244629,6.246415138244629,0.2996685802936554,0.2996685802936554,1.2535892724990845,0.0,0.0,2.0,1,0.0,0.0,0.0,gamma_fixed
math500_1,math500,99,3.4755663871765137,3.4755663871765137,0.707031786441803,0.707031786441803,1.9884111881256104,1.0,3.0,4.0,1,0.75,1.0,0.75,gamma_fixed
math500_1,math500,100,9.388873100280762,9.388873100280762,0.06818389892578125,0.06818389892578125,2.2144505977630615,0.0,0.0,2.0,1,0.0,0.0,0.0,gamma_fixed
math500_1,math500,101,9.691839218139648,9.691839218139648,0.06699582189321518,0.06699582189321518,0.421993613243103,0.0,0.0,2.0,1,0.0,0.0,0.0,gamma_fixed
math500_1,math500,102,11.398563385009766,11.398563385009766,0.019765285775065422,0.019765285775065422,0.6878524422645569,1.0,1.0,3.0,1,0.25,0.5,0.25,gamma_fixed
math500_1,math500,103,3.9253034591674805,3.9253034591674805,0.31008824706077576,0.31008824706077576,1.7757227420806885,1.0,2.0,4.0,1,0.5,0.6666666666666666,0.5,gamma_fixed
math500_1,math500,104,11.130697250366211,11.130697250366211,0.06871866434812546,0.06871866434812546,0.6208556890487671,0.0,0.0,2.0,1,0.0,0.0,0.0,gamma_fixed
math500_1,math500,105,11.11217975616455,11.11217975616455,0.046316102147102356,0.046316102147102356,1.0091913938522339,0.0,0.0,2.0,1,0.0,0.0,0.0,gamma_fixed
math500_1,math500,106,3.6707966327667236,3.6707966327667236,0.677294909954071,0.677294909954071,0.5616257190704346,0.0,0.0,2.0,1,0.0,0.0,0.0,gamma_fixed
math500_1,math500,107,6.308340549468994,6.308340549468994,0.1536547839641571,0.1536547839641571,0.2188234180212021,1.0,1.0,4.0,1,0.25,0.3333333333333333,0.25,gamma_fixed
math500_1,math500,108,1.128503680229187,1.128503680229187,0.8807749152183533,0.8807749152183533,4.4067117414670065e-05,1.0,3.0,4.0,1,0.75,1.0,0.75,gamma_fixed
math500_1,math500,109,0.03428763151168823,0.03428763151168823,0.9971601963043213,0.9971601963043213,4.669202462537214e-05,1.0,4.0,5.0,1,1.0,1.0,1.0,gamma_fixed
math500_1,math500,110,9.75540828704834,9.75540828704834,0.19122646749019623,0.19122646749019623,0.017399439588189125,1.0,4.0,5.0,1,1.0,1.0,1.0,gamma_fixed
math500_1,math500,111,3.1780929565429688,3.1780929565429688,0.6972607970237732,0.6972607970237732,1.6755496263504028,0.0,0.0,2.0,1,0.0,0.0,0.0,gamma_fixed
math500_1,math500,112,8.817031860351562,8.817031860351562,0.1542561650276184,0.1542561650276184,0.0012135104043409228,1.0,1.0,2.0,1,0.25,1.0,0.25,gamma_fixed
math500_1,math500,113,4.055291175842285,4.055291175842285,0.3472823202610016,0.3472823202610016,0.5698868036270142,1.0,4.0,5.0,1,1.0,1.0,1.0,gamma_fixed
math500_1,math500,114,1.9277915954589844,1.9277915954589844,0.7387953400611877,0.7387953400611877,1.6235661506652832,1.0,2.0,5.0,1,0.5,0.5,0.5,gamma_fixed
math500_1,math500,115,7.304939270019531,7.304939270019531,0.1261463612318039,0.1261463612318039,0.00011967821774305776,1.0,1.0,3.0,1,0.25,0.5,0.25,gamma_fixed
math500_1,math500,116,10.004989624023438,10.004989624023438,0.07924933731555939,0.07924933731555939,1.2292101018829271e-05,0.0,0.0,2.0,1,0.0,0.0,0.0,gamma_fixed
math500_1,math500,117,7.360527992248535,7.360527992248535,0.3860994875431061,0.3860994875431061,2.886552010750165e-06,1.0,3.0,4.0,1,0.75,1.0,0.75,gamma_fixed
math500_1,math500,118,9.909795761108398,9.909795761108398,0.12131376564502716,0.12131376564502716,5.696895095752552e-05,1.0,2.0,3.0,1,0.5,1.0,0.5,gamma_fixed
math500_1,math500,119,0.03314471244812012,0.03314471244812012,0.9985352754592896,0.9985352754592896,2.663250825207797e-06,1.0,3.0,4.0,1,0.75,1.0,0.75,gamma_fixed
math500_1,math500,120,2.5440468788146973,2.5440468788146973,0.7563153505325317,0.7563153505325317,9.33394258026965e-05,1.0,1.0,3.0,1,0.25,0.5,0.25,gamma_fixed
math500_1,math500,121,4.615482330322266,4.615482330322266,0.5858637690544128,0.5858637690544128,2.6403922674944624e-05,1.0,3.0,4.0,1,0.75,1.0,0.75,gamma_fixed
math500_1,math500,122,3.469538450241089,3.469538450241089,0.5901705026626587,0.5901705026626587,1.071061092261516e-06,1.0,2.0,3.0,1,0.5,1.0,0.5,gamma_fixed
math500_1,math500,123,2.23775577545166,2.23775577545166,0.8458963632583618,0.8458963632583618,1.1767365322157275e-06,1.0,3.0,4.0,1,0.75,1.0,0.75,gamma_fixed
math500_1,math500,124,9.251922607421875,9.251922607421875,0.2264227420091629,0.2264227420091629,2.8961794669157825e-05,0.0,0.0,2.0,1,0.0,0.0,0.0,gamma_fixed
math500_1,math500,125,8.327325820922852,8.327325820922852,0.26316845417022705,0.26316845417022705,4.9595735617913306e-05,1.0,2.0,3.0,1,0.5,1.0,0.5,gamma_fixed
math500_1,math500,126,11.678050994873047,11.678050994873047,0.06939303874969482,0.06939303874969482,0.0002456040820106864,1.0,2.0,3.0,1,0.5,1.0,0.5,gamma_fixed
math500_1,math500,127,10.727352142333984,10.727352142333984,0.08669903874397278,0.08669903874397278,0.5881569385528564,0.0,0.0,2.0,1,0.0,0.0,0.0,gamma_fixed
math500_1,math500,128,1.604231595993042,1.604231595993042,0.7717973589897156,0.7717973589897156,2.2456412315368652,1.0,2.0,3.0,1,0.5,1.0,0.5,gamma_fixed
math500_1,math500,129,6.217870712280273,6.217870712280273,0.23201866447925568,0.23201866447925568,0.10721827298402786,0.0,0.0,2.0,1,0.0,0.0,0.0,gamma_fixed
math500_1,math500,130,4.512679100036621,4.512679100036621,0.3493231534957886,0.3493231534957886,0.4215143322944641,0.0,0.0,2.0,1,0.0,0.0,0.0,gamma_fixed
math500_1,math500,131,3.947103500366211,3.947103500366211,0.419107049703598,0.419107049703598,0.3708484172821045,0.0,0.0,2.0,1,0.0,0.0,0.0,gamma_fixed
math500_1,math500,132,7.665337562561035,7.665337562561035,0.11024190485477448,0.11024190485477448,2.210574150085449,0.0,0.0,2.0,1,0.0,0.0,0.0,gamma_fixed
math500_1,math500,133,0.22379395365715027,0.22379395365715027,0.9806432723999023,0.9806432723999023,0.00802498310804367,1.0,4.0,5.0,1,1.0,1.0,1.0,gamma_fixed
math500_1,math500,134,8.581074714660645,8.581074714660645,0.11374136805534363,0.11374136805534363,1.4814733266830444,1.0,2.0,3.0,1,0.5,1.0,0.5,gamma_fixed
math500_1,math500,135,4.687687873840332,4.687687873840332,0.36608755588531494,0.36608755588531494,1.0385345220565796,1.0,1.0,2.0,1,0.25,1.0,0.25,gamma_fixed
math500_1,math500,136,10.096399307250977,10.096399307250977,0.0724397599697113,0.0724397599697113,0.6220471858978271,0.0,0.0,2.0,1,0.0,0.0,0.0,gamma_fixed
math500_1,math500,137,12.72892951965332,12.72892951965332,0.009066898375749588,0.009066898375749588,0.09082285314798355,0.0,0.0,2.0,1,0.0,0.0,0.0,gamma_fixed
math500_1,math500,138,0.8374262452125549,0.8374262452125549,0.9146879315376282,0.9146879315376282,0.06486757844686508,1.0,4.0,5.0,1,1.0,1.0,1.0,gamma_fixed
math500_1,math500,139,12.380538940429688,12.380538940429688,0.032333847135305405,0.032333847135305405,1.1545960660441779e-05,0.0,0.0,2.0,1,0.0,0.0,0.0,gamma_fixed
math500_1,math500,140,12.186199188232422,12.186199188232422,0.051167216151952744,0.051167216151952744,5.727358075091615e-05,0.0,0.0,2.0,1,0.0,0.0,0.0,gamma_fixed
math500_1,math500,141,0.354192852973938,0.354192852973938,0.9572399258613586,0.9572399258613586,0.19848617911338806,1.0,3.0,5.0,1,0.75,0.75,0.75,gamma_fixed
math500_1,math500,142,7.479697227478027,7.479697227478027,0.14350201189517975,0.14350201189517975,0.8472814559936523,1.0,4.0,5.0,1,1.0,1.0,1.0,gamma_fixed
math500_1,math500,143,3.586759090423584,3.586759090423584,0.6821072697639465,0.6821072697639465,0.11479184031486511,1.0,2.0,3.0,1,0.5,1.0,0.5,gamma_fixed
math500_1,math500,144,8.97559928894043,8.97559928894043,0.3073747754096985,0.3073747754096985,0.002003606641665101,1.0,3.0,4.0,1,0.75,1.0,0.75,gamma_fixed
math500_1,math500,145,10.943018913269043,10.943018913269043,0.0840315893292427,0.0840315893292427,0.5222299695014954,0.0,0.0,2.0,1,0.0,0.0,0.0,gamma_fixed
math500_1,math500,146,8.82015609741211,8.82015609741211,0.2073717564344406,0.2073717564344406,0.32911747694015503,0.0,0.0,2.0,1,0.0,0.0,0.0,gamma_fixed
math500_1,math500,147,3.134214401245117,3.134214401245117,0.6175880432128906,0.6175880432128906,0.06354331225156784,1.0,1.0,2.0,1,0.25,1.0,0.25,gamma_fixed
math500_1,math500,148,1.966995358467102,1.966995358467102,0.8831974267959595,0.8831974267959595,0.0007878079195506871,1.0,2.0,3.0,1,0.5,1.0,0.5,gamma_fixed
math500_1,math500,149,12.442852020263672,12.442852020263672,0.01824423298239708,0.01824423298239708,0.7473664283752441,1.0,1.0,3.0,1,0.25,0.5,0.25,gamma_fixed
math500_1,math500,150,9.178915977478027,9.178915977478027,0.18771103024482727,0.18771103024482727,0.3576512932777405,1.0,2.0,4.0,1,0.5,0.6666666666666666,0.5,gamma_fixed
math500_1,math500,151,10.213281631469727,10.213281631469727,0.13573235273361206,0.13573235273361206,0.7606700658798218,1.0,2.0,3.0,1,0.5,1.0,0.5,gamma_fixed
math500_1,math500,152,1.678999900817871,1.678999900817871,0.7416868805885315,0.7416868805885315,0.630776584148407,1.0,1.0,3.0,1,0.25,0.5,0.25,gamma_fixed
math500_1,math500,153,10.403787612915039,10.403787612915039,0.056858617812395096,0.056858617812395096,1.059358510246966e-05,1.0,1.0,3.0,1,0.25,0.5,0.25,gamma_fixed
math500_1,math500,154,12.412956237792969,12.412956237792969,0.02749503031373024,0.02749503031373024,0.0003163001383654773,0.0,0.0,2.0,1,0.0,0.0,0.0,gamma_fixed
math500_1,math500,155,12.285194396972656,12.285194396972656,0.023609790951013565,0.023609790951013565,2.950626850128174,1.0,4.0,5.0,1,1.0,1.0,1.0,gamma_fixed
math500_1,math500,156,6.463640213012695,6.463640213012695,0.3476216197013855,0.3476216197013855,9.669142855273094e-06,1.0,1.0,3.0,1,0.25,0.5,0.25,gamma_fixed
math500_1,math500,157,5.407052040100098,5.407052040100098,0.334631085395813,0.334631085395813,0.00015064398758113384,1.0,3.0,5.0,1,0.75,0.75,0.75,gamma_fixed
math500_1,math500,158,5.141258239746094,5.141258239746094,0.3137434422969818,0.3137434422969818,0.08328554779291153,1.0,1.0,2.0,1,0.25,1.0,0.25,gamma_fixed
math500_1,math500,159,10.850719451904297,10.850719451904297,0.09121542423963547,0.09121542423963547,0.3658384382724762,0.0,0.0,2.0,1,0.0,0.0,0.0,gamma_fixed
math500_1,math500,160,6.573060989379883,6.573060989379883,0.3037937581539154,0.3037937581539154,0.017962606623768806,1.0,1.0,3.0,1,0.25,0.5,0.25,gamma_fixed
math500_1,math500,161,7.12483024597168,7.12483024597168,0.14519356191158295,0.14519356191158295,9.383860742673278e-06,1.0,1.0,3.0,1,0.25,0.5,0.25,gamma_fixed
math500_1,math500,162,9.939327239990234,9.939327239990234,0.07430259883403778,0.07430259883403778,0.5004577040672302,0.0,0.0,3.0,1,0.0,0.0,0.0,gamma_fixed
math500_1,math500,163,10.61032485961914,10.61032485961914,0.0315232090651989,0.0315232090651989,1.3601570129394531,0.0,0.0,2.0,1,0.0,0.0,0.0,gamma_fixed
math500_1,math500,164,3.9233298301696777,3.9233298301696777,0.30978554487228394,0.30978554487228394,2.456495523452759,1.0,2.0,3.0,1,0.5,1.0,0.5,gamma_fixed
math500_1,math500,165,6.8020548820495605,6.8020548820495605,0.13827432692050934,0.13827432692050934,0.02601836994290352,0.0,0.0,2.0,1,0.0,0.0,0.0,gamma_fixed
math500_1,math500,166,6.762818336486816,6.762818336486816,0.20859037339687347,0.20859037339687347,0.006257032044231892,1.0,1.0,3.0,1,0.25,0.5,0.25,gamma_fixed
math500_1,math500,167,2.2950820922851562,2.2950820922851562,0.5231174826622009,0.5231174826622009,1.0296896696090698,1.0,4.0,5.0,1,1.0,1.0,1.0,gamma_fixed
math500_1,math500,168,10.91948413848877,10.91948413848877,0.03408471867442131,0.03408471867442131,0.3324105441570282,1.0,2.0,3.0,1,0.5,1.0,0.5,gamma_fixed
math500_1,math500,169,2.538407564163208,2.538407564163208,0.5821567177772522,0.5821567177772522,1.446955366191105e-06,1.0,3.0,4.0,1,0.75,1.0,0.75,gamma_fixed
math500_1,math500,170,8.952666282653809,8.952666282653809,0.25632011890411377,0.25632011890411377,3.943744104617508e-07,1.0,3.0,4.0,1,0.75,1.0,0.75,gamma_fixed
math500_1,math500,171,11.429712295532227,11.429712295532227,0.06582845747470856,0.06582845747470856,0.00012729174341075122,1.0,1.0,2.0,1,0.25,1.0,0.25,gamma_fixed
math500_1,math500,172,1.485206961631775,1.485206961631775,0.8734941482543945,0.8734941482543945,1.3182657312427182e-06,1.0,4.0,5.0,1,1.0,1.0,1.0,gamma_fixed
math500_1,math500,173,7.715963363647461,7.715963363647461,0.23383840918540955,0.23383840918540955,6.365668377839029e-05,1.0,1.0,2.0,1,0.25,1.0,0.25,gamma_fixed
math500_1,math500,174,6.469481468200684,6.469481468200684,0.4802740514278412,0.4802740514278412,4.283971429686062e-05,1.0,3.0,4.0,1,0.75,1.0,0.75,gamma_fixed
math500_1,math500,175,3.522958993911743,3.522958993911743,0.37641963362693787,0.37641963362693787,1.2444250387488864e-05,1.0,1.0,2.0,1,0.25,1.0,0.25,gamma_fixed
math500_1,math500,176,9.49877643585205,9.49877643585205,0.1899237036705017,0.1899237036705017,1.1366549188096542e-05,1.0,1.0,3.0,1,0.25,0.5,0.25,gamma_fixed
math500_1,math500,177,0.16037705540657043,0.16037705540657043,0.9923012256622314,0.9923012256622314,0.00018827823805622756,1.0,3.0,4.0,1,0.75,1.0,0.75,gamma_fixed
math500_1,math500,178,8.551504135131836,8.551504135131836,0.2950226366519928,0.2950226366519928,0.00010008316166931763,1.0,2.0,3.0,1,0.5,1.0,0.5,gamma_fixed
math500_1,math500,179,0.4335598349571228,0.4335598349571228,0.9768797159194946,0.9768797159194946,0.003037711838260293,1.0,2.0,4.0,1,0.5,0.6666666666666666,0.5,gamma_fixed
math500_1,math500,180,11.239973068237305,11.239973068237305,0.06980083137750626,0.06980083137750626,0.00011587829794734716,0.0,0.0,2.0,1,0.0,0.0,0.0,gamma_fixed
math500_1,math500,181,0.4653913676738739,0.4653913676738739,0.9708021283149719,0.9708021283149719,0.08072961121797562,1.0,3.0,4.0,1,0.75,1.0,0.75,gamma_fixed
math500_1,math500,182,12.080615997314453,12.080615997314453,0.0190080888569355,0.0190080888569355,0.081922248005867,0.0,0.0,2.0,1,0.0,0.0,0.0,gamma_fixed
math500_1,math500,183,10.84075927734375,10.84075927734375,0.11508211493492126,0.11508211493492126,0.00013941782526671886,0.0,0.0,2.0,1,0.0,0.0,0.0,gamma_fixed
math500_1,math500,184,10.837040901184082,10.837040901184082,0.09484903514385223,0.09484903514385223,0.0018152400152757764,0.0,0.0,2.0,1,0.0,0.0,0.0,gamma_fixed
math500_1,math500,185,3.738762378692627,3.738762378692627,0.28818845748901367,0.28818845748901367,0.00034047410008497536,1.0,4.0,5.0,1,1.0,1.0,1.0,gamma_fixed
math500_1,math500,186,10.17546558380127,10.17546558380127,0.2073717564344406,0.2073717564344406,0.27531084418296814,0.0,0.0,2.0,1,0.0,0.0,0.0,gamma_fixed
math500_1,math500,187,2.3619022369384766,2.3619022369384766,0.7373538017272949,0.7373538017272949,0.005704308860003948,1.0,1.0,3.0,1,0.25,0.5,0.25,gamma_fixed
math500_1,math500,188,4.236584663391113,4.236584663391113,0.39371466636657715,0.39371466636657715,2.9454147806973197e-05,1.0,2.0,3.0,1,0.5,1.0,0.5,gamma_fixed
math500_1,math500,189,11.43010139465332,11.43010139465332,0.034893009811639786,0.034893009811639786,2.2012249246472493e-05,0.0,0.0,2.0,1,0.0,0.0,0.0,gamma_fixed
math500_1,math500,190,10.028139114379883,10.028139114379883,0.06367862969636917,0.06367862969636917,0.0001450036943424493,0.0,0.0,2.0,1,0.0,0.0,0.0,gamma_fixed
math500_1,math500,191,9.902620315551758,9.902620315551758,0.0432557575404644,0.0432557575404644,4.651645213016309e-06,0.0,0.0,2.0,1,0.0,0.0,0.0,gamma_fixed
math500_1,math500,192,0.5969361066818237,0.5969361066818237,0.9218056201934814,0.9218056201934814,0.0004946930566802621,1.0,1.0,3.0,1,0.25,0.5,0.25,gamma_fixed
math500_1,math500,193,10.534493446350098,10.534493446350098,0.07117752730846405,0.07117752730846405,3.3797757623688085e-06,0.0,0.0,2.0,1,0.0,0.0,0.0,gamma_fixed
math500_1,math500,194,11.116715431213379,11.116715431213379,0.0835406556725502,0.0835406556725502,0.0002185109187848866,0.0,0.0,2.0,1,0.0,0.0,0.0,gamma_fixed
math500_1,math500,195,1.11116623878479,1.11116623878479,0.911511242389679,0.911511242389679,2.0344663425930776e-05,1.0,1.0,3.0,1,0.25,0.5,0.25,gamma_fixed
math500_1,math500,196,1.3921478986740112,1.3921478986740112,0.9066839218139648,0.9066839218139648,0.0004735895781777799,1.0,1.0,3.0,1,0.25,0.5,0.25,gamma_fixed
math500_1,math500,197,10.31758975982666,10.31758975982666,0.14604680240154266,0.14604680240154266,2.5929371076927055e-06,0.0,0.0,2.0,1,0.0,0.0,0.0,gamma_fixed
math500_1,math500,198,9.672449111938477,9.672449111938477,0.20696713030338287,0.20696713030338287,0.33261439204216003,1.0,3.0,4.0,1,0.75,1.0,0.75,gamma_fixed
math500_1,math500,199,4.652163505554199,4.652163505554199,0.684108555316925,0.684108555316925,0.022447854280471802,1.0,1.0,3.0,1,0.25,0.5,0.25,gamma_fixed
math500_1,math500,200,8.334177017211914,8.334177017211914,0.21774861216545105,0.21774861216545105,1.6950881481170654,0.0,0.0,2.0,1,0.0,0.0,0.0,gamma_fixed
math500_1,math500,201,1.1222254037857056,1.1222254037857056,0.9101769924163818,0.9101769924163818,2.7552225589752197,1.0,1.0,3.0,1,0.25,0.5,0.25,gamma_fixed
math500_1,math500,202,1.5307445526123047,1.5307445526123047,0.6994773745536804,0.6994773745536804,0.8819486498832703,1.0,1.0,3.0,1,0.25,0.5,0.25,gamma_fixed
math500_1,math500,203,9.167163848876953,9.167163848876953,0.09577983617782593,0.09577983617782593,0.022175272926688194,0.0,0.0,2.0,1,0.0,0.0,0.0,gamma_fixed
math500_1,math500,204,6.462922096252441,6.462922096252441,0.24386687576770782,0.24386687576770782,2.237285852432251,0.0,0.0,2.0,1,0.0,0.0,0.0,gamma_fixed
math500_1,math500,205,4.747034549713135,4.747034549713135,0.5067753195762634,0.5067753195762634,0.13858702778816223,1.0,1.0,2.0,1,0.25,1.0,0.25,gamma_fixed
math500_1,math500,206,0.23309655487537384,0.23309655487537384,0.9799851179122925,0.9799851179122925,0.01211646106094122,1.0,3.0,4.0,1,0.75,1.0,0.75,gamma_fixed
math500_1,math500,207,5.768937110900879,5.768937110900879,0.2407904863357544,0.2407904863357544,0.31901323795318604,1.0,2.0,5.0,1,0.5,0.5,0.5,gamma_fixed
math500_1,math500,208,5.354147911071777,5.354147911071777,0.1971040666103363,0.1971040666103363,0.633540689945221,1.0,2.0,4.0,1,0.5,0.6666666666666666,0.5,gamma_fixed
math500_1,math500,209,1.6677824258804321,1.6677824258804321,0.7506128549575806,0.7506128549575806,0.0009522979962639511,1.0,1.0,3.0,1,0.25,0.5,0.25,gamma_fixed
math500_1,math500,210,2.522660255432129,2.522660255432129,0.7183412909507751,0.7183412909507751,0.00014916437794454396,1.0,2.0,3.0,1,0.5,1.0,0.5,gamma_fixed
math500_1,math500,211,7.522170066833496,7.522170066833496,0.2924410402774811,0.2924410402774811,0.02248159609735012,1.0,1.0,3.0,1,0.25,0.5,0.25,gamma_fixed
math500_1,math500,212,12.434640884399414,12.434640884399414,0.023981591686606407,0.023981591686606407,9.556707664160058e-05,0.0,0.0,2.0,1,0.0,0.0,0.0,gamma_fixed
math500_1,math500,213,9.003595352172852,9.003595352172852,0.15868718922138214,0.15868718922138214,0.04920150712132454,1.0,1.0,2.0,1,0.25,1.0,0.25,gamma_fixed
math500_1,math500,214,2.5536141395568848,2.5536141395568848,0.4132142663002014,0.4132142663002014,2.353940963745117,0.0,0.0,2.0,1,0.0,0.0,0.0,gamma_fixed
math500_1,math500,215,4.593994617462158,4.593994617462158,0.2593415379524231,0.2593415379524231,0.6270539164543152,1.0,1.0,3.0,1,0.25,0.5,0.25,gamma_fixed
math500_1,math500,216,10.937653541564941,10.937653541564941,0.08910242468118668,0.08910242468118668,1.9747381210327148,1.0,1.0,3.0,1,0.25,0.5,0.25,gamma_fixed
math500_1,math500,217,4.583006381988525,4.583006381988525,0.1756507158279419,0.1756507158279419,2.2494657039642334,0.0,0.0,3.0,1,0.0,0.0,0.0,gamma_fixed
math500_1,math500,218,3.558206081390381,3.558206081390381,0.5087587833404541,0.5087587833404541,1.0075064897537231,0.0,0.0,2.0,1,0.0,0.0,0.0,gamma_fixed
math500_1,math500,219,3.9306602478027344,3.9306602478027344,0.35621294379234314,0.35621294379234314,0.0021309065632522106,1.0,1.0,3.0,1,0.25,0.5,0.25,gamma_fixed
math500_1,math500,220,12.1460599899292,12.1460599899292,0.022484663873910904,0.022484663873910904,5.123133087181486e-05,0.0,0.0,2.0,1,0.0,0.0,0.0,gamma_fixed
math500_1,math500,221,6.669681072235107,6.669681072235107,0.22797586023807526,0.22797586023807526,4.341855674283579e-05,1.0,3.0,4.0,1,0.75,1.0,0.75,gamma_fixed
math500_1,math500,222,10.19578742980957,10.19578742980957,0.06518872827291489,0.06518872827291489,0.0003029205836355686,1.0,1.0,3.0,1,0.25,0.5,0.25,gamma_fixed
math500_1,math500,223,11.96511459350586,11.96511459350586,0.04308711737394333,0.04308711737394333,0.0008486344595439732,0.0,0.0,2.0,1,0.0,0.0,0.0,gamma_fixed
math500_1,math500,224,9.81017017364502,9.81017017364502,0.19216246902942657,0.19216246902942657,0.9242086410522461,1.0,2.0,3.0,1,0.5,1.0,0.5,gamma_fixed
math500_1,math500,225,1.860242486000061,1.860242486000061,0.8392111659049988,0.8392111659049988,0.24069945514202118,0.0,0.0,2.0,1,0.0,0.0,0.0,gamma_fixed
math500_1,math500,226,9.9314546585083,9.9314546585083,0.07606463134288788,0.07606463134288788,0.005097285844385624,0.0,0.0,2.0,1,0.0,0.0,0.0,gamma_fixed
math500_1,math500,227,12.068597793579102,12.068597793579102,0.050669968128204346,0.050669968128204346,0.0014801020734012127,0.0,0.0,2.0,1,0.0,0.0,0.0,gamma_fixed
math500_1,math500,228,3.517986297607422,3.517986297607422,0.550636887550354,0.550636887550354,5.205277557251975e-05,1.0,1.0,3.0,1,0.25,0.5,0.25,gamma_fixed
math500_1,math500,229,8.998126983642578,8.998126983642578,0.28014135360717773,0.28014135360717773,4.4426169552025385e-06,1.0,2.0,3.0,1,0.5,1.0,0.5,gamma_fixed
math500_1,math500,230,7.030688285827637,7.030688285827637,0.1942378580570221,0.1942378580570221,0.95525062084198,0.0,0.0,2.0,1,0.0,0.0,0.0,gamma_fixed
math500_1,math500,231,4.199941635131836,4.199941635131836,0.2417329102754593,0.2417329102754593,2.761277675628662,1.0,2.0,4.0,1,0.5,0.6666666666666666,0.5,gamma_fixed
math500_1,math500,232,2.0010948181152344,2.0010948181152344,0.7032444477081299,0.7032444477081299,1.4923866987228394,1.0,2.0,4.0,1,0.5,0.6666666666666666,0.5,gamma_fixed
math500_1,math500,233,5.109947681427002,5.109947681427002,0.3278384506702423,0.3278384506702423,0.6505478024482727,1.0,1.0,4.0,1,0.25,0.3333333333333333,0.25,gamma_fixed
math500_1,math500,234,2.231022357940674,2.231022357940674,0.7989257574081421,0.7989257574081421,4.350500603322871e-06,1.0,2.0,4.0,1,0.5,0.6666666666666666,0.5,gamma_fixed
math500_1,math500,235,12.322633743286133,12.322633743286133,0.011779362335801125,0.011779362335801125,1.1446730241004843e-05,0.0,0.0,2.0,1,0.0,0.0,0.0,gamma_fixed
math500_1,math500,236,12.43680191040039,12.43680191040039,0.03310062363743782,0.03310062363743782,0.22340922057628632,0.0,0.0,2.0,1,0.0,0.0,0.0,gamma_fixed
math500_1,math500,237,2.929351806640625,2.929351806640625,0.7721743583679199,0.7721743583679199,0.24085931479930878,1.0,1.0,3.0,1,0.25,0.5,0.25,gamma_fixed
math500_1,math500,238,0.035624757409095764,0.035624757409095764,0.997936487197876,0.997936487197876,1.2749684174195863e-05,1.0,1.0,3.0,1,0.25,0.5,0.25,gamma_fixed
math500_1,math500,239,8.451508522033691,8.451508522033691,0.2508719861507416,0.2508719861507416,1.3007730785830063e-06,0.0,0.0,2.0,1,0.0,0.0,0.0,gamma_fixed
math500_1,math500,240,12.334405899047852,12.334405899047852,0.019726719707250595,0.019726719707250595,3.0108407145235105e-07,0.0,0.0,2.0,1,0.0,0.0,0.0,gamma_fixed
math500_1,math500,241,9.542745590209961,9.542745590209961,0.1332371085882187,0.1332371085882187,7.794664043103694e-07,0.0,0.0,2.0,1,0.0,0.0,0.0,gamma_fixed
math500_1,math500,242,6.1028337478637695,6.1028337478637695,0.5428947806358337,0.5428947806358337,1.8005857782554813e-05,1.0,2.0,3.0,1,0.5,1.0,0.5,gamma_fixed
math500_1,math500,243,11.60820198059082,11.60820198059082,0.04939962550997734,0.04939962550997734,0.003973997663706541,0.0,0.0,2.0,1,0.0,0.0,0.0,gamma_fixed
math500_1,math500,244,11.734732627868652,11.734732627868652,0.05798005312681198,0.05798005312681198,1.4658851623535156,0.0,0.0,2.0,1,0.0,0.0,0.0,gamma_fixed
math500_1,math500,245,2.3446719646453857,2.3446719646453857,0.4758389890193939,0.4758389890193939,1.1224623918533325,1.0,3.0,5.0,1,0.75,0.75,0.75,gamma_fixed
math500_1,math500,246,0.5241013765335083,0.5241013765335083,0.9663683772087097,0.9663683772087097,1.7118480205535889,1.0,2.0,5.0,1,0.5,0.5,0.5,gamma_fixed
math500_1,math500,247,0.2913397550582886,0.2913397550582886,0.9691740870475769,0.9691740870475769,0.0003751222393475473,1.0,3.0,5.0,1,0.75,0.75,0.75,gamma_fixed
math500_1,math500,248,9.595108985900879,9.595108985900879,0.0833776518702507,0.0833776518702507,5.599607106887561e-07,1.0,1.0,2.0,1,0.25,1.0,0.25,gamma_fixed
math500_1,math500,249,3.349213123321533,3.349213123321533,0.6351732611656189,0.6351732611656189,3.903146534867119e-06,1.0,4.0,5.0,1,1.0,1.0,1.0,gamma_fixed
math500_1,math500,250,10.5197172164917,10.5197172164917,0.09653104096651077,0.09653104096651077,0.0005289841792546213,0.0,0.0,2.0,1,0.0,0.0,0.0,gamma_fixed
math500_1,math500,251,3.0155348777770996,3.0155348777770996,0.7418680191040039,0.7418680191040039,0.009581591933965683,1.0,4.0,5.0,1,1.0,1.0,1.0,gamma_fixed
math500_1,math500,252,4.873675346374512,4.873675346374512,0.6097971796989441,0.6097971796989441,1.028973565553315e-05,1.0,3.0,5.0,1,0.75,0.75,0.75,gamma_fixed
math500_1,math500,253,10.808000564575195,10.808000564575195,0.10747803747653961,0.10747803747653961,1.1136259672639426e-05,1.0,1.0,3.0,1,0.25,0.5,0.25,gamma_fixed
math500_1,math500,254,12.152081489562988,12.152081489562988,0.01911979168653488,0.01911979168653488,0.5468131899833679,1.0,1.0,3.0,1,0.25,0.5,0.25,gamma_fixed
math500_1,math500,255,0.15517981350421906,0.15517981350421906,0.9854808449745178,0.9854808449745178,1.658072829246521,1.0,4.0,5.0,1,1.0,1.0,1.0,gamma_fixed
math500_1,math500,256,9.154088973999023,9.154088973999023,0.10096627473831177,0.10096627473831177,1.1741465330123901,1.0,1.0,3.0,1,0.25,0.5,0.25,gamma_fixed
math500_1,math500,257,3.4431121349334717,3.4431121349334717,0.2513624429702759,0.2513624429702759,0.9128670692443848,1.0,2.0,4.0,1,0.5,0.6666666666666666,0.5,gamma_fixed
math500_1,math500,258,3.2194387912750244,3.2194387912750244,0.5835797190666199,0.5835797190666199,1.106870412826538,0.0,0.0,2.0,1,0.0,0.0,0.0,gamma_fixed
math500_1,math500,259,11.158324241638184,11.158324241638184,0.054043352603912354,0.054043352603912354,0.032392434775829315,0.0,0.0,2.0,1,0.0,0.0,0.0,gamma_fixed
math500_1,math500,260,4.3278961181640625,4.3278961181640625,0.5142534375190735,0.5142534375190735,2.7619519233703613,1.0,1.0,3.0,1,0.25,0.5,0.25,gamma_fixed
math500_1,math500,261,5.646780014038086,5.646780014038086,0.23179219663143158,0.23179219663143158,1.1546696424484253,0.0,0.0,2.0,1,0.0,0.0,0.0,gamma_fixed
math500_1,math500,262,5.125766754150391,5.125766754150391,0.2644565999507904,0.2644565999507904,0.06798231601715088,1.0,1.0,3.0,1,0.25,0.5,0.25,gamma_fixed
math500_1,math500,263,11.318486213684082,11.318486213684082,0.05414900928735733,0.05414900928735733,0.00027054143720306456,0.0,0.0,2.0,1,0.0,0.0,0.0,gamma_fixed
math500_1,math500,264,12.29905891418457,12.29905891418457,0.02932552807033062,0.02932552807033062,2.6212874217890203e-06,1.0,1.0,3.0,1,0.25,0.5,0.25,gamma_fixed
math500_1,math500,265,1.1593677997589111,1.1593677997589111,0.8765918016433716,0.8765918016433716,4.008951873402111e-05,1.0,2.0,4.0,1,0.5,0.6666666666666666,0.5,gamma_fixed
math500_1,math500,266,10.939353942871094,10.939353942871094,0.028590310364961624,0.028590310364961624,0.00014673714758828282,0.0,0.0,2.0,1,0.0,0.0,0.0,gamma_fixed
math500_1,math500,267,12.518804550170898,12.518804550170898,0.010979573242366314,0.010979573242366314,4.318136234360281e-06,0.0,0.0,2.0,1,0.0,0.0,0.0,gamma_fixed
math500_1,math500,268,7.755303382873535,7.755303382873535,0.3817876875400543,0.3817876875400543,0.001971693243831396,1.0,4.0,5.0,1,1.0,1.0,1.0,gamma_fixed
math500_1,math500,269,8.258052825927734,8.258052825927734,0.22686539590358734,0.22686539590358734,0.0001636480155866593,0.0,0.0,2.0,1,0.0,0.0,0.0,gamma_fixed
math500_1,math500,270,0.3630944490432739,0.3630944490432739,0.9778192639350891,0.9778192639350891,3.0735077416466083e-06,1.0,3.0,4.0,1,0.75,1.0,0.75,gamma_fixed
math500_1,math500,271,2.369657516479492,2.369657516479492,0.46142420172691345,0.46142420172691345,8.62635533849243e-06,1.0,1.0,3.0,1,0.25,0.5,0.25,gamma_fixed
math500_1,math500,272,12.233723640441895,12.233723640441895,0.0169391967356205,0.0169391967356205,6.862037844257429e-05,0.0,0.0,2.0,1,0.0,0.0,0.0,gamma_fixed
math500_1,math500,273,9.388789176940918,9.388789176940918,0.07756487280130386,0.07756487280130386,0.00022604783589486033,0.0,0.0,2.0,1,0.0,0.0,0.0,gamma_fixed
math500_1,math500,274,10.711712837219238,10.711712837219238,0.12467670440673828,0.12467670440673828,4.307439212425379e-06,1.0,3.0,5.0,1,0.75,0.75,0.75,gamma_fixed
math500_1,math500,275,8.140788078308105,8.140788078308105,0.1389511525630951,0.1389511525630951,2.2224762439727783,1.0,2.0,4.0,1,0.5,0.6666666666666666,0.5,gamma_fixed
math500_1,math500,276,6.900509834289551,6.900509834289551,0.34023287892341614,0.34023287892341614,0.22663061320781708,1.0,2.0,3.0,1,0.5,1.0,0.5,gamma_fixed
math500_1,math500,277,6.486013889312744,6.486013889312744,0.37422049045562744,0.37422049045562744,2.101243257522583,0.0,0.0,2.0,1,0.0,0.0,0.0,gamma_fixed
math500_1,math500,278,5.660915374755859,5.660915374755859,0.24698257446289062,0.24698257446289062,0.027864687144756317,1.0,1.0,2.0,1,0.25,1.0,0.25,gamma_fixed
math500_1,math500,279,11.488530158996582,11.488530158996582,0.052585624158382416,0.052585624158382416,3.5762955121754203e-06,1.0,1.0,3.0,1,0.25,0.5,0.25,gamma_fixed
math500_1,math500,280,3.703713893890381,3.703713893890381,0.7434998750686646,0.7434998750686646,2.948797259705316e-07,1.0,2.0,4.0,1,0.5,0.6666666666666666,0.5,gamma_fixed
math500_1,math500,281,10.528974533081055,10.528974533081055,0.10747803747653961,0.10747803747653961,1.7089172388295992e-06,0.0,0.0,2.0,1,0.0,0.0,0.0,gamma_fixed
math500_1,math500,282,1.9514936208724976,1.9514936208724976,0.8743475675582886,0.8743475675582886,5.181171673029894e-06,1.0,2.0,3.0,1,0.5,1.0,0.5,gamma_fixed
math500_1,math500,283,12.642026901245117,12.642026901245117,0.011239945888519287,0.011239945888519287,0.007321671582758427,1.0,1.0,2.0,1,0.25,1.0,0.25,gamma_fixed
math500_1,math500,284,0.41089776158332825,0.41089776158332825,0.9564808011054993,0.9564808011054993,0.022295614704489708,1.0,3.0,4.0,1,0.75,1.0,0.75,gamma_fixed
math500_1,math500,285,10.232953071594238,10.232953071594238,0.17754775285720825,0.17754775285720825,0.2984252870082855,0.0,0.0,2.0,1,0.0,0.0,0.0,gamma_fixed
math500_1,math500,286,11.313920974731445,11.313920974731445,0.05970381572842598,0.05970381572842598,0.2780638337135315,0.0,0.0,2.0,1,0.0,0.0,0.0,gamma_fixed
math500_1,math500,287,1.0445482730865479,1.0445482730865479,0.9370079636573792,0.9370079636573792,0.0007741700974293053,1.0,3.0,4.0,1,0.75,1.0,0.75,gamma_fixed
math500_1,math500,288,11.750720977783203,11.750720977783203,0.019881438463926315,0.019881438463926315,1.6400614185840823e-05,0.0,0.0,2.0,1,0.0,0.0,0.0,gamma_fixed
math500_1,math500,289,11.540916442871094,11.540916442871094,0.03809858486056328,0.03809858486056328,4.648749836633215e-06,1.0,1.0,4.0,1,0.25,0.3333333333333333,0.25,gamma_fixed
math500_1,math500,290,1.903261423110962,1.903261423110962,0.8765918016433716,0.8765918016433716,1.162716216640547e-06,1.0,2.0,3.0,1,0.5,1.0,0.5,gamma_fixed
math500_1,math500,291,11.784958839416504,11.784958839416504,0.07894036918878555,0.07894036918878555,1.4221335732145235e-05,1.0,1.0,3.0,1,0.25,0.5,0.25,gamma_fixed
math500_1,math500,292,12.186981201171875,12.186981201171875,0.021288050338625908,0.021288050338625908,0.8366243243217468,1.0,1.0,3.0,1,0.25,0.5,0.25,gamma_fixed
math500_1,math500,293,1.8695659637451172,1.8695659637451172,0.8358373045921326,0.8358373045921326,2.642060826474335e-05,1.0,2.0,4.0,1,0.5,0.6666666666666666,0.5,gamma_fixed
math500_1,math500,294,8.010971069335938,8.010971069335938,0.3921796679496765,0.3921796679496765,6.844041490694508e-05,0.0,0.0,2.0,1,0.0,0.0,0.0,gamma_fixed
math500_1,math500,295,11.926797866821289,11.926797866821289,0.048728834837675095,0.048728834837675095,1.7694262055556464e-07,0.0,0.0,2.0,1,0.0,0.0,0.0,gamma_fixed
math500_1,math500,296,10.626253128051758,10.626253128051758,0.0650615319609642,0.0650615319609642,9.462280559091596e-07,0.0,0.0,2.0,1,0.0,0.0,0.0,gamma_fixed
math500_1,math500,297,10.483522415161133,10.483522415161133,0.1846204698085785,0.1846204698085785,4.589313903125003e-05,1.0,2.0,3.0,1,0.5,1.0,0.5,gamma_fixed
math500_1,math500,298,12.857339859008789,12.857339859008789,0.011283937841653824,0.011283937841653824,9.038103598868474e-05,0.0,0.0,2.0,1,0.0,0.0,0.0,gamma_fixed
math500_1,math500,299,10.459929466247559,10.459929466247559,0.08910242468118668,0.08910242468118668,4.4157025058666477e-07,0.0,0.0,2.0,1,0.0,0.0,0.0,gamma_fixed
math500_1,math500,300,4.3373870849609375,4.3373870849609375,0.5310959815979004,0.5310959815979004,1.0406901310489047e-05,1.0,2.0,3.0,1,0.5,1.0,0.5,gamma_fixed
math500_1,math500,301,12.625438690185547,12.625438690185547,0.018860166892409325,0.018860166892409325,5.558219982049195e-06,1.0,1.0,3.0,1,0.25,0.5,0.25,gamma_fixed
math500_1,math500,302,11.613614082336426,11.613614082336426,0.07924933731555939,0.07924933731555939,8.484218597004656e-06,1.0,1.0,3.0,1,0.25,0.5,0.25,gamma_fixed
math500_1,math500,303,2.9849843978881836,2.9849843978881836,0.5901705026626587,0.5901705026626587,9.203857916872948e-05,1.0,1.0,3.0,1,0.25,0.5,0.25,gamma_fixed
math500_1,math500,304,12.224538803100586,12.224538803100586,0.026649096980690956,0.026649096980690956,0.8758127689361572,0.0,0.0,2.0,1,0.0,0.0,0.0,gamma_fixed
math500_1,math500,305,6.659380912780762,6.659380912780762,0.272318959236145,0.272318959236145,1.5501809120178223,1.0,2.0,3.0,1,0.5,1.0,0.5,gamma_fixed
math500_1,math500,306,4.273303031921387,4.273303031921387,0.4856981337070465,0.4856981337070465,0.0825612023472786,1.0,1.0,4.0,1,0.25,0.3333333333333333,0.25,gamma_fixed
math500_1,math500,307,1.7185568809509277,1.7185568809509277,0.75816410779953,0.75816410779953,2.7866259188158438e-05,1.0,2.0,3.0,1,0.5,1.0,0.5,gamma_fixed
math500_1,math500,308,10.817207336425781,10.817207336425781,0.09466396272182465,0.09466396272182465,6.124279752839357e-05,1.0,1.0,3.0,1,0.25,0.5,0.25,gamma_fixed
math500_1,math500,309,1.1369887590408325,1.1369887590408325,0.8483782410621643,0.8483782410621643,0.023995941504836082,1.0,2.0,4.0,1,0.5,0.6666666666666666,0.5,gamma_fixed
math500_1,math500,310,8.917372703552246,8.917372703552246,0.07173578441143036,0.07173578441143036,4.05701830459293e-05,0.0,0.0,2.0,1,0.0,0.0,0.0,gamma_fixed
math500_1,math500,311,11.042284965515137,11.042284965515137,0.04640664905309677,0.04640664905309677,4.406756124808453e-05,0.0,0.0,2.0,1,0.0,0.0,0.0,gamma_fixed
math500_1,math500,312,11.762079238891602,11.762079238891602,0.07802069187164307,0.07802069187164307,3.418423148104921e-06,0.0,0.0,2.0,1,0.0,0.0,0.0,gamma_fixed
math500_1,math500,313,5.423337936401367,5.423337936401367,0.6041660308837891,0.6041660308837891,0.019150003790855408,1.0,4.0,5.0,1,1.0,1.0,1.0,gamma_fixed
math500_1,math500,314,8.901511192321777,8.901511192321777,0.19962230324745178,0.19962230324745178,0.3393159806728363,0.0,0.0,2.0,1,0.0,0.0,0.0,gamma_fixed
math500_1,math500,315,10.52471923828125,10.52471923828125,0.1766829490661621,0.1766829490661621,6.0851461967104115e-06,1.0,2.0,3.0,1,0.5,1.0,0.5,gamma_fixed
math500_1,math500,316,12.380674362182617,12.380674362182617,0.012987732887268066,0.012987732887268066,7.008799229879514e-07,1.0,1.0,2.0,1,0.25,1.0,0.25,gamma_fixed
math500_1,math500,317,11.117783546447754,11.117783546447754,0.04713745042681694,0.04713745042681694,9.077835420612246e-05,1.0,2.0,4.0,1,0.5,0.6666666666666666,0.5,gamma_fixed
math500_1,math500,318,11.167597770690918,11.167597770690918,0.11896734684705734,0.11896734684705734,9.60144679993391e-05,0.0,0.0,2.0,1,0.0,0.0,0.0,gamma_fixed
math500_1,math500,319,12.434049606323242,12.434049606323242,0.01796138286590576,0.01796138286590576,7.989017376530683e-07,0.0,0.0,2.0,1,0.0,0.0,0.0,gamma_fixed
math500_1,math500,320,1.4332084655761719,1.4332084655761719,0.9127917289733887,0.9127917289733887,3.4273195979039883e-06,1.0,1.0,3.0,1,0.25,0.5,0.25,gamma_fixed
math500_1,math500,321,4.9389448165893555,4.9389448165893555,0.4928652346134186,0.4928652346134186,1.7944885257747956e-05,1.0,4.0,5.0,1,1.0,1.0,1.0,gamma_fixed
math500_1,math500,322,12.04220199584961,12.04220199584961,0.02978733740746975,0.02978733740746975,1.4387748706212733e-05,0.0,0.0,2.0,1,0.0,0.0,0.0,gamma_fixed
math500_1,math500,323,9.332963943481445,9.332963943481445,0.3389064371585846,0.3389064371585846,2.1994572307448834e-05,1.0,2.0,4.0,1,0.5,0.6666666666666666,0.5,gamma_fixed
math500_1,math500,324,9.90501594543457,9.90501594543457,0.1808728575706482,0.1808728575706482,1.6307142972946167,0.0,0.0,2.0,1,0.0,0.0,0.0,gamma_fixed
math500_1,math500,325,12.6195068359375,12.6195068359375,0.01591290347278118,0.01591290347278118,0.006970139220356941,0.0,0.0,2.0,1,0.0,0.0,0.0,gamma_fixed
math500_1,math500,326,10.134132385253906,10.134132385253906,0.0833776518702507,0.0833776518702507,0.18682585656642914,1.0,1.0,4.0,1,0.25,0.3333333333333333,0.25,gamma_fixed
math500_1,math500,327,5.275289535522461,5.275289535522461,0.31620416045188904,0.31620416045188904,0.05948754400014877,1.0,2.0,3.0,1,0.5,1.0,0.5,gamma_fixed
math500_1,math500,328,9.13077163696289,9.13077163696289,0.08370397984981537,0.08370397984981537,5.357604823075235e-05,0.0,0.0,2.0,1,0.0,0.0,0.0,gamma_fixed
math500_1,math500,329,12.211647033691406,12.211647033691406,0.01566619612276554,0.01566619612276554,1.9843400878016837e-06,1.0,1.0,2.0,1,0.25,1.0,0.25,gamma_fixed
math500_1,math500,330,4.015378952026367,4.015378952026367,0.728052020072937,0.728052020072937,0.0002582040324341506,1.0,4.0,5.0,1,1.0,1.0,1.0,gamma_fixed
math500_1,math500,331,10.311882019042969,10.311882019042969,0.17024651169776917,0.17024651169776917,8.87846908881329e-07,1.0,2.0,3.0,1,0.5,1.0,0.5,gamma_fixed
math500_1,math500,332,0.5617187023162842,0.5617187023162842,0.9668403267860413,0.9668403267860413,2.4087325073196553e-05,1.0,2.0,3.0,1,0.5,1.0,0.5,gamma_fixed
math500_1,math500,333,12.86272144317627,12.86272144317627,0.007755329366773367,0.007755329366773367,4.454992449609563e-05,0.0,0.0,2.0,1,0.0,0.0,0.0,gamma_fixed
math500_1,math500,334,12.236318588256836,12.236318588256836,0.01591290347278118,0.01591290347278118,4.437428287928924e-05,0.0,0.0,2.0,1,0.0,0.0,0.0,gamma_fixed
math500_1,math500,335,0.16246911883354187,0.16246911883354187,0.9918773174285889,0.9918773174285889,6.344419034576276e-06,1.0,1.0,3.0,1,0.25,0.5,0.25,gamma_fixed
math500_1,math500,336,4.493854999542236,4.493854999542236,0.37076476216316223,0.37076476216316223,9.040099939738866e-06,1.0,1.0,3.0,1,0.25,0.5,0.25,gamma_fixed
math500_1,math500,337,9.327251434326172,9.327251434326172,0.06135886535048485,0.06135886535048485,0.0016386834904551506,0.0,0.0,2.0,1,0.0,0.0,0.0,gamma_fixed
math500_1,math500,338,9.384117126464844,9.384117126464844,0.10895755141973495,0.10895755141973495,9.760479588294402e-05,0.0,0.0,2.0,1,0.0,0.0,0.0,gamma_fixed
math500_1,math500,339,0.5823708772659302,0.5823708772659302,0.9669879078865051,0.9669879078865051,5.767617403762415e-05,1.0,2.0,3.0,1,0.5,1.0,0.5,gamma_fixed
math500_1,math500,340,5.634406089782715,5.634406089782715,0.5982946753501892,0.5982946753501892,1.0104888133355416e-05,1.0,3.0,4.0,1,0.75,1.0,0.75,gamma_fixed
math500_1,math500,341,4.2466044425964355,4.2466044425964355,0.7188675999641418,0.7188675999641418,3.1822685286897467e-06,1.0,3.0,4.0,1,0.75,1.0,0.75,gamma_fixed
math500_1,math500,342,11.790887832641602,11.790887832641602,0.08049733191728592,0.08049733191728592,0.0012009656056761742,1.0,2.0,3.0,1,0.5,1.0,0.5,gamma_fixed
math500_1,math500,343,0.680604100227356,0.680604100227356,0.9582629799842834,0.9582629799842834,3.516653060913086,1.0,2.0,4.0,1,0.5,0.6666666666666666,0.5,gamma_fixed
math500_1,math500,344,8.996257781982422,8.996257781982422,0.16356466710567474,0.16356466710567474,0.6947915554046631,1.0,1.0,2.0,1,0.25,1.0,0.25,gamma_fixed
math500_1,math500,345,3.1252307891845703,3.1252307891845703,0.38328197598457336,0.38328197598457336,0.1782934069633484,1.0,3.0,4.0,1,0.75,1.0,0.75,gamma_fixed
math500_1,math500,346,9.745033264160156,9.745033264160156,0.14280302822589874,0.14280302822589874,0.002508358797058463,1.0,1.0,3.0,1,0.25,0.5,0.25,gamma_fixed
math500_1,math500,347,6.272497653961182,6.272497653961182,0.36359351873397827,0.36359351873397827,0.7503588795661926,1.0,2.0,4.0,1,0.5,0.6666666666666666,0.5,gamma_fixed
math500_1,math500,348,10.134982109069824,10.134982109069824,0.16388444602489471,0.16388444602489471,0.006073829717934132,0.0,0.0,2.0,1,0.0,0.0,0.0,gamma_fixed
math500_1,math500,349,12.033327102661133,12.033327102661133,0.029154201969504356,0.029154201969504356,0.00012945037451572716,0.0,0.0,2.0,1,0.0,0.0,0.0,gamma_fixed
math500_1,math500,350,12.396547317504883,12.396547317504883,0.030374839901924133,0.030374839901924133,0.0003035582776647061,1.0,1.0,3.0,1,0.25,0.5,0.25,gamma_fixed
math500_1,math500,351,0.11494661867618561,0.11494661867618561,0.993877112865448,0.993877112865448,3.0035584131837822e-05,1.0,3.0,5.0,1,0.75,0.75,0.75,gamma_fixed
math500_1,math500,352,10.975719451904297,10.975719451904297,0.07924933731555939,0.07924933731555939,4.746423655888066e-05,0.0,0.0,2.0,1,0.0,0.0,0.0,gamma_fixed
math500_1,math500,353,12.468379974365234,12.468379974365234,0.030613074079155922,0.030613074079155922,6.75548221806821e-07,1.0,1.0,3.0,1,0.25,0.5,0.25,gamma_fixed
math500_1,math500,354,8.150325775146484,8.150325775146484,0.18789443373680115,0.18789443373680115,1.7357844626531005e-05,1.0,1.0,3.0,1,0.25,0.5,0.25,gamma_fixed
math500_1,math500,355,12.21235466003418,12.21235466003418,0.012786376290023327,0.012786376290023327,0.00010247525642625988,0.0,0.0,2.0,1,0.0,0.0,0.0,gamma_fixed
math500_1,math500,356,12.316610336303711,12.316610336303711,0.02019452676177025,0.02019452676177025,0.5374231338500977,0.0,0.0,2.0,1,0.0,0.0,0.0,gamma_fixed
math500_1,math500,357,12.1502103805542,12.1502103805542,0.02421693503856659,0.02421693503856659,1.0189058780670166,0.0,0.0,2.0,1,0.0,0.0,0.0,gamma_fixed
math500_1,math500,358,0.4789578318595886,0.4789578318595886,0.9594334363937378,0.9594334363937378,4.652224106393987e-06,1.0,4.0,5.0,1,1.0,1.0,1.0,gamma_fixed
math500_1,math500,359,10.414848327636719,10.414848327636719,0.07696125656366348,0.07696125656366348,2.7992248874397774e-07,1.0,1.0,2.0,1,0.25,1.0,0.25,gamma_fixed
math500_1,math500,360,2.9891932010650635,2.9891932010650635,0.6635465025901794,0.6635465025901794,0.0002616484125610441,1.0,3.0,4.0,1,0.75,1.0,0.75,gamma_fixed
math500_1,math500,361,12.448193550109863,12.448193550109863,0.03900206834077835,0.03900206834077835,0.0005256432923488319,1.0,1.0,3.0,1,0.25,0.5,0.25,gamma_fixed
math500_1,math500,362,3.4461824893951416,3.4461824893951416,0.3808567523956299,0.3808567523956299,1.1838881619041786e-05,1.0,3.0,5.0,1,0.75,0.75,0.75,gamma_fixed
math500_1,math500,363,11.778406143188477,11.778406143188477,0.06725803762674332,0.06725803762674332,0.00025533465668559074,0.0,0.0,2.0,1,0.0,0.0,0.0,gamma_fixed
math500_1,math500,364,12.472135543823242,12.472135543823242,0.013664299622178078,0.013664299622178078,1.0575389751465991e-05,0.0,0.0,2.0,1,0.0,0.0,0.0,gamma_fixed
math500_1,math500,365,12.337451934814453,12.337451934814453,0.023563724011182785,0.023563724011182785,4.655453813029453e-05,0.0,0.0,2.0,1,0.0,0.0,0.0,gamma_fixed
math500_1,math500,366,0.2766798138618469,0.2766798138618469,0.9766710996627808,0.9766710996627808,0.00026361143682152033,1.0,3.0,4.0,1,0.75,1.0,0.75,gamma_fixed
math500_1,math500,367,12.579548835754395,12.579548835754395,0.02421693503856659,0.02421693503856659,0.5030004978179932,0.0,0.0,2.0,1,0.0,0.0,0.0,gamma_fixed
math500_1,math500,368,4.147156238555908,4.147156238555908,0.4385775029659271,0.4385775029659271,3.004580020904541,1.0,2.0,3.0,1,0.5,1.0,0.5,gamma_fixed
math500_1,math500,369,8.44108772277832,8.44108772277832,0.09998507052659988,0.09998507052659988,0.18537431955337524,0.0,0.0,2.0,1,0.0,0.0,0.0,gamma_fixed
math500_1,math500,370,9.116722106933594,9.116722106933594,0.09785985946655273,0.09785985946655273,1.3223024606704712,1.0,1.0,3.0,1,0.25,0.5,0.25,gamma_fixed
math500_1,math500,371,11.287653923034668,11.287653923034668,0.07681109011173248,0.07681109011173248,0.9230066537857056,1.0,1.0,3.0,1,0.25,0.5,0.25,gamma_fixed
math500_1,math500,372,9.648859024047852,9.648859024047852,0.09785985946655273,0.09785985946655273,0.00015309294394683093,0.0,0.0,2.0,1,0.0,0.0,0.0,gamma_fixed
math500_1,math500,373,10.757884979248047,10.757884979248047,0.04184310883283615,0.04184310883283615,0.21461859345436096,1.0,1.0,3.0,1,0.25,0.5,0.25,gamma_fixed
math500_1,math500,374,9.991697311401367,9.991697311401367,0.045776501297950745,0.045776501297950745,1.6501080989837646,0.0,0.0,2.0,1,0.0,0.0,0.0,gamma_fixed
math500_1,math500,375,7.002309799194336,7.002309799194336,0.2059590071439743,0.2059590071439743,0.06755229830741882,1.0,3.0,4.0,1,0.75,1.0,0.75,gamma_fixed
math500_1,math500,376,6.908474445343018,6.908474445343018,0.09050558507442474,0.09050558507442474,4.59274502873086e-07,0.0,0.0,2.0,1,0.0,0.0,0.0,gamma_fixed
math500_1,math500,377,9.589548110961914,9.589548110961914,0.08997683227062225,0.08997683227062225,0.01023497711867094,1.0,1.0,3.0,1,0.25,0.5,0.25,gamma_fixed
math500_1,math500,378,8.886068344116211,8.886068344116211,0.14547742903232574,0.14547742903232574,0.00012872947263531387,1.0,3.0,4.0,1,0.75,1.0,0.75,gamma_fixed
math500_1,math500,379,5.95941686630249,5.95941686630249,0.4551585912704468,0.4551585912704468,9.516616410110146e-05,0.0,0.0,2.0,1,0.0,0.0,0.0,gamma_fixed
math500_1,math500,380,11.671377182006836,11.671377182006836,0.07909470051527023,0.07909470051527023,6.969690002733842e-05,1.0,2.0,3.0,1,0.5,1.0,0.5,gamma_fixed
math500_1,math500,381,1.6019034385681152,1.6019034385681152,0.9087337851524353,0.9087337851524353,4.1283539076175657e-07,1.0,2.0,3.0,1,0.5,1.0,0.5,gamma_fixed
math500_1,math500,382,10.782342910766602,10.782342910766602,0.048255279660224915,0.048255279660224915,3.072420076932758e-05,1.0,2.0,3.0,1,0.5,1.0,0.5,gamma_fixed
math500_1,math500,383,3.6884007453918457,3.6884007453918457,0.4907040596008301,0.4907040596008301,1.5131540749280248e-06,1.0,1.0,3.0,1,0.25,0.5,0.25,gamma_fixed
math500_1,math500,384,7.907483100891113,7.907483100891113,0.36680325865745544,0.36680325865745544,1.5888301732047694e-06,1.0,1.0,3.0,1,0.25,0.5,0.25,gamma_fixed
math500_1,math500,385,11.317420959472656,11.317420959472656,0.049015190452337265,0.049015190452337265,0.5950186252593994,0.0,0.0,2.0,1,0.0,0.0,0.0,gamma_fixed
math500_1,math500,386,11.311720848083496,11.311720848083496,0.049787066876888275,0.049787066876888275,0.8962458372116089,1.0,1.0,3.0,1,0.25,0.5,0.25,gamma_fixed
math500_1,math500,387,0.40969979763031006,0.40969979763031006,0.9686418175697327,0.9686418175697327,0.2821275591850281,1.0,1.0,3.0,1,0.25,0.5,0.25,gamma_fixed
math500_1,math500,388,9.082115173339844,9.082115173339844,0.15977568924427032,0.15977568924427032,8.236213761847466e-05,1.0,1.0,3.0,1,0.25,0.5,0.25,gamma_fixed
math500_1,math500,389,8.469228744506836,8.469228744506836,0.15024201571941376,0.15024201571941376,6.415307780116564e-06,1.0,1.0,3.0,1,0.25,0.5,0.25,gamma_fixed
math500_1,math500,390,5.505891799926758,5.505891799926758,0.3551709055900574,0.3551709055900574,4.833990260522114e-06,1.0,1.0,3.0,1,0.25,0.5,0.25,gamma_fixed
math500_1,math500,391,9.221429824829102,9.221429824829102,0.10315893590450287,0.10315893590450287,1.4480183381238021e-05,1.0,1.0,3.0,1,0.25,0.5,0.25,gamma_fixed
math500_1,math500,392,0.5911256074905396,0.5911256074905396,0.9642767310142517,0.9642767310142517,2.5929068215191364e-05,1.0,1.0,3.0,1,0.25,0.5,0.25,gamma_fixed
math500_1,math500,393,5.32664680480957,5.32664680480957,0.6351732611656189,0.6351732611656189,0.00040065107168629766,1.0,1.0,3.0,1,0.25,0.5,0.25,gamma_fixed
math500_1,math500,394,11.71449089050293,11.71449089050293,0.04806715250015259,0.04806715250015259,2.8119711714680307e-06,1.0,1.0,3.0,1,0.25,0.5,0.25,gamma_fixed
math500_1,math500,395,11.734396934509277,11.734396934509277,0.02744138054549694,0.02744138054549694,4.357141733635217e-06,1.0,2.0,3.0,1,0.5,1.0,0.5,gamma_fixed
math500_1,math500,396,7.715214729309082,7.715214729309082,0.42115849256515503,0.42115849256515503,7.476627160940552e-06,1.0,1.0,3.0,1,0.25,0.5,0.25,gamma_fixed
math500_1,math500,397,11.225530624389648,11.225530624389648,0.038397397845983505,0.038397397845983505,8.923964196583256e-05,1.0,1.0,2.0,1,0.25,1.0,0.25,gamma_fixed
math500_1,math500,398,11.651313781738281,11.651313781738281,0.10498830676078796,0.10498830676078796,4.0239892769022845e-06,1.0,2.0,4.0,1,0.5,0.6666666666666666,0.5,gamma_fixed
math500_1,math500,399,10.520176887512207,10.520176887512207,0.09978997707366943,0.09978997707366943,4.033077857457101e-06,0.0,0.0,2.0,1,0.0,0.0,0.0,gamma_fixed
math500_1,math500,400,9.083938598632812,9.083938598632812,0.09484903514385223,0.09484903514385223,9.804741239349823e-06,1.0,1.0,2.0,1,0.25,1.0,0.25,gamma_fixed
math500_1,math500,401,9.299585342407227,9.299585342407227,0.22313016653060913,0.22313016653060913,0.9678772687911987,1.0,3.0,5.0,1,0.75,0.75,0.75,gamma_fixed
math500_1,math500,402,6.899981498718262,6.899981498718262,0.19253815710544586,0.19253815710544586,1.8775660991668701,1.0,2.0,4.0,1,0.5,0.6666666666666666,0.5,gamma_fixed
math500_1,math500,403,3.5122931003570557,3.5122931003570557,0.6500772833824158,0.6500772833824158,1.29547119140625,1.0,1.0,3.0,1,0.25,0.5,0.25,gamma_fixed
math500_1,math500,404,5.2284650802612305,5.2284650802612305,0.5601280331611633,0.5601280331611633,0.10896726697683334,1.0,3.0,4.0,1,0.75,1.0,0.75,gamma_fixed
math500_1,math500,405,0.016610287129878998,0.016610287129878998,0.9989191889762878,0.9989191889762878,0.0003782031126320362,1.0,3.0,5.0,1,0.75,0.75,0.75,gamma_fixed
math500_1,math500,406,12.10699462890625,12.10699462890625,0.014432376250624657,0.014432376250624657,1.0758705002444913e-06,0.0,0.0,3.0,1,0.0,0.0,0.0,gamma_fixed
math500_1,math500,407,11.038796424865723,11.038796424865723,0.13507121801376343,0.13507121801376343,5.4113475925987586e-05,1.0,1.0,3.0,1,0.25,0.5,0.25,gamma_fixed
math500_1,math500,408,0.0005625149351544678,0.0005625149351544678,0.9999750852584839,0.9999750852584839,7.983026443980634e-05,1.0,4.0,5.0,1,1.0,1.0,1.0,gamma_fixed
math500_1,math500,409,1.4572441577911377,1.4572441577911377,0.7058244943618774,0.7058244943618774,1.5669338608859107e-05,1.0,4.0,5.0,1,1.0,1.0,1.0,gamma_fixed
math500_1,math500,410,10.148438453674316,10.148438453674316,0.11219688504934311,0.11219688504934311,8.336707651324105e-06,1.0,1.0,3.0,1,0.25,0.5,0.25,gamma_fixed
math500_1,math500,411,9.767483711242676,9.767483711242676,0.10457900166511536,0.10457900166511536,2.3430118744727224e-05,1.0,3.0,4.0,1,0.75,1.0,0.75,gamma_fixed
math500_1,math500,412,10.08100700378418,10.08100700378418,0.107268325984478,0.107268325984478,0.00023916039208415896,1.0,2.0,4.0,1,0.5,0.6666666666666666,0.5,gamma_fixed
math500_1,math500,413,0.07675711810588837,0.07675711810588837,0.9955163598060608,0.9955163598060608,1.0344287157058716,1.0,2.0,4.0,1,0.5,0.6666666666666666,0.5,gamma_fixed
math500_1,math500,414,1.971811294555664,1.971811294555664,0.8349195122718811,0.8349195122718811,1.7309651374816895,1.0,1.0,3.0,1,0.25,0.5,0.25,gamma_fixed
math500_1,math500,415,2.47601318359375,2.47601318359375,0.6421899795532227,0.6421899795532227,2.3587632179260254,0.0,0.0,3.0,1,0.0,0.0,0.0,gamma_fixed
math500_1,math500,416,1.9748992919921875,1.9748992919921875,0.4634564220905304,0.4634564220905304,0.3031352758407593,1.0,2.0,3.0,1,0.5,1.0,0.5,gamma_fixed
math500_1,math500,417,10.937173843383789,10.937173843383789,0.08568895608186722,0.08568895608186722,0.019678814336657524,0.0,0.0,2.0,1,0.0,0.0,0.0,gamma_fixed
math500_1,math500,418,7.136236667633057,7.136236667633057,0.2853878140449524,0.2853878140449524,0.07025688141584396,1.0,1.0,2.0,1,0.25,1.0,0.25,gamma_fixed
math500_1,math500,419,0.20300662517547607,0.20300662517547607,0.9867599010467529,0.9867599010467529,1.1903198957443237,1.0,2.0,4.0,1,0.5,0.6666666666666666,0.5,gamma_fixed
math500_1,math500,420,6.58876895904541,6.58876895904541,0.15637962520122528,0.15637962520122528,0.0002366247499594465,0.0,0.0,2.0,1,0.0,0.0,0.0,gamma_fixed
math500_1,math500,421,4.967859268188477,4.967859268188477,0.3948698043823242,0.3948698043823242,8.220745075959712e-05,1.0,1.0,5.0,1,0.25,0.25,0.25,gamma_fixed
math500_1,math500,422,5.908912658691406,5.908912658691406,0.4232199490070343,0.4232199490070343,1.0015811920166016,1.0,2.0,5.0,1,0.5,0.5,0.5,gamma_fixed
math500_1,math500,423,11.18083381652832,11.18083381652832,0.0747392401099205,0.0747392401099205,0.06149924546480179,0.0,0.0,2.0,1,0.0,0.0,0.0,gamma_fixed
math500_1,math500,424,2.307203769683838,2.307203769683838,0.7164146900177002,0.7164146900177002,1.8670728206634521,1.0,4.0,5.0,1,1.0,1.0,1.0,gamma_fixed
math500_1,math500,425,10.706666946411133,10.706666946411133,0.15531426668167114,0.15531426668167114,2.2298731803894043,1.0,1.0,3.0,1,0.25,0.5,0.25,gamma_fixed
math500_1,math500,426,5.678940296173096,5.678940296173096,0.37641963362693787,0.37641963362693787,2.0291733741760254,1.0,2.0,3.0,1,0.5,1.0,0.5,gamma_fixed
math500_1,math500,427,5.396078109741211,5.396078109741211,0.22909171879291534,0.22909171879291534,0.992978572845459,1.0,1.0,2.0,1,0.25,1.0,0.25,gamma_fixed
math500_1,math500,428,7.660175323486328,7.660175323486328,0.2744547724723816,0.2744547724723816,2.624852180480957,0.0,0.0,2.0,1,0.0,0.0,0.0,gamma_fixed
math500_1,math500,429,9.50784683227539,9.50784683227539,0.1389511525630951,0.1389511525630951,0.00011339355842210352,0.0,0.0,2.0,1,0.0,0.0,0.0,gamma_fixed
math500_1,math500,430,5.285065174102783,5.285065174102783,0.5450195670127869,0.5450195670127869,0.00026002820231951773,1.0,4.0,5.0,1,1.0,1.0,1.0,gamma_fixed
math500_1,math500,431,12.465032577514648,12.465032577514648,0.018933983519673347,0.018933983519673347,0.19349510967731476,0.0,0.0,2.0,1,0.0,0.0,0.0,gamma_fixed
math500_1,math500,432,8.528154373168945,8.528154373168945,0.334631085395813,0.334631085395813,3.7378454208374023,1.0,2.0,4.0,1,0.5,0.6666666666666666,0.5,gamma_fixed
math500_1,math500,433,2.715054750442505,2.715054750442505,0.6417198181152344,0.6417198181152344,1.8812978267669678,0.0,0.0,2.0,1,0.0,0.0,0.0,gamma_fixed
math500_1,math500,434,10.274151802062988,10.274151802062988,0.04376564174890518,0.04376564174890518,1.704494833946228,0.0,0.0,2.0,1,0.0,0.0,0.0,gamma_fixed
math500_1,math500,435,5.681771278381348,5.681771278381348,0.15791425108909607,0.15791425108909607,1.9373195171356201,0.0,0.0,2.0,1,0.0,0.0,0.0,gamma_fixed
math500_1,math500,436,4.437708854675293,4.437708854675293,0.3435717225074768,0.3435717225074768,1.5451562404632568,1.0,1.0,4.0,1,0.25,0.3333333333333333,0.25,gamma_fixed
math500_1,math500,437,0.4317054748535156,0.4317054748535156,0.954002857208252,0.954002857208252,2.8957469112356193e-05,1.0,1.0,3.0,1,0.25,0.5,0.25,gamma_fixed
math500_1,math500,438,9.262284278869629,9.262284278869629,0.15024201571941376,0.15024201571941376,1.1515438927744981e-05,0.0,0.0,2.0,1,0.0,0.0,0.0,gamma_fixed
math500_1,math500,439,12.084355354309082,12.084355354309082,0.023981591686606407,0.023981591686606407,5.094321022625081e-05,1.0,1.0,3.0,1,0.25,0.5,0.25,gamma_fixed
math500_1,math500,440,12.23851203918457,12.23851203918457,0.03854767978191376,0.03854767978191376,0.00027848343597725034,0.0,0.0,2.0,1,0.0,0.0,0.0,gamma_fixed
math500_1,math500,441,1.4421937465667725,1.4421937465667725,0.8234817385673523,0.8234817385673523,1.2570621967315674,1.0,1.0,3.0,1,0.25,0.5,0.25,gamma_fixed
math500_1,math500,442,3.64803409576416,3.64803409576416,0.6807763576507568,0.6807763576507568,0.5662225484848022,1.0,2.0,3.0,1,0.5,1.0,0.5,gamma_fixed
math500_1,math500,443,11.39500904083252,11.39500904083252,0.06355437636375427,0.06355437636375427,0.2455478012561798,0.0,0.0,2.0,1,0.0,0.0,0.0,gamma_fixed
math500_1,math500,444,9.907890319824219,9.907890319824219,0.14017778635025024,0.14017778635025024,2.078629970550537,0.0,0.0,2.0,1,0.0,0.0,0.0,gamma_fixed
math500_1,math500,445,7.668121337890625,7.668121337890625,0.2081833779811859,0.2081833779811859,4.6337308958754875e-06,1.0,2.0,3.0,1,0.5,1.0,0.5,gamma_fixed
math500_1,math500,446,11.890951156616211,11.890951156616211,0.03115595318377018,0.03115595318377018,0.09781137108802795,0.0,0.0,2.0,1,0.0,0.0,0.0,gamma_fixed
math500_1,math500,447,10.749829292297363,10.749829292297363,0.03877420723438263,0.03877420723438263,0.056267667561769485,0.0,0.0,2.0,1,0.0,0.0,0.0,gamma_fixed
math500_1,math500,448,2.634073257446289,2.634073257446289,0.37992802262306213,0.37992802262306213,0.42336806654930115,1.0,4.0,5.0,1,1.0,1.0,1.0,gamma_fixed
math500_1,math500,449,4.566074371337891,4.566074371337891,0.33202695846557617,0.33202695846557617,0.00204872596077621,1.0,4.0,5.0,1,1.0,1.0,1.0,gamma_fixed
math500_1,math500,450,11.682971954345703,11.682971954345703,0.06417806446552277,0.06417806446552277,0.0001034356901072897,0.0,0.0,2.0,1,0.0,0.0,0.0,gamma_fixed
math500_1,math500,451,5.381404876708984,5.381404876708984,0.36680325865745544,0.36680325865745544,0.0008896335493773222,1.0,2.0,3.0,1,0.5,1.0,0.5,gamma_fixed
math500_1,math500,452,7.094121932983398,7.094121932983398,0.19652745127677917,0.19652745127677917,1.6322593688964844,1.0,1.0,3.0,1,0.25,0.5,0.25,gamma_fixed
math500_1,math500,453,7.916511058807373,7.916511058807373,0.15791425108909607,0.15791425108909607,0.5450325012207031,0.0,0.0,2.0,1,0.0,0.0,0.0,gamma_fixed
math500_1,math500,454,2.3834009170532227,2.3834009170532227,0.7051355838775635,0.7051355838775635,5.155940243639634e-07,1.0,1.0,3.0,1,0.25,0.5,0.25,gamma_fixed
math500_1,math500,455,9.964853286743164,9.964853286743164,0.1053992211818695,0.1053992211818695,6.1855953390477225e-06,1.0,2.0,4.0,1,0.5,0.6666666666666666,0.5,gamma_fixed
math500_1,math500,456,6.968942642211914,6.968942642211914,0.375135213136673,0.375135213136673,1.0858656423806679e-05,1.0,2.0,3.0,1,0.5,1.0,0.5,gamma_fixed
math500_1,math500,457,10.775644302368164,10.775644302368164,0.17141428589820862,0.17141428589820862,1.2150429487228394,1.0,2.0,3.0,1,0.5,1.0,0.5,gamma_fixed
math500_1,math500,458,2.22113299369812,2.22113299369812,0.6534187197685242,0.6534187197685242,0.0022377183195203543,1.0,2.0,5.0,1,0.5,0.5,0.5,gamma_fixed
math500_1,math500,459,5.272809028625488,5.272809028625488,0.23682597279548645,0.23682597279548645,2.345828056335449,1.0,1.0,2.0,1,0.25,1.0,0.25,gamma_fixed
math500_1,math500,460,0.5779421329498291,0.5779421329498291,0.891483724117279,0.891483724117279,0.07408450543880463,1.0,1.0,3.0,1,0.25,0.5,0.25,gamma_fixed
math500_1,math500,461,9.898757934570312,9.898757934570312,0.06367862969636917,0.06367862969636917,2.1344261767808348e-05,0.0,0.0,2.0,1,0.0,0.0,0.0,gamma_fixed
math500_1,math500,462,10.914716720581055,10.914716720581055,0.08452540636062622,0.08452540636062622,0.9937140345573425,1.0,1.0,2.0,1,0.25,1.0,0.25,gamma_fixed
math500_1,math500,463,4.516111850738525,4.516111850738525,0.6735024452209473,0.6735024452209473,1.707967840047786e-06,1.0,3.0,4.0,1,0.75,1.0,0.75,gamma_fixed
math500_1,math500,464,10.766949653625488,10.766949653625488,0.05786691978573799,0.05786691978573799,0.8591759204864502,0.0,0.0,2.0,1,0.0,0.0,0.0,gamma_fixed
math500_1,math500,465,1.3748313188552856,1.3748313188552856,0.8621591329574585,0.8621591329574585,0.00029478746000677347,1.0,4.0,5.0,1,1.0,1.0,1.0,gamma_fixed
math500_1,math500,466,12.135515213012695,12.135515213012695,0.014602500945329666,0.014602500945329666,3.8758233131375164e-05,0.0,0.0,2.0,1,0.0,0.0,0.0,gamma_fixed
math500_1,math500,467,12.090652465820312,12.090652465820312,0.039616264402866364,0.039616264402866364,1.3311188013176434e-05,1.0,1.0,3.0,1,0.25,0.5,0.25,gamma_fixed
math500_1,math500,468,0.8524603843688965,0.8524603843688965,0.9426294565200806,0.9426294565200806,0.8672329187393188,1.0,3.0,4.0,1,0.75,1.0,0.75,gamma_fixed
math500_1,math500,469,12.2477445602417,12.2477445602417,0.01727329194545746,0.01727329194545746,1.6889551877975464,0.0,0.0,2.0,1,0.0,0.0,0.0,gamma_fixed
math500_1,math500,470,5.243831634521484,5.243831634521484,0.17841681838035583,0.17841681838035583,2.6772286891937256,1.0,1.0,5.0,1,0.25,0.25,0.25,gamma_fixed
math500_1,math500,471,0.3852159380912781,0.3852159380912781,0.9683462977409363,0.9683462977409363,0.001060072099789977,0.0,0.0,2.0,1,0.0,0.0,0.0,gamma_fixed
math500_1,math500,472,5.54377555847168,5.54377555847168,0.40482643246650696,0.40482643246650696,0.755600094795227,0.0,0.0,2.0,1,0.0,0.0,0.0,gamma_fixed
math500_1,math500,473,11.598261833190918,11.598261833190918,0.03133904188871384,0.03133904188871384,1.3757655620574951,0.0,0.0,2.0,1,0.0,0.0,0.0,gamma_fixed
math500_1,math500,474,11.971002578735352,11.971002578735352,0.016163494437932968,0.016163494437932968,5.627864538837457e-06,0.0,0.0,2.0,1,0.0,0.0,0.0,gamma_fixed
math500_1,math500,475,6.677332878112793,6.677332878112793,0.4969733953475952,0.4969733953475952,0.39880141615867615,0.0,0.0,2.0,1,0.0,0.0,0.0,gamma_fixed
math500_1,math500,476,6.212303161621094,6.212303161621094,0.15668535232543945,0.15668535232543945,1.060373306274414,1.0,1.0,2.0,1,0.25,1.0,0.25,gamma_fixed
math500_1,math500,477,3.4835615158081055,3.4835615158081055,0.3445797562599182,0.3445797562599182,0.47216373682022095,1.0,1.0,2.0,1,0.25,1.0,0.25,gamma_fixed
math500_1,math500,478,7.491830825805664,7.491830825805664,0.4737524688243866,0.4737524688243866,0.0002808563585858792,1.0,2.0,3.0,1,0.5,1.0,0.5,gamma_fixed
math500_1,math500,479,3.177053451538086,3.177053451538086,0.7706676721572876,0.7706676721572876,0.004629907663911581,1.0,2.0,3.0,1,0.5,1.0,0.5,gamma_fixed
math500_1,math500,480,11.116496086120605,11.116496086120605,0.05156852304935455,0.05156852304935455,0.5663295388221741,0.0,0.0,2.0,1,0.0,0.0,0.0,gamma_fixed
math500_1,math500,481,7.127973556518555,7.127973556518555,0.4634564220905304,0.4634564220905304,1.6636025975458324e-05,1.0,2.0,3.0,1,0.5,1.0,0.5,gamma_fixed
math500_1,math500,482,0.2829168438911438,0.2829168438911438,0.9843612313270569,0.9843612313270569,1.152262029791018e-05,1.0,2.0,4.0,1,0.5,0.6666666666666666,0.5,gamma_fixed
math500_1,math500,483,8.02699089050293,8.02699089050293,0.21584318578243256,0.21584318578243256,0.0006544739007949829,1.0,2.0,4.0,1,0.5,0.6666666666666666,0.5,gamma_fixed
math500_1,math500,484,2.6150059700012207,2.6150059700012207,0.43431538343429565,0.43431538343429565,2.0346058136055944e-06,1.0,2.0,3.0,1,0.5,1.0,0.5,gamma_fixed
math500_1,math500,485,10.8195161819458,10.8195161819458,0.050967734307050705,0.050967734307050705,2.0543549060821533,0.0,0.0,2.0,1,0.0,0.0,0.0,gamma_fixed
math500_1,math500,486,1.1917344331741333,1.1917344331741333,0.6945424675941467,0.6945424675941467,0.9424683451652527,1.0,4.0,5.0,1,1.0,1.0,1.0,gamma_fixed
math500_1,math500,487,10.938424110412598,10.938424110412598,0.04095372557640076,0.04095372557640076,0.0002874128404073417,1.0,1.0,3.0,1,0.25,0.5,0.25,gamma_fixed
math500_1,math500,488,9.953550338745117,9.953550338745117,0.16711677610874176,0.16711677610874176,1.142244855145691e-06,1.0,1.0,3.0,1,0.25,0.5,0.25,gamma_fixed
math500_1,math500,489,0.3110116720199585,0.3110116720199585,0.9758070707321167,0.9758070707321167,1.615865039639175e-05,1.0,3.0,4.0,1,0.75,1.0,0.75,gamma_fixed
math500_1,math500,490,12.079743385314941,12.079743385314941,0.05809340253472328,0.05809340253472328,0.00886706355959177,1.0,4.0,5.0,1,1.0,1.0,1.0,gamma_fixed
math500_1,math500,491,9.71501350402832,9.71501350402832,0.1914132982492447,0.1914132982492447,5.208575657889014e-06,1.0,4.0,5.0,1,1.0,1.0,1.0,gamma_fixed
math500_1,math500,492,1.173299789428711,1.173299789428711,0.8137885928153992,0.8137885928153992,1.015778980217874e-05,1.0,1.0,3.0,1,0.25,0.5,0.25,gamma_fixed
math500_1,math500,493,12.338457107543945,12.338457107543945,0.02639012038707733,0.02639012038707733,1.4121674299240112,1.0,2.0,3.0,1,0.5,1.0,0.5,gamma_fixed
math500_1,math500,494,0.018731337040662766,0.018731337040662766,0.9988134503364563,0.9988134503364563,7.981120120348351e-07,1.0,1.0,3.0,1,0.25,0.5,0.25,gamma_fixed
math500_1,math500,495,9.726621627807617,9.726621627807617,0.061719443649053574,0.061719443649053574,2.173488140106201,1.0,3.0,4.0,1,0.75,1.0,0.75,gamma_fixed
math500_1,math500,496,10.984588623046875,10.984588623046875,0.08997683227062225,0.08997683227062225,0.21834751963615417,1.0,1.0,3.0,1,0.25,0.5,0.25,gamma_fixed
math500_1,math500,497,9.206901550292969,9.206901550292969,0.17326557636260986,0.17326557636260986,0.001807448803447187,0.0,0.0,2.0,1,0.0,0.0,0.0,gamma_fixed
math500_1,math500,498,12.579992294311523,12.579992294311523,0.011687695048749447,0.011687695048749447,4.114135299460031e-05,0.0,0.0,2.0,1,0.0,0.0,0.0,gamma_fixed
math500_1,math500,499,10.855267524719238,10.855267524719238,0.06392785906791687,0.06392785906791687,2.32965999202861e-06,1.0,4.0,5.0,1,1.0,1.0,1.0,gamma_fixed
math500_1,math500,500,1.735555648803711,1.735555648803711,0.7136216759681702,0.7136216759681702,9.031131412484683e-06,1.0,1.0,3.0,1,0.25,0.5,0.25,gamma_fixed
math500_1,math500,501,9.458428382873535,9.458428382873535,0.2752600312232971,0.2752600312232971,0.00013047966058366,1.0,3.0,4.0,1,0.75,1.0,0.75,gamma_fixed
math500_1,math500,502,7.77531623840332,7.77531623840332,0.1643652617931366,0.1643652617931366,0.00012795228394679725,1.0,1.0,3.0,1,0.25,0.5,0.25,gamma_fixed
math500_1,math500,503,10.951997756958008,10.951997756958008,0.10018055140972137,0.10018055140972137,0.00030061276629567146,0.0,0.0,2.0,1,0.0,0.0,0.0,gamma_fixed
math500_1,math500,504,4.114943504333496,4.114943504333496,0.6923416256904602,0.6923416256904602,6.369339098455384e-05,1.0,4.0,5.0,1,1.0,1.0,1.0,gamma_fixed
math500_1,math500,505,0.9522866010665894,0.9522866010665894,0.9444723129272461,0.9444723129272461,0.001734469668008387,1.0,4.0,5.0,1,1.0,1.0,1.0,gamma_fixed
math500_1,math500,506,8.769134521484375,8.769134521484375,0.296756386756897,0.296756386756897,4.268813881935785e-06,1.0,2.0,3.0,1,0.5,1.0,0.5,gamma_fixed
math500_1,math500,507,1.0322489738464355,1.0322489738464355,0.8974343538284302,0.8974343538284302,6.961352482903749e-05,1.0,1.0,3.0,1,0.25,0.5,0.25,gamma_fixed
math500_1,math500,508,11.977640151977539,11.977640151977539,0.02787352167069912,0.02787352167069912,0.00016104216047096997,1.0,1.0,2.0,1,0.25,1.0,0.25,gamma_fixed
math500_1,math500,509,11.656641960144043,11.656641960144043,0.03208222612738609,0.03208222612738609,0.45625460147857666,1.0,3.0,4.0,1,0.75,1.0,0.75,gamma_fixed
math500_1,math500,510,11.426385879516602,11.426385879516602,0.0346214696764946,0.0346214696764946,1.2888898849487305,0.0,0.0,2.0,1,0.0,0.0,0.0,gamma_fixed
math500_1,math500,511,0.8625134229660034,0.8625134229660034,0.8570175766944885,0.8570175766944885,1.2834010703954846e-05,1.0,1.0,3.0,1,0.25,0.5,0.25,gamma_fixed
math500_1,math500,512,8.158618927001953,8.158618927001953,0.1480572521686554,0.1480572521686554,2.952558994293213,1.0,3.0,4.0,1,0.75,1.0,0.75,gamma_fixed
math500_1,math500,513,6.519650459289551,6.519650459289551,0.28706493973731995,0.28706493973731995,1.2254174947738647,1.0,1.0,3.0,1,0.25,0.5,0.25,gamma_fixed
math500_1,math500,514,6.797968864440918,6.797968864440918,0.18354186415672302,0.18354186415672302,1.3773417472839355,0.0,0.0,2.0,1,0.0,0.0,0.0,gamma_fixed
math500_1,math500,515,5.775574684143066,5.775574684143066,0.28566664457321167,0.28566664457321167,0.015609811060130596,1.0,1.0,4.0,1,0.25,0.3333333333333333,0.25,gamma_fixed
math500_1,math500,516,4.988434314727783,4.988434314727783,0.5072704553604126,0.5072704553604126,2.3878735646576388e-06,1.0,1.0,3.0,1,0.25,0.5,0.25,gamma_fixed
math500_1,math500,517,11.71197509765625,11.71197509765625,0.02749503031373024,0.02749503031373024,1.1922529935836792,1.0,1.0,3.0,1,0.25,0.5,0.25,gamma_fixed
math500_1,math500,518,4.534239768981934,4.534239768981934,0.5728514194488525,0.5728514194488525,0.4964790940284729,0.0,0.0,2.0,1,0.0,0.0,0.0,gamma_fixed
math500_1,math500,519,2.588426113128662,2.588426113128662,0.6981124877929688,0.6981124877929688,0.000651619047857821,1.0,3.0,4.0,1,0.75,1.0,0.75,gamma_fixed
math500_1,math500,520,10.95058822631836,10.95058822631836,0.019765285775065422,0.019765285775065422,0.07129059731960297,1.0,2.0,3.0,1,0.5,1.0,0.5,gamma_fixed
math500_1,math500,521,7.617721080780029,7.617721080780029,0.20276591181755066,0.20276591181755066,3.178503175149672e-05,1.0,2.0,3.0,1,0.5,1.0,0.5,gamma_fixed
math500_1,math500,522,7.689241409301758,7.689241409301758,0.3956417739391327,0.3956417739391327,0.2564094662666321,1.0,3.0,4.0,1,0.75,1.0,0.75,gamma_fixed
math500_1,math500,523,10.787798881530762,10.787798881530762,0.123224176466465,0.123224176466465,1.6471072435379028,1.0,1.0,3.0,1,0.25,0.5,0.25,gamma_fixed
math500_1,math500,524,8.300416946411133,8.300416946411133,0.13428209722042084,0.13428209722042084,1.9395432472229004,1.0,1.0,3.0,1,0.25,0.5,0.25,gamma_fixed
math500_1,math500,525,8.363487243652344,8.363487243652344,0.10215643048286438,0.10215643048286438,1.1617647409439087,1.0,1.0,3.0,1,0.25,0.5,0.25,gamma_fixed
math500_1,math500,526,5.3715901374816895,5.3715901374816895,0.24626006186008453,0.24626006186008453,0.6887192130088806,1.0,2.0,3.0,1,0.5,1.0,0.5,gamma_fixed
math500_1,math500,527,11.902376174926758,11.902376174926758,0.027764853090047836,0.027764853090047836,0.29661309719085693,0.0,0.0,2.0,1,0.0,0.0,0.0,gamma_fixed
math500_1,math500,528,9.577125549316406,9.577125549316406,0.11804153025150299,0.11804153025150299,1.381885051727295,1.0,3.0,4.0,1,0.75,1.0,0.75,gamma_fixed
math500_1,math500,529,11.433795928955078,11.433795928955078,0.03329514339566231,0.03329514339566231,0.9893594980239868,0.0,0.0,2.0,1,0.0,0.0,0.0,gamma_fixed
math500_1,math500,530,3.0927793979644775,3.0927793979644775,0.4627780318260193,0.4627780318260193,0.011728560552001,1.0,2.0,3.0,1,0.5,1.0,0.5,gamma_fixed
math500_1,math500,531,11.108410835266113,11.108410835266113,0.10396802425384521,0.10396802425384521,0.015366759151220322,1.0,1.0,3.0,1,0.25,0.5,0.25,gamma_fixed
math500_1,math500,532,11.425752639770508,11.425752639770508,0.029845573008060455,0.029845573008060455,0.8148044943809509,0.0,0.0,2.0,1,0.0,0.0,0.0,gamma_fixed
math500_1,math500,533,4.194852828979492,4.194852828979492,0.6617669463157654,0.6617669463157654,2.5084471702575684,1.0,2.0,4.0,1,0.5,0.6666666666666666,0.5,gamma_fixed
math500_1,math500,534,0.7772185802459717,0.7772185802459717,0.9122904539108276,0.9122904539108276,1.778983473777771,1.0,1.0,3.0,1,0.25,0.5,0.25,gamma_fixed
math500_1,math500,535,6.125578880310059,6.125578880310059,0.2947346866130829,0.2947346866130829,1.0760254859924316,0.0,0.0,2.0,1,0.0,0.0,0.0,gamma_fixed
math500_1,math500,536,4.073904037475586,4.073904037475586,0.3259231150150299,0.3259231150150299,0.4098963141441345,1.0,4.0,5.0,1,1.0,1.0,1.0,gamma_fixed
math500_1,math500,537,11.62499713897705,11.62499713897705,0.033621884882450104,0.033621884882450104,1.0487847328186035,0.0,0.0,2.0,1,0.0,0.0,0.0,gamma_fixed
math500_1,math500,538,6.006165504455566,6.006165504455566,0.2603565752506256,0.2603565752506256,3.5964910984039307,1.0,2.0,5.0,1,0.5,0.5,0.5,gamma_fixed
math500_1,math500,539,0.04857421666383743,0.04857421666383743,0.9962382316589355,0.9962382316589355,2.13749361038208,1.0,3.0,5.0,1,0.75,0.75,0.75,gamma_fixed
math500_1,math500,540,6.128283977508545,6.128283977508545,0.2304380089044571,0.2304380089044571,0.9417577981948853,0.0,0.0,2.0,1,0.0,0.0,0.0,gamma_fixed
math500_1,math500,541,3.575455665588379,3.575455665588379,0.4072054326534271,0.4072054326534271,3.565593942767009e-05,1.0,4.0,5.0,1,1.0,1.0,1.0,gamma_fixed
math500_1,math500,542,6.27010440826416,6.27010440826416,0.20535649359226227,0.20535649359226227,1.239365816116333,1.0,1.0,3.0,1,0.25,0.5,0.25,gamma_fixed
math500_1,math500,543,0.05877260863780975,0.05877260863780975,0.995353102684021,0.995353102684021,9.730865713208914e-06,1.0,4.0,5.0,1,1.0,1.0,1.0,gamma_fixed
math500_1,math500,544,9.668664932250977,9.668664932250977,0.11873521655797958,0.11873521655797958,2.457393169403076,1.0,2.0,3.0,1,0.5,1.0,0.5,gamma_fixed
math500_1,math500,545,3.4001426696777344,3.4001426696777344,0.23985174298286438,0.23985174298286438,1.2202354669570923,1.0,2.0,3.0,1,0.5,1.0,0.5,gamma_fixed
math500_1,math500,546,7.222955226898193,7.222955226898193,0.15142038464546204,0.15142038464546204,0.8591949939727783,1.0,2.0,4.0,1,0.5,0.6666666666666666,0.5,gamma_fixed
math500_1,math500,547,0.18852728605270386,0.18852728605270386,0.9717655181884766,0.9717655181884766,2.641613006591797,1.0,1.0,3.0,1,0.25,0.5,0.25,gamma_fixed
math500_1,math500,548,3.0058350563049316,3.0058350563049316,0.7089331150054932,0.7089331150054932,1.6275221109390259,0.0,0.0,2.0,1,0.0,0.0,0.0,gamma_fixed
math500_1,math500,549,3.22898268699646,3.22898268699646,0.6779567003250122,0.6779567003250122,0.8532884120941162,1.0,1.0,2.0,1,0.25,1.0,0.25,gamma_fixed
math500_1,math500,550,0.1363089382648468,0.1363089382648468,0.9866695404052734,0.9866695404052734,1.1421982049942017,1.0,3.0,5.0,1,0.75,0.75,0.75,gamma_fixed
math500_1,math500,551,4.455410003662109,4.455410003662109,0.48641011118888855,0.48641011118888855,2.2346856594085693,1.0,1.0,3.0,1,0.25,0.5,0.25,gamma_fixed
math500_1,math500,552,3.070253849029541,3.070253849029541,0.38160133361816406,0.38160133361816406,2.998600721359253,1.0,2.0,4.0,1,0.5,0.6666666666666666,0.5,gamma_fixed
math500_1,math500,553,9.193147659301758,9.193147659301758,0.16372446715831757,0.16372446715831757,2.599430561065674,0.0,0.0,2.0,1,0.0,0.0,0.0,gamma_fixed
math500_1,math500,554,6.752546310424805,6.752546310424805,0.19537928700447083,0.19537928700447083,1.7884405851364136,1.0,1.0,3.0,1,0.25,0.5,0.25,gamma_fixed
math500_1,math500,555,9.581230163574219,9.581230163574219,0.09374400973320007,0.09374400973320007,2.667724847793579,1.0,3.0,4.0,1,0.75,1.0,0.75,gamma_fixed
math500_1,math500,556,8.675031661987305,8.675031661987305,0.11530710011720657,0.11530710011720657,1.6471349000930786,0.0,0.0,2.0,1,0.0,0.0,0.0,gamma_fixed
math500_1,math500,557,8.89274787902832,8.89274787902832,0.07909470051527023,0.07909470051527023,1.8129754066467285,0.0,0.0,2.0,1,0.0,0.0,0.0,gamma_fixed
math500_1,math500,558,7.458667755126953,7.458667755126953,0.26163098216056824,0.26163098216056824,2.2655081748962402,1.0,3.0,4.0,1,0.75,1.0,0.75,gamma_fixed
math500_1,math500,559,1.5500884056091309,1.5500884056091309,0.8053883910179138,0.8053883910179138,1.933042287826538,0.0,0.0,2.0,1,0.0,0.0,0.0,gamma_fixed
math500_1,math500,560,8.095380783081055,8.095380783081055,0.12250426411628723,0.12250426411628723,1.3783490657806396,1.0,1.0,2.0,1,0.25,1.0,0.25,gamma_fixed
math500_1,math500,561,1.8754768371582031,1.8754768371582031,0.8234817385673523,0.8234817385673523,0.009123149327933788,1.0,4.0,5.0,1,1.0,1.0,1.0,gamma_fixed
math500_1,math500,562,6.3483076095581055,6.3483076095581055,0.4564940333366394,0.4564940333366394,0.016240619122982025,1.0,1.0,3.0,1,0.25,0.5,0.25,gamma_fixed
math500_1,math500,563,6.2329535484313965,6.2329535484313965,0.1291378289461136,0.1291378289461136,0.0001010009364108555,1.0,1.0,2.0,1,0.25,1.0,0.25,gamma_fixed
math500_1,math500,564,9.502273559570312,9.502273559570312,0.15395517647266388,0.15395517647266388,0.6863563656806946,0.0,0.0,2.0,1,0.0,0.0,0.0,gamma_fixed
math500_1,math500,565,10.456406593322754,10.456406593322754,0.09690885990858078,0.09690885990858078,4.30887084803544e-05,1.0,1.0,2.0,1,0.25,1.0,0.25,gamma_fixed
math500_1,math500,566,11.604076385498047,11.604076385498047,0.07651162892580032,0.07651162892580032,0.004431625362485647,1.0,4.0,5.0,1,1.0,1.0,1.0,gamma_fixed
math500_1,math500,567,7.715948581695557,7.715948581695557,0.17428378760814667,0.17428378760814667,0.0002599001454655081,1.0,2.0,3.0,1,0.5,1.0,0.5,gamma_fixed
math500_1,math500,568,11.985918998718262,11.985918998718262,0.03109515830874443,0.03109515830874443,2.394301918684505e-05,1.0,1.0,2.0,1,0.25,1.0,0.25,gamma_fixed
math500_1,math500,569,12.711429595947266,12.711429595947266,0.009803655557334423,0.009803655557334423,5.692910053767264e-05,0.0,0.0,2.0,1,0.0,0.0,0.0,gamma_fixed
math500_1,math500,570,7.953597068786621,7.953597068786621,0.24008607864379883,0.24008607864379883,0.001380421337671578,1.0,3.0,4.0,1,0.75,1.0,0.75,gamma_fixed
math500_1,math500,571,4.836764335632324,4.836764335632324,0.68327397108078,0.68327397108078,6.731721668984392e-07,1.0,1.0,3.0,1,0.25,0.5,0.25,gamma_fixed
math500_1,math500,572,12.399560928344727,12.399560928344727,0.03551178425550461,0.03551178425550461,2.7900232453248464e-06,0.0,0.0,2.0,1,0.0,0.0,0.0,gamma_fixed
math500_1,math500,573,12.200142860412598,12.200142860412598,0.03109515830874443,0.03109515830874443,1.3292860785441007e-05,0.0,0.0,2.0,1,0.0,0.0,0.0,gamma_fixed
math500_1,math500,574,6.037942409515381,6.037942409515381,0.4772350788116455,0.4772350788116455,0.014633208513259888,1.0,1.0,3.0,1,0.25,0.5,0.25,gamma_fixed
math500_1,math500,575,0.6638273596763611,0.6638273596763611,0.9378090500831604,0.9378090500831604,1.5225158676912542e-05,1.0,1.0,3.0,1,0.25,0.5,0.25,gamma_fixed
math500_1,math500,576,11.38821792602539,11.38821792602539,0.028702208772301674,0.028702208772301674,0.6464369297027588,1.0,1.0,2.0,1,0.25,1.0,0.25,gamma_fixed
math500_1,math500,577,5.822927951812744,5.822927951812744,0.38855814933776855,0.38855814933776855,0.013498491607606411,1.0,1.0,3.0,1,0.25,0.5,0.25,gamma_fixed
math500_1,math500,578,10.238973617553711,10.238973617553711,0.06725803762674332,0.06725803762674332,2.465282917022705,1.0,1.0,2.0,1,0.25,1.0,0.25,gamma_fixed
math500_1,math500,579,8.10597038269043,8.10597038269043,0.08703836053609848,0.08703836053609848,3.561232566833496,0.0,0.0,2.0,1,0.0,0.0,0.0,gamma_fixed
math500_1,math500,580,8.044910430908203,8.044910430908203,0.08823651820421219,0.08823651820421219,0.07211502641439438,1.0,1.0,4.0,1,0.25,0.3333333333333333,0.25,gamma_fixed
math500_1,math500,581,2.4040775299072266,2.4040775299072266,0.40800151228904724,0.40800151228904724,0.00949360616505146,1.0,4.0,5.0,1,1.0,1.0,1.0,gamma_fixed
math500_1,math500,582,8.406384468078613,8.406384468078613,0.13666339218616486,0.13666339218616486,0.717965841293335,1.0,1.0,3.0,1,0.25,0.5,0.25,gamma_fixed
math500_1,math500,583,3.6854159832000732,3.6854159832000732,0.635793924331665,0.635793924331665,0.00017421672237105668,1.0,1.0,2.0,1,0.25,1.0,0.25,gamma_fixed
math500_1,math500,584,7.0734028816223145,7.0734028816223145,0.47144487500190735,0.47144487500190735,0.0005046318983659148,1.0,4.0,5.0,1,1.0,1.0,1.0,gamma_fixed
math500_1,math500,585,10.918062210083008,10.918062210083008,0.08065471053123474,0.08065471053123474,3.1617315698895254e-07,1.0,1.0,3.0,1,0.25,0.5,0.25,gamma_fixed
math500_1,math500,586,12.48922348022461,12.48922348022461,0.04568718001246452,0.04568718001246452,0.001559426891617477,0.0,0.0,2.0,1,0.0,0.0,0.0,gamma_fixed
math500_1,math500,587,12.25801944732666,12.25801944732666,0.021288050338625908,0.021288050338625908,0.006336108315736055,0.0,0.0,2.0,1,0.0,0.0,0.0,gamma_fixed
math500_1,math500,588,12.445905685424805,12.445905685424805,0.013038565404713154,0.013038565404713154,3.032824861293193e-05,1.0,1.0,2.0,1,0.25,1.0,0.25,gamma_fixed
math500_1,math500,589,9.986960411071777,9.986960411071777,0.251853883266449,0.251853883266449,3.5502267792253406e-07,1.0,2.0,3.0,1,0.5,1.0,0.5,gamma_fixed
math500_1,math500,590,10.539026260375977,10.539026260375977,0.0583207793533802,0.0583207793533802,0.2564527988433838,1.0,1.0,3.0,1,0.25,0.5,0.25,gamma_fixed
math500_1,math500,591,2.875661849975586,2.875661849975586,0.8235822916030884,0.8235822916030884,0.06945210695266724,1.0,3.0,4.0,1,0.75,1.0,0.75,gamma_fixed
math500_1,math500,592,11.823118209838867,11.823118209838867,0.017340898513793945,0.017340898513793945,0.0024284450337290764,1.0,1.0,2.0,1,0.25,1.0,0.25,gamma_fixed
math500_1,math500,593,2.942396402359009,2.942396402359009,0.5033228397369385,0.5033228397369385,0.35026031732559204,1.0,3.0,4.0,1,0.75,1.0,0.75,gamma_fixed
math500_1,math500,594,11.950439453125,11.950439453125,0.018173104152083397,0.018173104152083397,0.0018112557008862495,0.0,0.0,2.0,1,0.0,0.0,0.0,gamma_fixed
math500_1,math500,595,11.159725189208984,11.159725189208984,0.057641319930553436,0.057641319930553436,0.007008423563092947,1.0,1.0,2.0,1,0.25,1.0,0.25,gamma_fixed
math500_1,math500,596,7.402238845825195,7.402238845825195,0.16276796162128448,0.16276796162128448,1.4097926616668701,1.0,1.0,3.0,1,0.25,0.5,0.25,gamma_fixed
math500_1,math500,597,8.028005599975586,8.028005599975586,0.31404998898506165,0.31404998898506165,0.016914276406168938,0.0,0.0,2.0,1,0.0,0.0,0.0,gamma_fixed
math500_1,math500,598,10.74159049987793,10.74159049987793,0.11530710011720657,0.11530710011720657,2.0542329366435297e-05,1.0,1.0,3.0,1,0.25,0.5,0.25,gamma_fixed
math500_1,math500,599,12.499603271484375,12.499603271484375,0.01824423298239708,0.01824423298239708,0.0010224749566987157,1.0,3.0,4.0,1,0.75,1.0,0.75,gamma_fixed
math500_1,math500,600,10.23798942565918,10.23798942565918,0.09709832072257996,0.09709832072257996,1.3403459888650104e-06,1.0,1.0,3.0,1,0.25,0.5,0.25,gamma_fixed
math500_1,math500,601,11.862382888793945,11.862382888793945,0.06367862969636917,0.06367862969636917,0.14013344049453735,1.0,1.0,2.0,1,0.25,1.0,0.25,gamma_fixed
math500_1,math500,602,10.783668518066406,10.783668518066406,0.07329365611076355,0.07329365611076355,6.137479795143008e-05,1.0,1.0,3.0,1,0.25,0.5,0.25,gamma_fixed
math500_1,math500,603,12.830632209777832,12.830632209777832,0.021835487335920334,0.021835487335920334,0.0009428823832422495,0.0,0.0,2.0,1,0.0,0.0,0.0,gamma_fixed
math500_1,math500,604,10.731870651245117,10.731870651245117,0.08737902343273163,0.08737902343273163,0.025313768535852432,1.0,2.0,3.0,1,0.5,1.0,0.5,gamma_fixed
math500_1,math500,605,11.711021423339844,11.711021423339844,0.036639049649238586,0.036639049649238586,1.2755670547485352,0.0,0.0,2.0,1,0.0,0.0,0.0,gamma_fixed
math500_1,math500,606,11.23546028137207,11.23546028137207,0.05187157541513443,0.05187157541513443,0.00018119564629159868,1.0,1.0,2.0,1,0.25,1.0,0.25,gamma_fixed
math500_1,math500,607,12.764059066772461,12.764059066772461,0.01051778718829155,0.01051778718829155,4.506913683144376e-06,0.0,0.0,3.0,1,0.0,0.0,0.0,gamma_fixed
math500_1,math500,608,12.889504432678223,12.889504432678223,0.012490181252360344,0.012490181252360344,0.25530919432640076,0.0,0.0,2.0,1,0.0,0.0,0.0,gamma_fixed
math500_1,math500,609,11.727224349975586,11.727224349975586,0.06281395256519318,0.06281395256519318,0.00023527050507254899,1.0,2.0,3.0,1,0.5,1.0,0.5,gamma_fixed
math500_1,math500,610,9.978626251220703,9.978626251220703,0.14017778635025024,0.14017778635025024,0.4858086109161377,1.0,1.0,3.0,1,0.25,0.5,0.25,gamma_fixed
math500_1,math500,611,12.841716766357422,12.841716766357422,0.009031550027430058,0.009031550027430058,0.05206507071852684,0.0,0.0,2.0,1,0.0,0.0,0.0,gamma_fixed
math500_1,math500,612,10.88195514678955,10.88195514678955,0.061000388115644455,0.061000388115644455,3.445120334625244,1.0,2.0,3.0,1,0.5,1.0,0.5,gamma_fixed
math500_1,math500,613,4.536596775054932,4.536596775054932,0.5292838215827942,0.5292838215827942,3.2987983226776123,1.0,2.0,3.0,1,0.5,1.0,0.5,gamma_fixed
math500_1,math500,614,10.664928436279297,10.664928436279297,0.11666630208492279,0.11666630208492279,0.0010866515804082155,0.0,0.0,2.0,1,0.0,0.0,0.0,gamma_fixed
math500_1,math500,615,4.209630966186523,4.209630966186523,0.46458926796913147,0.46458926796913147,3.7112715244293213,0.0,0.0,2.0,1,0.0,0.0,0.0,gamma_fixed
math500_1,math500,616,3.2680325508117676,3.2680325508117676,0.4319888651371002,0.4319888651371002,0.017131906002759933,1.0,2.0,5.0,1,0.5,0.5,0.5,gamma_fixed
math500_1,math500,617,10.906221389770508,10.906221389770508,0.05320548638701439,0.05320548638701439,0.009024050086736679,0.0,0.0,2.0,1,0.0,0.0,0.0,gamma_fixed
math500_1,math500,618,9.120532035827637,9.120532035827637,0.09337853640317917,0.09337853640317917,0.03445030376315117,0.0,0.0,2.0,1,0.0,0.0,0.0,gamma_fixed
math500_1,math500,619,11.626712799072266,11.626712799072266,0.02644171379506588,0.02644171379506588,1.8860535621643066,0.0,0.0,2.0,1,0.0,0.0,0.0,gamma_fixed
math500_1,math500,620,7.4648895263671875,7.4648895263671875,0.16793477535247803,0.16793477535247803,2.2179312705993652,1.0,2.0,3.0,1,0.5,1.0,0.5,gamma_fixed
math500_1,math500,621,10.518745422363281,10.518745422363281,0.12084081023931503,0.12084081023931503,2.692627429962158,0.0,0.0,2.0,1,0.0,0.0,0.0,gamma_fixed
math500_1,math500,622,7.698392391204834,7.698392391204834,0.2188144475221634,0.2188144475221634,2.7059459686279297,0.0,0.0,2.0,1,0.0,0.0,0.0,gamma_fixed
math500_1,math500,623,10.991949081420898,10.991949081420898,0.03565077483654022,0.03565077483654022,3.610973358154297,0.0,0.0,2.0,1,0.0,0.0,0.0,gamma_fixed
math500_1,math500,624,6.154553413391113,6.154553413391113,0.3278384506702423,0.3278384506702423,1.6769590377807617,1.0,2.0,3.0,1,0.5,1.0,0.5,gamma_fixed
math500_1,math500,625,5.4883341789245605,5.4883341789245605,0.32087013125419617,0.32087013125419617,1.9985387325286865,0.0,0.0,2.0,1,0.0,0.0,0.0,gamma_fixed
math500_1,math500,626,9.163249969482422,9.163249969482422,0.12274376302957535,0.12274376302957535,1.010200023651123,0.0,0.0,2.0,1,0.0,0.0,0.0,gamma_fixed
math500_1,math500,627,7.70311164855957,7.70311164855957,0.14878195524215698,0.14878195524215698,1.6251192092895508,1.0,3.0,4.0,1,0.75,1.0,0.75,gamma_fixed
math500_1,math500,628,6.546054840087891,6.546054840087891,0.17259009182453156,0.17259009182453156,4.017387390136719,1.0,1.0,3.0,1,0.25,0.5,0.25,gamma_fixed
math500_1,math500,629,7.026856422424316,7.026856422424316,0.1971040666103363,0.1971040666103363,7.674663356738165e-05,1.0,1.0,2.0,1,0.25,1.0,0.25,gamma_fixed
math500_1,math500,630,2.6045050621032715,2.6045050621032715,0.4441808760166168,0.4441808760166168,0.009900202043354511,1.0,2.0,3.0,1,0.5,1.0,0.5,gamma_fixed
math500_1,math500,631,12.609085083007812,12.609085083007812,0.021455014124512672,0.021455014124512672,0.0008608158677816391,0.0,0.0,2.0,1,0.0,0.0,0.0,gamma_fixed
math500_1,math500,632,12.065926551818848,12.065926551818848,0.04506680369377136,0.04506680369377136,0.0275746900588274,1.0,3.0,5.0,1,0.75,0.75,0.75,gamma_fixed
math500_1,math500,633,4.650333404541016,4.650333404541016,0.6069750785827637,0.6069750785827637,0.00012996494479011744,1.0,3.0,4.0,1,0.75,1.0,0.75,gamma_fixed
math500_1,math500,634,0.16696526110172272,0.16696526110172272,0.9893454909324646,0.9893454909324646,0.7016715407371521,1.0,3.0,4.0,1,0.75,1.0,0.75,gamma_fixed
math500_1,math500,635,7.326881408691406,7.326881408691406,0.21084317564964294,0.21084317564964294,0.0006585471564903855,1.0,1.0,2.0,1,0.25,1.0,0.25,gamma_fixed
math500_1,math500,636,9.202835083007812,9.202835083007812,0.15485991537570953,0.15485991537570953,1.6821343898773193,0.0,0.0,2.0,1,0.0,0.0,0.0,gamma_fixed
math500_1,math500,637,3.8732059001922607,3.8732059001922607,0.3727615177631378,0.3727615177631378,0.7234343886375427,1.0,1.0,3.0,1,0.25,0.5,0.25,gamma_fixed
math500_1,math500,638,9.284826278686523,9.284826278686523,0.1447688192129135,0.1447688192129135,0.0049628280103206635,0.0,0.0,2.0,1,0.0,0.0,0.0,gamma_fixed
math500_1,math500,639,12.02690601348877,12.02690601348877,0.027548782527446747,0.027548782527446747,0.12248919159173965,0.0,0.0,2.0,1,0.0,0.0,0.0,gamma_fixed
math500_1,math500,640,11.583107948303223,11.583107948303223,0.04208900406956673,0.04208900406956673,9.797659004107118e-05,0.0,0.0,2.0,1,0.0,0.0,0.0,gamma_fixed
math500_1,math500,641,12.229419708251953,12.229419708251953,0.021081171929836273,0.021081171929836273,3.993543487013085e-06,0.0,0.0,2.0,1,0.0,0.0,0.0,gamma_fixed
math500_1,math500,642,10.767541885375977,10.767541885375977,0.1119779720902443,0.1119779720902443,1.3553550243377686,1.0,1.0,3.0,1,0.25,0.5,0.25,gamma_fixed
math500_1,math500,643,9.620325088500977,9.620325088500977,0.2304380089044571,0.2304380089044571,0.0012981280451640487,1.0,1.0,2.0,1,0.25,1.0,0.25,gamma_fixed
math500_1,math500,644,2.961632490158081,2.961632490158081,0.5484901666641235,0.5484901666641235,0.0010672204662114382,1.0,1.0,3.0,1,0.25,0.5,0.25,gamma_fixed
math500_1,math500,645,0.967074990272522,0.967074990272522,0.9155257344245911,0.9155257344245911,0.00017087016021832824,1.0,2.0,4.0,1,0.5,0.6666666666666666,0.5,gamma_fixed
math500_1,math500,646,7.330474376678467,7.330474376678467,0.4856981337070465,0.4856981337070465,0.02717042900621891,0.0,0.0,2.0,1,0.0,0.0,0.0,gamma_fixed
math500_1,math500,647,12.265825271606445,12.265825271606445,0.03809858486056328,0.03809858486056328,0.3771226406097412,0.0,0.0,2.0,1,0.0,0.0,0.0,gamma_fixed
math500_1,math500,648,12.079833984375,12.079833984375,0.009066898375749588,0.009066898375749588,0.8978886604309082,0.0,0.0,2.0,1,0.0,0.0,0.0,gamma_fixed
math500_1,math500,649,12.252941131591797,12.252941131591797,0.02978733740746975,0.02978733740746975,7.84732837928459e-05,0.0,0.0,2.0,1,0.0,0.0,0.0,gamma_fixed
math500_1,math500,650,9.678338050842285,9.678338050842285,0.13271766901016235,0.13271766901016235,5.4138647101353854e-05,0.0,0.0,2.0,1,0.0,0.0,0.0,gamma_fixed
math500_1,math500,651,11.226252555847168,11.226252555847168,0.1043749451637268,0.1043749451637268,0.4392915964126587,0.0,0.0,2.0,1,0.0,0.0,0.0,gamma_fixed
math500_1,math500,652,11.766000747680664,11.766000747680664,0.043425049632787704,0.043425049632787704,2.037752710748464e-05,0.0,0.0,2.0,1,0.0,0.0,0.0,gamma_fixed
math500_1,math500,653,11.859094619750977,11.859094619750977,0.059355009347200394,0.059355009347200394,0.00033198753953911364,0.0,0.0,2.0,1,0.0,0.0,0.0,gamma_fixed
math500_1,math500,654,10.846197128295898,10.846197128295898,0.1251646876335144,0.1251646876335144,0.6987091302871704,0.0,0.0,2.0,1,0.0,0.0,0.0,gamma_fixed
math500_1,math500,655,11.748517036437988,11.748517036437988,0.10295765101909637,0.10295765101909637,0.07314073294401169,0.0,0.0,2.0,1,0.0,0.0,0.0,gamma_fixed
math500_1,math500,656,12.566741943359375,12.566741943359375,0.033621884882450104,0.033621884882450104,0.01965588890016079,0.0,0.0,2.0,1,0.0,0.0,0.0,gamma_fixed
math500_1,math500,657,0.38252195715904236,0.38252195715904236,0.9338107705116272,0.9338107705116272,0.0017311128322035074,1.0,2.0,3.0,1,0.5,1.0,0.5,gamma_fixed
math500_1,math500,658,9.518653869628906,9.518653869628906,0.28399771451950073,0.28399771451950073,0.006516812369227409,0.0,0.0,2.0,1,0.0,0.0,0.0,gamma_fixed
math500_1,math500,659,10.810613632202148,10.810613632202148,0.08419587463140488,0.08419587463140488,0.00035740871680900455,0.0,0.0,2.0,1,0.0,0.0,0.0,gamma_fixed
math500_1,math500,660,9.900529861450195,9.900529861450195,0.07987089455127716,0.07987089455127716,1.2117464542388916,1.0,1.0,2.0,1,0.25,1.0,0.25,gamma_fixed
math500_1,math500,661,12.054308891296387,12.054308891296387,0.017138870432972908,0.017138870432972908,1.5780949592590332,0.0,0.0,2.0,1,0.0,0.0,0.0,gamma_fixed
math500_1,math500,662,12.173233032226562,12.173233032226562,0.022092876955866814,0.022092876955866814,1.1555567979812622,0.0,0.0,2.0,1,0.0,0.0,0.0,gamma_fixed
math500_1,math500,663,11.152570724487305,11.152570724487305,0.10768816620111465,0.10768816620111465,0.8546205759048462,1.0,1.0,2.0,1,0.25,1.0,0.25,gamma_fixed
math500_1,math500,664,9.087555885314941,9.087555885314941,0.30231398344039917,0.30231398344039917,0.007482281886041164,1.0,3.0,4.0,1,0.75,1.0,0.75,gamma_fixed
math500_1,math500,665,11.952401161193848,11.952401161193848,0.03721603378653526,0.03721603378653526,0.0003211409202776849,1.0,1.0,3.0,1,0.25,0.5,0.25,gamma_fixed
math500_1,math500,666,4.13960075378418,4.13960075378418,0.44548410177230835,0.44548410177230835,0.01811058633029461,1.0,2.0,3.0,1,0.5,1.0,0.5,gamma_fixed
math500_1,math500,667,9.213375091552734,9.213375091552734,0.22620172798633575,0.22620172798633575,0.00020141858840361238,1.0,1.0,3.0,1,0.25,0.5,0.25,gamma_fixed
math500_1,math500,668,12.052401542663574,12.052401542663574,0.08737902343273163,0.08737902343273163,0.036442797631025314,0.0,0.0,2.0,1,0.0,0.0,0.0,gamma_fixed
math500_1,math500,669,0.5064970850944519,0.5064970850944519,0.963894248008728,0.963894248008728,0.0206692423671484,1.0,3.0,4.0,1,0.75,1.0,0.75,gamma_fixed
math500_1,math500,670,11.658766746520996,11.658766746520996,0.035235434770584106,0.035235434770584106,1.4792025089263916,0.0,0.0,2.0,1,0.0,0.0,0.0,gamma_fixed
math500_1,math500,671,11.65416145324707,11.65416145324707,0.04039762169122696,0.04039762169122696,1.952775239944458,0.0,0.0,2.0,1,0.0,0.0,0.0,gamma_fixed
math500_1,math500,672,6.81905460357666,6.81905460357666,0.1753079891204834,0.1753079891204834,1.6570587158203125,0.0,0.0,2.0,1,0.0,0.0,0.0,gamma_fixed
math500_1,math500,673,0.0048903669230639935,0.0048903669230639935,0.9997161030769348,0.9997161030769348,0.7800214886665344,1.0,2.0,3.0,1,0.5,1.0,0.5,gamma_fixed
math500_1,math500,674,7.620550632476807,7.620550632476807,0.36359351873397827,0.36359351873397827,0.040727172046899796,1.0,1.0,2.0,1,0.25,1.0,0.25,gamma_fixed
math500_1,math500,675,8.572717666625977,8.572717666625977,0.1119779720902443,0.1119779720902443,1.7195888757705688,0.0,0.0,2.0,1,0.0,0.0,0.0,gamma_fixed
math500_1,math500,676,8.601280212402344,8.601280212402344,0.08927662670612335,0.08927662670612335,1.4809306859970093,1.0,2.0,3.0,1,0.5,1.0,0.5,gamma_fixed
math500_1,math500,677,11.059059143066406,11.059059143066406,0.06220351532101631,0.06220351532101631,0.5706453919410706,0.0,0.0,2.0,1,0.0,0.0,0.0,gamma_fixed
math500_1,math500,678,3.387857675552368,3.387857675552368,0.4351644814014435,0.4351644814014435,1.0105698108673096,0.0,0.0,2.0,1,0.0,0.0,0.0,gamma_fixed
math500_1,math500,679,2.1406116485595703,2.1406116485595703,0.707722544670105,0.707722544670105,0.0009763083653524518,1.0,3.0,4.0,1,0.75,1.0,0.75,gamma_fixed
math500_1,math500,680,6.330397605895996,6.330397605895996,0.16087165474891663,0.16087165474891663,1.2912801504135132,1.0,1.0,3.0,1,0.25,0.5,0.25,gamma_fixed
math500_1,math500,681,11.678655624389648,11.678655624389648,0.033425454050302505,0.033425454050302505,1.8339686393737793,0.0,0.0,2.0,1,0.0,0.0,0.0,gamma_fixed
math500_1,math500,682,11.097450256347656,11.097450256347656,0.09301448613405228,0.09301448613405228,6.641307663812768e-06,0.0,0.0,2.0,1,0.0,0.0,0.0,gamma_fixed
math500_1,math500,683,3.4760074615478516,3.4760074615478516,0.31806233525276184,0.31806233525276184,0.24928946793079376,1.0,2.0,3.0,1,0.5,1.0,0.5,gamma_fixed
math500_1,math500,684,10.52055549621582,10.52055549621582,0.2037583887577057,0.2037583887577057,2.8886461223009974e-06,1.0,2.0,3.0,1,0.5,1.0,0.5,gamma_fixed
math500_1,math500,685,11.976372718811035,11.976372718811035,0.057304564863443375,0.057304564863443375,0.0022485575173050165,1.0,4.0,5.0,1,1.0,1.0,1.0,gamma_fixed
math500_1,math500,686,1.1577413082122803,1.1577413082122803,0.9246230721473694,0.9246230721473694,0.5744831562042236,1.0,3.0,4.0,1,0.75,1.0,0.75,gamma_fixed
math500_1,math500,687,8.542600631713867,8.542600631713867,0.18211352825164795,0.18211352825164795,0.0002589790674392134,0.0,0.0,2.0,1,0.0,0.0,0.0,gamma_fixed
math500_1,math500,688,10.319865226745605,10.319865226745605,0.10959785431623459,0.10959785431623459,1.5799338817596436,0.0,0.0,2.0,1,0.0,0.0,0.0,gamma_fixed
math500_1,math500,689,8.540229797363281,8.540229797363281,0.103360615670681,0.103360615670681,1.5064740180969238,0.0,0.0,2.0,1,0.0,0.0,0.0,gamma_fixed
math500_1,math500,690,2.1547164916992188,2.1547164916992188,0.455380916595459,0.455380916595459,2.5893518924713135,1.0,1.0,3.0,1,0.25,0.5,0.25,gamma_fixed
math500_1,math500,691,5.0533905029296875,5.0533905029296875,0.3864767551422119,0.3864767551422119,2.78145694732666,1.0,1.0,3.0,1,0.25,0.5,0.25,gamma_fixed
math500_1,math500,692,7.624013423919678,7.624013423919678,0.25482264161109924,0.25482264161109924,2.012979030609131,0.0,0.0,2.0,1,0.0,0.0,0.0,gamma_fixed
math500_1,math500,693,10.516220092773438,10.516220092773438,0.08720852434635162,0.08720852434635162,3.001070499420166,0.0,0.0,2.0,1,0.0,0.0,0.0,gamma_fixed
math500_1,math500,694,9.706780433654785,9.706780433654785,0.17326557636260986,0.17326557636260986,1.3972253799438477,0.0,0.0,2.0,1,0.0,0.0,0.0,gamma_fixed
math500_1,math500,695,0.7515268921852112,0.7515268921852112,0.8611072897911072,0.8611072897911072,1.1451385021209717,1.0,3.0,5.0,1,0.75,0.75,0.75,gamma_fixed
math500_1,math500,696,10.713058471679688,10.713058471679688,0.04393693432211876,0.04393693432211876,0.14354537427425385,0.0,0.0,2.0,1,0.0,0.0,0.0,gamma_fixed
math500_1,math500,697,6.72198486328125,6.72198486328125,0.24055545032024384,0.24055545032024384,7.096874469425529e-05,1.0,2.0,3.0,1,0.5,1.0,0.5,gamma_fixed
math500_1,math500,698,3.8217520713806152,3.8217520713806152,0.492384135723114,0.492384135723114,2.943066358566284,1.0,2.0,3.0,1,0.5,1.0,0.5,gamma_fixed
math500_1,math500,699,10.549372673034668,10.549372673034668,0.07173578441143036,0.07173578441143036,1.142370581626892,0.0,0.0,2.0,1,0.0,0.0,0.0,gamma_fixed
math500_1,math500,700,4.186409950256348,4.186409950256348,0.26835897564888,0.26835897564888,1.2688502073287964,0.0,0.0,2.0,1,0.0,0.0,0.0,gamma_fixed
math500_1,math500,701,5.0180253982543945,5.0180253982543945,0.28041505813598633,0.28041505813598633,0.0006229209247976542,1.0,2.0,3.0,1,0.5,1.0,0.5,gamma_fixed
math500_1,math500,702,11.92463493347168,11.92463493347168,0.03558121249079704,0.03558121249079704,3.3015032386174425e-05,0.0,0.0,2.0,1,0.0,0.0,0.0,gamma_fixed
math500_1,math500,703,12.39181137084961,12.39181137084961,0.019726719707250595,0.019726719707250595,1.542776226415299e-05,0.0,0.0,2.0,1,0.0,0.0,0.0,gamma_fixed
math500_1,math500,704,12.680017471313477,12.680017471313477,0.016354024410247803,0.016354024410247803,5.673134637618205e-06,0.0,0.0,2.0,1,0.0,0.0,0.0,gamma_fixed
math500_1,math500,705,9.229780197143555,9.229780197143555,0.3149714171886444,0.3149714171886444,0.017621170729398727,1.0,1.0,3.0,1,0.25,0.5,0.25,gamma_fixed
math500_1,math500,706,0.2763674557209015,0.2763674557209015,0.9739476442337036,0.9739476442337036,0.003444085130468011,1.0,1.0,3.0,1,0.25,0.5,0.25,gamma_fixed
math500_1,math500,707,10.087106704711914,10.087106704711914,0.2826143801212311,0.2826143801212311,0.09099937975406647,1.0,2.0,4.0,1,0.5,0.6666666666666666,0.5,gamma_fixed
math500_1,math500,708,11.44675064086914,11.44675064086914,0.053518153727054596,0.053518153727054596,3.0807945728302,1.0,1.0,3.0,1,0.25,0.5,0.25,gamma_fixed
math500_1,math500,709,5.182002067565918,5.182002067565918,0.19942747056484222,0.19942747056484222,0.04055667296051979,1.0,1.0,3.0,1,0.25,0.5,0.25,gamma_fixed
math500_1,math500,710,12.545248031616211,12.545248031616211,0.01775212585926056,0.01775212585926056,0.061707012355327606,0.0,0.0,2.0,1,0.0,0.0,0.0,gamma_fixed
math500_1,math500,711,2.7563424110412598,2.7563424110412598,0.834511935710907,0.834511935710907,0.9489282369613647,1.0,3.0,5.0,1,0.75,0.75,0.75,gamma_fixed
math500_1,math500,712,12.253289222717285,12.253289222717285,0.018713396042585373,0.018713396042585373,0.000533795973751694,1.0,1.0,3.0,1,0.25,0.5,0.25,gamma_fixed
math500_1,math500,713,1.5549098253250122,1.5549098253250122,0.6393740773200989,0.6393740773200989,0.3212156295776367,1.0,3.0,5.0,1,0.75,0.75,0.75,gamma_fixed
math500_1,math500,714,11.116588592529297,11.116588592529297,0.1119779720902443,0.1119779720902443,0.0002631616953294724,0.0,0.0,2.0,1,0.0,0.0,0.0,gamma_fixed
math500_1,math500,715,11.816394805908203,11.816394805908203,0.03707094117999077,0.03707094117999077,0.9949069023132324,1.0,1.0,3.0,1,0.25,0.5,0.25,gamma_fixed
math500_1,math500,716,9.176077842712402,9.176077842712402,0.25757476687431335,0.25757476687431335,0.211337611079216,1.0,3.0,5.0,1,0.75,0.75,0.75,gamma_fixed
math500_1,math500,717,11.840179443359375,11.840179443359375,0.030315572395920753,0.030315572395920753,0.0001968596043298021,0.0,0.0,2.0,1,0.0,0.0,0.0,gamma_fixed
math500_1,math500,718,10.887996673583984,10.887996673583984,0.11396373063325882,0.11396373063325882,0.004202933982014656,0.0,0.0,2.0,1,0.0,0.0,0.0,gamma_fixed
math500_1,math500,719,5.049080848693848,5.049080848693848,0.3304097056388855,0.3304097056388855,0.7213352918624878,1.0,1.0,3.0,1,0.25,0.5,0.25,gamma_fixed
math500_1,math500,720,4.168464660644531,4.168464660644531,0.6669572591781616,0.6669572591781616,0.0013414034619927406,1.0,3.0,4.0,1,0.75,1.0,0.75,gamma_fixed
math500_1,math500,721,11.036003112792969,11.036003112792969,0.07415761798620224,0.07415761798620224,1.4715633392333984,1.0,2.0,3.0,1,0.5,1.0,0.5,gamma_fixed
math500_1,math500,722,11.659908294677734,11.659908294677734,0.1108897477388382,0.1108897477388382,0.0006425597239285707,1.0,1.0,3.0,1,0.25,0.5,0.25,gamma_fixed
math500_1,math500,723,10.589134216308594,10.589134216308594,0.10396802425384521,0.10396802425384521,0.005957209505140781,0.0,0.0,2.0,1,0.0,0.0,0.0,gamma_fixed
math500_1,math500,724,12.722051620483398,12.722051620483398,0.01747690513730049,0.01747690513730049,0.0022387681528925896,0.0,0.0,2.0,1,0.0,0.0,0.0,gamma_fixed
math500_1,math500,725,0.4207252562046051,0.4207252562046051,0.9569770693778992,0.9569770693778992,0.30831247568130493,1.0,2.0,4.0,1,0.5,0.6666666666666666,0.5,gamma_fixed
math500_1,math500,726,11.994216918945312,11.994216918945312,0.02440686896443367,0.02440686896443367,0.03235532343387604,0.0,0.0,2.0,1,0.0,0.0,0.0,gamma_fixed
math500_1,math500,727,12.154264450073242,12.154264450073242,0.036071017384529114,0.036071017384529114,0.007061723154038191,0.0,0.0,2.0,1,0.0,0.0,0.0,gamma_fixed
math500_1,math500,728,12.550678253173828,12.550678253173828,0.020673424005508423,0.020673424005508423,0.1897399127483368,1.0,1.0,4.0,1,0.25,0.3333333333333333,0.25,gamma_fixed
math500_1,math500,729,10.371339797973633,10.371339797973633,0.08176497370004654,0.08176497370004654,0.1689530909061432,0.0,0.0,2.0,1,0.0,0.0,0.0,gamma_fixed
math500_1,math500,730,12.730396270751953,12.730396270751953,0.014488862827420235,0.014488862827420235,0.33222752809524536,0.0,0.0,2.0,1,0.0,0.0,0.0,gamma_fixed
math500_1,math500,731,11.46247386932373,11.46247386932373,0.05268843099474907,0.05268843099474907,1.1819000244140625,0.0,0.0,2.0,1,0.0,0.0,0.0,gamma_fixed
math500_1,math500,732,3.6319079399108887,3.6319079399108887,0.27205315232276917,0.27205315232276917,1.2678184509277344,1.0,2.0,3.0,1,0.5,1.0,0.5,gamma_fixed
math500_1,math500,733,3.7513697147369385,3.7513697147369385,0.2513624429702759,0.2513624429702759,3.1358449459075928,1.0,2.0,4.0,1,0.5,0.6666666666666666,0.5,gamma_fixed
math500_1,math500,734,2.104203224182129,2.104203224182129,0.851698637008667,0.851698637008667,3.5732460021972656,1.0,1.0,3.0,1,0.25,0.5,0.25,gamma_fixed
math500_1,math500,735,3.052671432495117,3.052671432495117,0.4732900559902191,0.4732900559902191,0.9528121948242188,1.0,3.0,4.0,1,0.75,1.0,0.75,gamma_fixed
math500_1,math500,736,10.17299747467041,10.17299747467041,0.06281395256519318,0.06281395256519318,0.000412746740039438,0.0,0.0,2.0,1,0.0,0.0,0.0,gamma_fixed
math500_1,math500,737,11.379500389099121,11.379500389099121,0.07756487280130386,0.07756487280130386,2.0821693397010677e-05,0.0,0.0,2.0,1,0.0,0.0,0.0,gamma_fixed
math500_1,math500,738,11.218101501464844,11.218101501464844,0.07562024146318436,0.07562024146318436,0.6794809103012085,1.0,1.0,3.0,1,0.25,0.5,0.25,gamma_fixed
math500_1,math500,739,5.957857608795166,5.957857608795166,0.42549923062324524,0.42549923062324524,0.5748389363288879,1.0,3.0,4.0,1,0.75,1.0,0.75,gamma_fixed
math500_1,math500,740,6.209013938903809,6.209013938903809,0.46458926796913147,0.46458926796913147,0.7849550247192383,1.0,3.0,4.0,1,0.75,1.0,0.75,gamma_fixed
math500_1,math500,741,5.786006450653076,5.786006450653076,0.22291238605976105,0.22291238605976105,0.005702395923435688,0.0,0.0,2.0,1,0.0,0.0,0.0,gamma_fixed
math500_1,math500,742,10.883227348327637,10.883227348327637,0.048728834837675095,0.048728834837675095,1.8090126514434814,0.0,0.0,2.0,1,0.0,0.0,0.0,gamma_fixed
math500_1,math500,743,7.780069351196289,7.780069351196289,0.16614042222499847,0.16614042222499847,0.541526734828949,0.0,0.0,2.0,1,0.0,0.0,0.0,gamma_fixed
math500_1,math500,744,2.5174098014831543,2.5174098014831543,0.3646603226661682,0.3646603226661682,0.003522657323628664,1.0,3.0,4.0,1,0.75,1.0,0.75,gamma_fixed
math500_1,math500,745,9.062779426574707,9.062779426574707,0.296756386756897,0.296756386756897,4.16403854615055e-05,1.0,1.0,2.0,1,0.25,1.0,0.25,gamma_fixed
math500_1,math500,746,9.623893737792969,9.623893737792969,0.14350201189517975,0.14350201189517975,0.13721992075443268,0.0,0.0,2.0,1,0.0,0.0,0.0,gamma_fixed
math500_1,math500,747,2.598677158355713,2.598677158355713,0.8262003660202026,0.8262003660202026,0.004992413334548473,1.0,3.0,4.0,1,0.75,1.0,0.75,gamma_fixed
math500_1,math500,748,13.090171813964844,13.090171813964844,0.009173776023089886,0.009173776023089886,0.0003398299450054765,1.0,2.0,3.0,1,0.5,1.0,0.5,gamma_fixed
math500_1,math500,749,3.8428046703338623,3.8428046703338623,0.696750283241272,0.696750283241272,0.015584097243845463,1.0,3.0,4.0,1,0.75,1.0,0.75,gamma_fixed
math500_1,math500,750,12.536182403564453,12.536182403564453,0.021163681522011757,0.021163681522011757,0.3859524130821228,1.0,1.0,3.0,1,0.25,0.5,0.25,gamma_fixed
math500_1,math500,751,7.622354984283447,7.622354984283447,0.19085334241390228,0.19085334241390228,1.0202577114105225,0.0,0.0,2.0,1,0.0,0.0,0.0,gamma_fixed
math500_1,math500,752,0.6024466753005981,0.6024466753005981,0.9425719380378723,0.9425719380378723,0.032698120921850204,1.0,1.0,3.0,1,0.25,0.5,0.25,gamma_fixed
math500_1,math500,753,8.6232328414917,8.6232328414917,0.18246956169605255,0.18246956169605255,0.005621654912829399,1.0,3.0,4.0,1,0.75,1.0,0.75,gamma_fixed
math500_1,math500,754,3.209078311920166,3.209078311920166,0.7172898054122925,0.7172898054122925,0.10212253034114838,1.0,2.0,4.0,1,0.5,0.6666666666666666,0.5,gamma_fixed
math500_1,math500,755,12.466167449951172,12.466167449951172,0.023981591686606407,0.023981591686606407,7.041221397230402e-05,1.0,2.0,4.0,1,0.5,0.6666666666666666,0.5,gamma_fixed
math500_1,math500,756,0.12157738208770752,0.12157738208770752,0.9903196692466736,0.9903196692466736,0.00031659603700973094,1.0,4.0,5.0,1,1.0,1.0,1.0,gamma_fixed
math500_1,math500,757,4.363176345825195,4.363176345825195,0.60771644115448,0.60771644115448,1.417999505996704,1.0,3.0,4.0,1,0.75,1.0,0.75,gamma_fixed
math500_1,math500,758,5.939188480377197,5.939188480377197,0.32624155282974243,0.32624155282974243,2.411888599395752,1.0,1.0,3.0,1,0.25,0.5,0.25,gamma_fixed
math500_1,math500,759,6.044227123260498,6.044227123260498,0.1576061248779297,0.1576061248779297,1.0619263648986816,1.0,1.0,4.0,1,0.25,0.3333333333333333,0.25,gamma_fixed
math500_1,math500,760,0.36150774359703064,0.36150774359703064,0.9653661847114563,0.9653661847114563,1.4505298137664795,1.0,1.0,3.0,1,0.25,0.5,0.25,gamma_fixed
math500_1,math500,761,11.057559967041016,11.057559967041016,0.04640664905309677,0.04640664905309677,0.2889261841773987,0.0,0.0,2.0,1,0.0,0.0,0.0,gamma_fixed
math500_1,math500,762,12.316397666931152,12.316397666931152,0.025829192250967026,0.025829192250967026,2.1339499653549865e-05,0.0,0.0,2.0,1,0.0,0.0,0.0,gamma_fixed
math500_1,math500,763,11.989537239074707,11.989537239074707,0.04410889744758606,0.04410889744758606,0.11530491709709167,0.0,0.0,2.0,1,0.0,0.0,0.0,gamma_fixed
math500_1,math500,764,5.77463436126709,5.77463436126709,0.5959621667861938,0.5959621667861938,0.029826369136571884,1.0,3.0,4.0,1,0.75,1.0,0.75,gamma_fixed
math500_1,math500,765,8.94314193725586,8.94314193725586,0.19122646749019623,0.19122646749019623,1.4462699482464814e-06,1.0,1.0,3.0,1,0.25,0.5,0.25,gamma_fixed
math500_1,math500,766,3.640761137008667,3.640761137008667,0.6648438572883606,0.6648438572883606,0.00020932963525410742,1.0,4.0,5.0,1,1.0,1.0,1.0,gamma_fixed
math500_1,math500,767,11.030617713928223,11.030617713928223,0.1015596091747284,0.1015596091747284,5.315863745636307e-05,1.0,3.0,4.0,1,0.75,1.0,0.75,gamma_fixed
math500_1,math500,768,12.647388458251953,12.647388458251953,0.03699861094355583,0.03699861094355583,0.0016773018287494779,0.0,0.0,2.0,1,0.0,0.0,0.0,gamma_fixed
math500_1,math500,769,12.664693832397461,12.664693832397461,0.032843030989170074,0.032843030989170074,8.257160516222939e-05,0.0,0.0,2.0,1,0.0,0.0,0.0,gamma_fixed
math500_1,math500,770,13.04228687286377,13.04228687286377,0.007785682566463947,0.007785682566463947,0.008358003571629524,0.0,0.0,2.0,1,0.0,0.0,0.0,gamma_fixed
math500_1,math500,771,12.2030029296875,12.2030029296875,0.01578906737267971,0.01578906737267971,1.723130226135254,0.0,0.0,2.0,1,0.0,0.0,0.0,gamma_fixed
math500_1,math500,772,9.04208755493164,9.04208755493164,0.13573235273361206,0.13573235273361206,0.6619628667831421,1.0,1.0,3.0,1,0.25,0.5,0.25,gamma_fixed
math500_1,math500,773,6.328183174133301,6.328183174133301,0.350006103515625,0.350006103515625,0.0016643943963572383,0.0,0.0,2.0,1,0.0,0.0,0.0,gamma_fixed
math500_1,math500,774,11.138565063476562,11.138565063476562,0.13626359403133392,0.13626359403133392,5.014226189814508e-05,0.0,0.0,2.0,1,0.0,0.0,0.0,gamma_fixed
math500_1,math500,775,11.994540214538574,11.994540214538574,0.03355628252029419,0.03355628252029419,0.001298425835557282,1.0,4.0,5.0,1,1.0,1.0,1.0,gamma_fixed
math500_1,math500,776,5.972908973693848,5.972908973693848,0.40561792254447937,0.40561792254447937,1.4044324416317977e-05,0.0,0.0,2.0,1,0.0,0.0,0.0,gamma_fixed
math500_1,math500,777,11.32309341430664,11.32309341430664,0.06281395256519318,0.06281395256519318,6.598959316761466e-07,1.0,4.0,5.0,1,1.0,1.0,1.0,gamma_fixed
math500_1,math500,778,1.2278575897216797,1.2278575897216797,0.8181712627410889,0.8181712627410889,0.0009033404639922082,1.0,1.0,3.0,1,0.25,0.5,0.25,gamma_fixed
math500_1,math500,779,1.157696008682251,1.157696008682251,0.8809900283813477,0.8809900283813477,0.00030693854205310345,1.0,3.0,5.0,1,0.75,0.75,0.75,gamma_fixed
math500_1,math500,780,10.146650314331055,10.146650314331055,0.15699167549610138,0.15699167549610138,8.655973215354607e-05,1.0,1.0,3.0,1,0.25,0.5,0.25,gamma_fixed
math500_1,math500,781,12.234004974365234,12.234004974365234,0.06966463476419449,0.06966463476419449,1.4367491006851196,0.0,0.0,2.0,1,0.0,0.0,0.0,gamma_fixed
math500_1,math500,782,2.420748710632324,2.420748710632324,0.4044313132762909,0.4044313132762909,1.4147515296936035,1.0,3.0,5.0,1,0.75,0.75,0.75,gamma_fixed
math500_1,math500,783,11.9388427734375,11.9388427734375,0.04095372557640076,0.04095372557640076,1.0479638576507568,1.0,1.0,3.0,1,0.25,0.5,0.25,gamma_fixed
math500_1,math500,784,11.556066513061523,11.556066513061523,0.03854767978191376,0.03854767978191376,0.0007146732532419264,1.0,2.0,3.0,1,0.5,1.0,0.5,gamma_fixed
math500_1,math500,785,6.26745080947876,6.26745080947876,0.5511748790740967,0.5511748790740967,0.000210359095945023,1.0,2.0,4.0,1,0.5,0.6666666666666666,0.5,gamma_fixed
math500_1,math500,786,12.515445709228516,12.515445709228516,0.02279418148100376,0.02279418148100376,0.9604655504226685,0.0,0.0,2.0,1,0.0,0.0,0.0,gamma_fixed
math500_1,math500,787,0.42956674098968506,0.42956674098968506,0.9584676623344421,0.9584676623344421,0.2590160369873047,1.0,4.0,5.0,1,1.0,1.0,1.0,gamma_fixed
math500_1,math500,788,10.972677230834961,10.972677230834961,0.11024190485477448,0.11024190485477448,0.016661228612065315,1.0,2.0,4.0,1,0.5,0.6666666666666666,0.5,gamma_fixed
math500_1,math500,789,9.31620979309082,9.31620979309082,0.23021307587623596,0.23021307587623596,0.7881355285644531,1.0,2.0,3.0,1,0.5,1.0,0.5,gamma_fixed
math500_1,math500,790,11.177572250366211,11.177572250366211,0.09634269028902054,0.09634269028902054,0.000626044231466949,1.0,2.0,3.0,1,0.5,1.0,0.5,gamma_fixed
math500_1,math500,791,0.16823889315128326,0.16823889315128326,0.9916427731513977,0.9916427731513977,0.10536299645900726,1.0,3.0,4.0,1,0.75,1.0,0.75,gamma_fixed
math500_1,math500,792,2.3170738220214844,2.3170738220214844,0.7409629821777344,0.7409629821777344,0.046165581792593,1.0,4.0,5.0,1,1.0,1.0,1.0,gamma_fixed
math500_1,math500,793,12.251594543457031,12.251594543457031,0.024075452238321304,0.024075452238321304,0.0006421604775823653,1.0,2.0,3.0,1,0.5,1.0,0.5,gamma_fixed
math500_1,math500,794,0.7430848479270935,0.7430848479270935,0.8587979078292847,0.8587979078292847,0.008842745795845985,1.0,3.0,4.0,1,0.75,1.0,0.75,gamma_fixed
math500_1,math500,795,7.040586471557617,7.040586471557617,0.2964667081832886,0.2964667081832886,2.489487656021083e-07,1.0,4.0,5.0,1,1.0,1.0,1.0,gamma_fixed
math500_1,math500,796,0.9362556338310242,0.9362556338310242,0.9125689268112183,0.9125689268112183,9.064163896255195e-05,1.0,1.0,3.0,1,0.25,0.5,0.25,gamma_fixed
math500_1,math500,797,0.8573765754699707,0.8573765754699707,0.9449047446250916,0.9449047446250916,0.00040472522960044444,1.0,1.0,3.0,1,0.25,0.5,0.25,gamma_fixed
math500_1,math500,798,1.3402421474456787,1.3402421474456787,0.6942034363746643,0.6942034363746643,0.3968351483345032,1.0,2.0,3.0,1,0.5,1.0,0.5,gamma_fixed
math500_1,math500,799,10.095609664916992,10.095609664916992,0.11154141277074814,0.11154141277074814,0.36629927158355713,1.0,1.0,2.0,1,0.25,1.0,0.25,gamma_fixed
math500_1,math500,800,3.5781354904174805,3.5781354904174805,0.48074331879615784,0.48074331879615784,0.9750910997390747,1.0,1.0,4.0,1,0.25,0.3333333333333333,0.25,gamma_fixed
math500_1,math500,801,7.9914140701293945,7.9914140701293945,0.1499488651752472,0.1499488651752472,0.8714255094528198,1.0,1.0,3.0,1,0.25,0.5,0.25,gamma_fixed
math500_1,math500,802,4.738716125488281,4.738716125488281,0.4596252739429474,0.4596252739429474,1.2768043279647827,1.0,1.0,4.0,1,0.25,0.3333333333333333,0.25,gamma_fixed
math500_1,math500,803,8.656278610229492,8.656278610229492,0.0679180696606636,0.0679180696606636,2.5925633907318115,0.0,0.0,2.0,1,0.0,0.0,0.0,gamma_fixed
math500_1,math500,804,2.158790349960327,2.158790349960327,0.6538974642753601,0.6538974642753601,1.449199914932251,1.0,2.0,3.0,1,0.5,1.0,0.5,gamma_fixed
math500_1,math500,805,9.75271987915039,9.75271987915039,0.05982053652405739,0.05982053652405739,0.5276718139648438,0.0,0.0,2.0,1,0.0,0.0,0.0,gamma_fixed
math500_1,math500,806,2.423776626586914,2.423776626586914,0.4402940273284912,0.4402940273284912,3.5318098068237305,1.0,3.0,4.0,1,0.75,1.0,0.75,gamma_fixed
math500_1,math500,807,3.305393695831299,3.305393695831299,0.6478591561317444,0.6478591561317444,2.5994014739990234,1.0,2.0,4.0,1,0.5,0.6666666666666666,0.5,gamma_fixed
math500_1,math500,808,9.218461990356445,9.218461990356445,0.12939029932022095,0.12939029932022095,1.926952838897705,1.0,1.0,3.0,1,0.25,0.5,0.25,gamma_fixed
math500_1,math500,809,3.597341299057007,3.597341299057007,0.3455907702445984,0.3455907702445984,0.0013399353483691812,1.0,3.0,4.0,1,0.75,1.0,0.75,gamma_fixed
math500_1,math500,810,10.37447738647461,10.37447738647461,0.12036968767642975,0.12036968767642975,0.4952315092086792,1.0,3.0,5.0,1,0.75,0.75,0.75,gamma_fixed
math500_1,math500,811,2.777336835861206,2.777336835861206,0.636725902557373,0.636725902557373,0.0008223243057727814,1.0,2.0,4.0,1,0.5,0.6666666666666666,0.5,gamma_fixed
math500_1,math500,812,1.1373674869537354,1.1373674869537354,0.890559196472168,0.890559196472168,0.6713730096817017,1.0,3.0,4.0,1,0.75,1.0,0.75,gamma_fixed
math500_1,math500,813,8.250852584838867,8.250852584838867,0.0846906527876854,0.0846906527876854,1.258947730064392,0.0,0.0,2.0,1,0.0,0.0,0.0,gamma_fixed
math500_1,math500,814,5.52644681930542,5.52644681930542,0.4132142663002014,0.4132142663002014,0.6501812934875488,1.0,2.0,4.0,1,0.5,0.6666666666666666,0.5,gamma_fixed
math500_1,math500,815,5.702249050140381,5.702249050140381,0.39448437094688416,0.39448437094688416,0.23537498712539673,1.0,3.0,4.0,1,0.75,1.0,0.75,gamma_fixed
math500_1,math500,816,11.953195571899414,11.953195571899414,0.022440791130065918,0.022440791130065918,0.001242286991328001,0.0,0.0,2.0,1,0.0,0.0,0.0,gamma_fixed
math500_1,math500,817,9.86583137512207,9.86583137512207,0.06468142569065094,0.06468142569065094,0.0010380924213677645,0.0,0.0,2.0,1,0.0,0.0,0.0,gamma_fixed
math500_1,math500,818,5.612709999084473,5.612709999084473,0.3859110176563263,0.3859110176563263,0.009778615087270737,1.0,3.0,4.0,1,0.75,1.0,0.75,gamma_fixed
math500_1,math500,819,1.022557258605957,1.022557258605957,0.9207934737205505,0.9207934737205505,0.01022555585950613,1.0,4.0,5.0,1,1.0,1.0,1.0,gamma_fixed
math500_1,math500,820,12.39954948425293,12.39954948425293,0.0325874462723732,0.0325874462723732,1.8783562183380127,0.0,0.0,2.0,1,0.0,0.0,0.0,gamma_fixed
math500_1,math500,821,11.95580768585205,11.95580768585205,0.044454850256443024,0.044454850256443024,0.5849035978317261,0.0,0.0,2.0,1,0.0,0.0,0.0,gamma_fixed
math500_1,math500,822,12.51997184753418,12.51997184753418,0.035304319113492966,0.035304319113492966,0.4578159749507904,0.0,0.0,2.0,1,0.0,0.0,0.0,gamma_fixed
math500_1,math500,823,4.427392959594727,4.427392959594727,0.5612231492996216,0.5612231492996216,0.005534070078283548,1.0,2.0,3.0,1,0.5,1.0,0.5,gamma_fixed
math500_1,math500,824,11.804069519042969,11.804069519042969,0.05341372638940811,0.05341372638940811,0.022180108353495598,0.0,0.0,2.0,1,0.0,0.0,0.0,gamma_fixed
math500_1,math500,825,11.03913688659668,11.03913688659668,0.08065471053123474,0.08065471053123474,3.854591341223568e-05,0.0,0.0,2.0,1,0.0,0.0,0.0,gamma_fixed
math500_1,math500,826,11.510784149169922,11.510784149169922,0.04334032163023949,0.04334032163023949,0.03438039869070053,0.0,0.0,2.0,1,0.0,0.0,0.0,gamma_fixed
math500_1,math500,827,11.139309883117676,11.139309883117676,0.09121542423963547,0.09121542423963547,0.001637257868424058,1.0,1.0,3.0,1,0.25,0.5,0.25,gamma_fixed
math500_1,math500,828,7.944760799407959,7.944760799407959,0.24867671728134155,0.24867671728134155,0.0907202661037445,1.0,1.0,3.0,1,0.25,0.5,0.25,gamma_fixed
math500_1,math500,829,12.87846851348877,12.87846851348877,0.009138011373579502,0.009138011373579502,0.40111398696899414,0.0,0.0,2.0,1,0.0,0.0,0.0,gamma_fixed
math500_1,math500,830,0.4680567979812622,0.4680567979812622,0.9739922285079956,0.9739922285079956,0.6186115145683289,1.0,4.0,5.0,1,1.0,1.0,1.0,gamma_fixed
math500_1,math500,831,11.744026184082031,11.744026184082031,0.02892732061445713,0.02892732061445713,0.005607521627098322,0.0,0.0,2.0,1,0.0,0.0,0.0,gamma_fixed
math500_1,math500,832,12.747039794921875,12.747039794921875,0.04127493128180504,0.04127493128180504,0.10234019160270691,1.0,3.0,4.0,1,0.75,1.0,0.75,gamma_fixed
math500_1,math500,833,2.711613178253174,2.711613178253174,0.6260896325111389,0.6260896325111389,3.56882905960083,1.0,1.0,3.0,1,0.25,0.5,0.25,gamma_fixed
math500_1,math500,834,5.506707191467285,5.506707191467285,0.25833046436309814,0.25833046436309814,1.3913123607635498,1.0,1.0,2.0,1,0.25,1.0,0.25,gamma_fixed
math500_1,math500,835,8.971229553222656,8.971229553222656,0.14058907330036163,0.14058907330036163,1.4372130632400513,1.0,2.0,3.0,1,0.5,1.0,0.5,gamma_fixed
math500_1,math500,836,11.200971603393555,11.200971603393555,0.042006880044937134,0.042006880044937134,1.1537333726882935,0.0,0.0,2.0,1,0.0,0.0,0.0,gamma_fixed
math500_1,math500,837,9.860944747924805,9.860944747924805,0.041924916207790375,0.041924916207790375,1.2912681102752686,0.0,0.0,2.0,1,0.0,0.0,0.0,gamma_fixed
math500_1,math500,838,1.831958532333374,1.831958532333374,0.6846097707748413,0.6846097707748413,1.617071270942688,1.0,4.0,5.0,1,1.0,1.0,1.0,gamma_fixed
math500_1,math500,839,6.017935752868652,6.017935752868652,0.20616024732589722,0.20616024732589722,2.4054360389709473,1.0,2.0,3.0,1,0.5,1.0,0.5,gamma_fixed
math500_1,math500,840,5.022159576416016,5.022159576416016,0.33956900238990784,0.33956900238990784,2.6889944076538086,0.0,0.0,2.0,1,0.0,0.0,0.0,gamma_fixed
math500_1,math500,841,0.26205164194107056,0.26205164194107056,0.9852027297019958,0.9852027297019958,0.7913298606872559,1.0,1.0,3.0,1,0.25,0.5,0.25,gamma_fixed
math500_1,math500,842,11.745635032653809,11.745635032653809,0.11307686567306519,0.11307686567306519,0.00021006839233450592,0.0,0.0,2.0,1,0.0,0.0,0.0,gamma_fixed
math500_1,math500,843,12.247110366821289,12.247110366821289,0.01945885270833969,0.01945885270833969,3.868690328090452e-06,1.0,1.0,3.0,1,0.25,0.5,0.25,gamma_fixed
math500_1,math500,844,5.052823066711426,5.052823066711426,0.6502359509468079,0.6502359509468079,0.2894745171070099,1.0,4.0,5.0,1,1.0,1.0,1.0,gamma_fixed
math500_1,math500,845,1.3162676095962524,1.3162676095962524,0.8991888761520386,0.8991888761520386,0.5822910666465759,1.0,4.0,5.0,1,1.0,1.0,1.0,gamma_fixed
math500_1,math500,846,10.547148704528809,10.547148704528809,0.09785985946655273,0.09785985946655273,0.001314248307608068,1.0,4.0,5.0,1,1.0,1.0,1.0,gamma_fixed
math500_1,math500,847,10.207693099975586,10.207693099975586,0.09920698404312134,0.09920698404312134,0.000582846172619611,0.0,0.0,2.0,1,0.0,0.0,0.0,gamma_fixed
math500_1,math500,848,10.969022750854492,10.969022750854492,0.06805085390806198,0.06805085390806198,1.0771700143814087,0.0,0.0,2.0,1,0.0,0.0,0.0,gamma_fixed
math500_1,math500,849,12.930999755859375,12.930999755859375,0.013400007970631123,0.013400007970631123,0.0028860182501375675,1.0,4.0,5.0,1,1.0,1.0,1.0,gamma_fixed
math500_1,math500,850,10.030298233032227,10.030298233032227,0.07145611196756363,0.07145611196756363,0.0029018342029303312,0.0,0.0,2.0,1,0.0,0.0,0.0,gamma_fixed
math500_1,math500,851,11.444113731384277,11.444113731384277,0.05372761934995651,0.05372761934995651,0.39638906717300415,1.0,2.0,3.0,1,0.5,1.0,0.5,gamma_fixed
math500_10,math500,0,11.463146209716797,11.463146209716797,0.03537333756685257,0.03537333756685257,1.8314964771270752,0.0,0.0,2.0,1,0.0,0.0,0.0,gamma_fixed
math500_10,math500,1,9.065872192382812,9.065872192382812,0.12492045760154724,0.12492045760154724,0.0006366737652570009,0.0,0.0,2.0,1,0.0,0.0,0.0,gamma_fixed
math500_10,math500,2,1.925299882888794,1.925299882888794,0.7746289968490601,0.7746289968490601,0.2613632082939148,0.0,0.0,2.0,1,0.0,0.0,0.0,gamma_fixed
math500_10,math500,3,1.6229629516601562,1.6229629516601562,0.5708967447280884,0.5708967447280884,0.15261010825634003,1.0,2.0,4.0,1,0.5,0.6666666666666666,0.5,gamma_fixed
math500_10,math500,4,0.44083207845687866,0.44083207845687866,0.9701654314994812,0.9701654314994812,1.4493950605392456,1.0,1.0,4.0,1,0.25,0.3333333333333333,0.25,gamma_fixed
math500_10,math500,5,2.707728147506714,2.707728147506714,0.5264486074447632,0.5264486074447632,2.577375744294841e-05,1.0,4.0,5.0,1,1.0,1.0,1.0,gamma_fixed
math500_10,math500,6,5.901457786560059,5.901457786560059,0.2938724756240845,0.2938724756240845,1.419230329702259e-06,1.0,4.0,5.0,1,1.0,1.0,1.0,gamma_fixed
math500_10,math500,7,1.1586556434631348,1.1586556434631348,0.8462061882019043,0.8462061882019043,0.0009117269655689597,1.0,2.0,4.0,1,0.5,0.6666666666666666,0.5,gamma_fixed
math500_10,math500,8,1.9472858905792236,1.9472858905792236,0.7157154679298401,0.7157154679298401,0.15262815356254578,1.0,3.0,5.0,1,0.75,0.75,0.75,gamma_fixed
math500_10,math500,9,4.440617084503174,4.440617084503174,0.3445797562599182,0.3445797562599182,6.572630809387192e-06,1.0,3.0,4.0,1,0.75,1.0,0.75,gamma_fixed
math500_10,math500,10,0.6611537933349609,0.6611537933349609,0.9429459571838379,0.9429459571838379,4.667665507440688e-06,1.0,3.0,4.0,1,0.75,1.0,0.75,gamma_fixed
math500_10,math500,11,3.9563181400299072,3.9563181400299072,0.4895075261592865,0.4895075261592865,0.0004246942698955536,0.0,0.0,2.0,1,0.0,0.0,0.0,gamma_fixed
math500_10,math500,12,3.0558743476867676,3.0558743476867676,0.5830100774765015,0.5830100774765015,1.0728018283843994,1.0,3.0,4.0,1,0.75,1.0,0.75,gamma_fixed
math500_10,math500,13,5.350698471069336,5.350698471069336,0.14183016121387482,0.14183016121387482,1.1796067953109741,0.0,0.0,2.0,1,0.0,0.0,0.0,gamma_fixed
math500_10,math500,14,5.475114822387695,5.475114822387695,0.23613318800926208,0.23613318800926208,0.2571970820426941,0.0,0.0,2.0,1,0.0,0.0,0.0,gamma_fixed
math500_10,math500,15,0.6257795691490173,0.6257795691490173,0.920849621295929,0.920849621295929,0.14834976196289062,0.0,0.0,2.0,1,0.0,0.0,0.0,gamma_fixed
math500_10,math500,16,0.33031150698661804,0.33031150698661804,0.9483714699745178,0.9483714699745178,0.6774203181266785,1.0,3.0,4.0,1,0.75,1.0,0.75,gamma_fixed
math500_10,math500,17,2.4716100692749023,2.4716100692749023,0.6827737092971802,0.6827737092971802,0.38923972845077515,0.0,0.0,2.0,1,0.0,0.0,0.0,gamma_fixed
math500_10,math500,18,1.3382385969161987,1.3382385969161987,0.8474466800689697,0.8474466800689697,0.021704304963350296,0.0,0.0,2.0,1,0.0,0.0,0.0,gamma_fixed
math500_10,math500,19,2.0517821311950684,2.0517821311950684,0.6023985743522644,0.6023985743522644,1.2772799730300903,1.0,4.0,5.0,1,1.0,1.0,1.0,gamma_fixed
math500_10,math500,20,2.0220439434051514,2.0220439434051514,0.6569377183914185,0.6569377183914185,1.7460713386535645,1.0,1.0,2.0,1,0.25,1.0,0.25,gamma_fixed
math500_10,math500,21,1.9705543518066406,1.9705543518066406,0.6012231707572937,0.6012231707572937,1.8198949098587036,1.0,1.0,2.0,1,0.25,1.0,0.25,gamma_fixed
math500_10,math500,22,3.0561561584472656,3.0561561584472656,0.3855343461036682,0.3855343461036682,0.10101412236690521,1.0,2.0,3.0,1,0.5,1.0,0.5,gamma_fixed
math500_10,math500,23,1.2800722122192383,1.2800722122192383,0.8991339206695557,0.8991339206695557,0.00030813500052317977,1.0,4.0,5.0,1,1.0,1.0,1.0,gamma_fixed
math500_10,math500,24,4.01285982131958,4.01285982131958,0.3352853059768677,0.3352853059768677,1.159015417098999,0.0,0.0,2.0,1,0.0,0.0,0.0,gamma_fixed
math500_10,math500,25,4.340557098388672,4.340557098388672,0.573691189289093,0.573691189289093,0.15506795048713684,0.0,0.0,2.0,1,0.0,0.0,0.0,gamma_fixed
math500_10,math500,26,0.19405268132686615,0.19405268132686615,0.986534059047699,0.986534059047699,6.8864901550114155e-06,1.0,2.0,4.0,1,0.5,0.6666666666666666,0.5,gamma_fixed
math500_10,math500,27,5.447866439819336,5.447866439819336,0.21563251316547394,0.21563251316547394,0.0018554595299065113,1.0,1.0,3.0,1,0.25,0.5,0.25,gamma_fixed
math500_10,math500,28,6.377068042755127,6.377068042755127,0.0875498503446579,0.0875498503446579,0.00015927429194562137,0.0,0.0,2.0,1,0.0,0.0,0.0,gamma_fixed
math500_10,math500,29,1.0678611993789673,1.0678611993789673,0.8412625193595886,0.8412625193595886,0.4245274066925049,0.0,0.0,2.0,1,0.0,0.0,0.0,gamma_fixed
math500_10,math500,30,5.192256450653076,5.192256450653076,0.40780237317085266,0.40780237317085266,0.0003720461390912533,0.0,0.0,2.0,1,0.0,0.0,0.0,gamma_fixed
math500_10,math500,31,3.701394557952881,3.701394557952881,0.3925628662109375,0.3925628662109375,0.00011083899880759418,1.0,1.0,2.0,1,0.25,1.0,0.25,gamma_fixed
math500_10,math500,32,4.3091325759887695,4.3091325759887695,0.25657057762145996,0.25657057762145996,0.0006867428892292082,1.0,1.0,3.0,1,0.25,0.5,0.25,gamma_fixed
math500_10,math500,33,2.966712713241577,2.966712713241577,0.6009296774864197,0.6009296774864197,9.945300917024724e-06,0.0,0.0,2.0,1,0.0,0.0,0.0,gamma_fixed
math500_10,math500,34,1.7850831747055054,1.7850831747055054,0.469606876373291,0.469606876373291,1.4901416301727295,0.0,0.0,2.0,1,0.0,0.0,0.0,gamma_fixed
math500_10,math500,35,3.6028780937194824,3.6028780937194824,0.5530619621276855,0.5530619621276855,0.0073842136189341545,1.0,2.0,3.0,1,0.5,1.0,0.5,gamma_fixed
math500_10,math500,36,3.485114812850952,3.485114812850952,0.5982946753501892,0.5982946753501892,0.024442698806524277,0.0,0.0,2.0,1,0.0,0.0,0.0,gamma_fixed
math500_10,math500,37,6.471053123474121,6.471053123474121,0.21924223005771637,0.21924223005771637,0.8859208822250366,1.0,2.0,4.0,1,0.5,0.6666666666666666,0.5,gamma_fixed
math500_10,math500,38,4.654936790466309,4.654936790466309,0.2913009226322174,0.2913009226322174,1.5172214261838235e-05,1.0,4.0,5.0,1,1.0,1.0,1.0,gamma_fixed
math500_10,math500,39,5.509820461273193,5.509820461273193,0.27687761187553406,0.27687761187553406,5.941927156527527e-05,1.0,2.0,4.0,1,0.5,0.6666666666666666,0.5,gamma_fixed
math500_10,math500,40,8.411701202392578,8.411701202392578,0.2593415379524231,0.2593415379524231,7.278699922608212e-05,0.0,0.0,2.0,1,0.0,0.0,0.0,gamma_fixed
math500_10,math500,41,4.224279880523682,4.224279880523682,0.5634196996688843,0.5634196996688843,0.0017593607772141695,1.0,4.0,5.0,1,1.0,1.0,1.0,gamma_fixed
math500_10,math500,42,6.667689800262451,6.667689800262451,0.31069445610046387,0.31069445610046387,1.5106337741599418e-05,1.0,1.0,3.0,1,0.25,0.5,0.25,gamma_fixed
math500_10,math500,43,5.65457010269165,5.65457010269165,0.2862251400947571,0.2862251400947571,1.8389530181884766,1.0,3.0,4.0,1,0.75,1.0,0.75,gamma_fixed
math500_10,math500,44,4.810638427734375,4.810638427734375,0.2465006560087204,0.2465006560087204,0.04091601446270943,0.0,0.0,2.0,1,0.0,0.0,0.0,gamma_fixed
math500_10,math500,45,7.8643412590026855,7.8643412590026855,0.13402009010314941,0.13402009010314941,0.0005733692087233067,1.0,1.0,3.0,1,0.25,0.5,0.25,gamma_fixed
math500_10,math500,46,0.35609039664268494,0.35609039664268494,0.9667518138885498,0.9667518138885498,0.0002449371968396008,1.0,2.0,4.0,1,0.5,0.6666666666666666,0.5,gamma_fixed
math500_10,math500,47,6.032626152038574,6.032626152038574,0.18211352825164795,0.18211352825164795,1.216921373270452e-05,1.0,1.0,3.0,1,0.25,0.5,0.25,gamma_fixed
math500_10,math500,48,6.6693196296691895,6.6693196296691895,0.27660733461380005,0.27660733461380005,0.0027129400987178087,1.0,2.0,3.0,1,0.5,1.0,0.5,gamma_fixed
math500_10,math500,49,2.0167152881622314,2.0167152881622314,0.5487580299377441,0.5487580299377441,0.7910640835762024,1.0,1.0,3.0,1,0.25,0.5,0.25,gamma_fixed
math500_10,math500,50,3.7927188873291016,3.7927188873291016,0.36006009578704834,0.36006009578704834,0.331071674823761,0.0,0.0,2.0,1,0.0,0.0,0.0,gamma_fixed
math500_10,math500,51,4.901880741119385,4.901880741119385,0.2927267551422119,0.2927267551422119,0.00022477030870504677,0.0,0.0,2.0,1,0.0,0.0,0.0,gamma_fixed
math500_10,math500,52,2.6908962726593018,2.6908962726593018,0.5734111070632935,0.5734111070632935,0.02087382972240448,1.0,3.0,4.0,1,0.75,1.0,0.75,gamma_fixed
math500_10,math500,53,5.393106460571289,5.393106460571289,0.3908415138721466,0.3908415138721466,2.062479870801326e-05,1.0,1.0,4.0,1,0.25,0.3333333333333333,0.25,gamma_fixed
math500_10,math500,54,3.5546863079071045,3.5546863079071045,0.38197416067123413,0.38197416067123413,0.8255324363708496,1.0,3.0,5.0,1,0.75,0.75,0.75,gamma_fixed
math500_10,math500,55,7.757396697998047,7.757396697998047,0.14392304420471191,0.14392304420471191,1.291243076324463,1.0,2.0,3.0,1,0.5,1.0,0.5,gamma_fixed
math500_10,math500,56,3.8445587158203125,3.8445587158203125,0.19942747056484222,0.19942747056484222,0.42878204584121704,1.0,1.0,3.0,1,0.25,0.5,0.25,gamma_fixed
math500_10,math500,57,3.115446090698242,3.115446090698242,0.3925628662109375,0.3925628662109375,1.543764352798462,1.0,2.0,3.0,1,0.5,1.0,0.5,gamma_fixed
math500_10,math500,58,4.315179824829102,4.315179824829102,0.3985501825809479,0.3985501825809479,2.086695432662964,1.0,1.0,3.0,1,0.25,0.5,0.25,gamma_fixed
math500_10,math500,59,3.208031177520752,3.208031177520752,0.5167705416679382,0.5167705416679382,0.872373104095459,1.0,1.0,2.0,1,0.25,1.0,0.25,gamma_fixed
math500_10,math500,60,2.7922518253326416,2.7922518253326416,0.6139799952507019,0.6139799952507019,0.003534488845616579,0.0,0.0,2.0,1,0.0,0.0,0.0,gamma_fixed
math500_10,math500,61,4.076953411102295,4.076953411102295,0.5109995007514954,0.5109995007514954,1.3949480056762695,0.0,0.0,2.0,1,0.0,0.0,0.0,gamma_fixed
math500_10,math500,62,5.709625244140625,5.709625244140625,0.20415674149990082,0.20415674149990082,0.04243585094809532,0.0,0.0,2.0,1,0.0,0.0,0.0,gamma_fixed
math500_10,math500,63,1.2006816864013672,1.2006816864013672,0.8723220229148865,0.8723220229148865,0.01578776352107525,0.0,0.0,2.0,1,0.0,0.0,0.0,gamma_fixed
math500_10,math500,64,4.266953468322754,4.266953468322754,0.36913901567459106,0.36913901567459106,8.830787555780262e-05,1.0,1.0,2.0,1,0.25,1.0,0.25,gamma_fixed
math500_10,math500,65,4.461522102355957,4.461522102355957,0.2465006560087204,0.2465006560087204,2.9801267373841256e-05,0.0,0.0,2.0,1,0.0,0.0,0.0,gamma_fixed
math500_10,math500,66,4.938939571380615,4.938939571380615,0.3362690508365631,0.3362690508365631,4.8275549488607794e-05,0.0,0.0,2.0,1,0.0,0.0,0.0,gamma_fixed
math500_10,math500,67,6.0480146408081055,6.0480146408081055,0.1746245175600052,0.1746245175600052,1.1606744527816772,0.0,0.0,2.0,1,0.0,0.0,0.0,gamma_fixed
math500_10,math500,68,5.42702579498291,5.42702579498291,0.25432541966438293,0.25432541966438293,1.178358793258667,0.0,0.0,2.0,1,0.0,0.0,0.0,gamma_fixed
math500_10,math500,69,4.034247398376465,4.034247398376465,0.29444700479507446,0.29444700479507446,0.4888511896133423,1.0,3.0,5.0,1,0.75,0.75,0.75,gamma_fixed
math500_10,math500,70,4.753647804260254,4.753647804260254,0.4338914453983307,0.4338914453983307,0.1872478425502777,0.0,0.0,2.0,1,0.0,0.0,0.0,gamma_fixed
math500_10,math500,71,4.372468948364258,4.372468948364258,0.3442434072494507,0.3442434072494507,9.967856749426574e-05,0.0,0.0,2.0,1,0.0,0.0,0.0,gamma_fixed
math500_10,math500,72,0.10823394358158112,0.10823394358158112,0.9907731413841248,0.9907731413841248,1.5144822100410238e-05,1.0,4.0,5.0,1,1.0,1.0,1.0,gamma_fixed
math500_10,math500,73,1.9997082948684692,1.9997082948684692,0.7366340756416321,0.7366340756416321,0.47308415174484253,1.0,4.0,5.0,1,1.0,1.0,1.0,gamma_fixed
math500_10,math500,74,3.2416272163391113,3.2416272163391113,0.47167515754699707,0.47167515754699707,0.7654065489768982,1.0,1.0,3.0,1,0.25,0.5,0.25,gamma_fixed
math500_10,math500,75,5.885647296905518,5.885647296905518,0.15884225070476532,0.15884225070476532,1.7250397205352783,0.0,0.0,2.0,1,0.0,0.0,0.0,gamma_fixed
math500_10,math500,76,3.665426731109619,3.665426731109619,0.22730892896652222,0.22730892896652222,0.006006659474223852,1.0,1.0,2.0,1,0.25,1.0,0.25,gamma_fixed
math500_10,math500,77,7.336276531219482,7.336276531219482,0.19942747056484222,0.19942747056484222,2.0549509525299072,0.0,0.0,2.0,1,0.0,0.0,0.0,gamma_fixed
math500_10,math500,78,9.832916259765625,9.832916259765625,0.08840902149677277,0.08840902149677277,1.4363762140274048,0.0,0.0,2.0,1,0.0,0.0,0.0,gamma_fixed
math500_10,math500,79,4.953088760375977,4.953088760375977,0.2073717564344406,0.2073717564344406,0.050315819680690765,0.0,0.0,2.0,1,0.0,0.0,0.0,gamma_fixed
math500_10,math500,80,3.4830777645111084,3.4830777645111084,0.5907471776008606,0.5907471776008606,0.7614833116531372,0.0,0.0,2.0,1,0.0,0.0,0.0,gamma_fixed
math500_10,math500,81,3.8462438583374023,3.8462438583374023,0.42758193612098694,0.42758193612098694,0.007462466135621071,1.0,1.0,3.0,1,0.25,0.5,0.25,gamma_fixed
math500_10,math500,82,3.699509382247925,3.699509382247925,0.5991716980934143,0.5991716980934143,0.4676034152507782,1.0,1.0,3.0,1,0.25,0.5,0.25,gamma_fixed
math500_10,math500,83,6.793814182281494,6.793814182281494,0.17651048302650452,0.17651048302650452,0.2332412749528885,0.0,0.0,2.0,1,0.0,0.0,0.0,gamma_fixed
math500_10,math500,84,4.624092102050781,4.624092102050781,0.18606846034526825,0.18606846034526825,3.6335337162017822,0.0,0.0,2.0,1,0.0,0.0,0.0,gamma_fixed
math500_10,math500,85,2.457120418548584,2.457120418548584,0.703416109085083,0.703416109085083,0.1140073910355568,1.0,2.0,3.0,1,0.5,1.0,0.5,gamma_fixed
math500_10,math500,86,6.713208198547363,6.713208198547363,0.17428378760814667,0.17428378760814667,8.377992344321683e-06,0.0,0.0,2.0,1,0.0,0.0,0.0,gamma_fixed
math500_10,math500,87,4.171084403991699,4.171084403991699,0.4099985957145691,0.4099985957145691,3.3130851079477e-05,0.0,0.0,2.0,1,0.0,0.0,0.0,gamma_fixed
math500_10,math500,88,7.733679294586182,7.733679294586182,0.0984349474310875,0.0984349474310875,5.996012646392046e-07,0.0,0.0,2.0,1,0.0,0.0,0.0,gamma_fixed
math500_10,math500,89,5.288663864135742,5.288663864135742,0.2760676443576813,0.2760676443576813,0.0015689213760197163,0.0,0.0,2.0,1,0.0,0.0,0.0,gamma_fixed
math500_10,math500,90,1.2675855159759521,1.2675855159759521,0.7774710059165955,0.7774710059165955,0.04842788353562355,0.0,0.0,2.0,1,0.0,0.0,0.0,gamma_fixed
math500_10,math500,91,4.361263275146484,4.361263275146484,0.2938724756240845,0.2938724756240845,0.0012092279503121972,0.0,0.0,2.0,1,0.0,0.0,0.0,gamma_fixed
math500_10,math500,92,5.076706409454346,5.076706409454346,0.48593536019325256,0.48593536019325256,0.0002113703085342422,0.0,0.0,2.0,1,0.0,0.0,0.0,gamma_fixed
math500_10,math500,93,7.315204620361328,7.315204620361328,0.2465006560087204,0.2465006560087204,0.009549594484269619,1.0,1.0,3.0,1,0.25,0.5,0.25,gamma_fixed
math500_10,math500,94,3.3702869415283203,3.3702869415283203,0.724328875541687,0.724328875541687,0.061724159866571426,0.0,0.0,3.0,1,0.0,0.0,0.0,gamma_fixed
math500_10,math500,95,5.293179512023926,5.293179512023926,0.19826236367225647,0.19826236367225647,1.4383785724639893,1.0,3.0,4.0,1,0.75,1.0,0.75,gamma_fixed
math500_10,math500,96,4.403552055358887,4.403552055358887,0.251853883266449,0.251853883266449,0.001752600190229714,0.0,0.0,2.0,1,0.0,0.0,0.0,gamma_fixed
math500_10,math500,97,3.9047329425811768,3.9047329425811768,0.42156997323036194,0.42156997323036194,3.054109402000904e-05,0.0,0.0,2.0,1,0.0,0.0,0.0,gamma_fixed
math500_10,math500,98,3.8590002059936523,3.8590002059936523,0.691328227519989,0.691328227519989,4.514723968895851e-06,1.0,4.0,5.0,1,1.0,1.0,1.0,gamma_fixed
math500_10,math500,99,3.0014281272888184,3.0014281272888184,0.5936387181282043,0.5936387181282043,0.6133232116699219,1.0,2.0,3.0,1,0.5,1.0,0.5,gamma_fixed
math500_10,math500,100,0.6615145206451416,0.6615145206451416,0.9246230721473694,0.9246230721473694,1.9852371215820312,1.0,1.0,3.0,1,0.25,0.5,0.25,gamma_fixed
math500_10,math500,101,3.5069093704223633,3.5069093704223633,0.3874214291572571,0.3874214291572571,0.023083698004484177,0.0,0.0,2.0,1,0.0,0.0,0.0,gamma_fixed
math500_10,math500,102,2.8559250831604004,2.8559250831604004,0.38440650701522827,0.38440650701522827,1.0794421434402466,0.0,0.0,2.0,1,0.0,0.0,0.0,gamma_fixed
math500_10,math500,103,2.0734708309173584,2.0734708309173584,0.7350172400474548,0.7350172400474548,0.1716724932193756,0.0,0.0,2.0,1,0.0,0.0,0.0,gamma_fixed
math500_10,math500,104,2.0206284523010254,2.0206284523010254,0.47607138752937317,0.47607138752937317,0.3371674418449402,1.0,3.0,5.0,1,0.75,0.75,0.75,gamma_fixed
math500_10,math500,105,4.274916648864746,4.274916648864746,0.3392375409603119,0.3392375409603119,2.576303243637085,0.0,0.0,2.0,1,0.0,0.0,0.0,gamma_fixed
math500_10,math500,106,3.616002082824707,3.616002082824707,0.37641963362693787,0.37641963362693787,2.4489569664001465,1.0,3.0,4.0,1,0.75,1.0,0.75,gamma_fixed
math500_10,math500,107,2.9877943992614746,2.9877943992614746,0.593059241771698,0.593059241771698,0.056214749813079834,1.0,1.0,4.0,1,0.25,0.3333333333333333,0.25,gamma_fixed
math500_10,math500,108,2.2604165077209473,2.2604165077209473,0.7312584519386292,0.7312584519386292,1.4069335460662842,0.0,0.0,2.0,1,0.0,0.0,0.0,gamma_fixed
math500_10,math500,109,2.708779811859131,2.708779811859131,0.5878696441650391,0.5878696441650391,1.2597746849060059,0.0,0.0,2.0,1,0.0,0.0,0.0,gamma_fixed
math500_10,math500,110,4.145108222961426,4.145108222961426,0.3284793794155121,0.3284793794155121,0.015948014333844185,1.0,1.0,2.0,1,0.25,1.0,0.25,gamma_fixed
math500_10,math500,111,4.00990629196167,4.00990629196167,0.24434363842010498,0.24434363842010498,0.4704137444496155,1.0,1.0,3.0,1,0.25,0.5,0.25,gamma_fixed
math500_10,math500,112,4.173828125,4.173828125,0.5617714524269104,0.5617714524269104,6.60684600006789e-05,0.0,0.0,2.0,1,0.0,0.0,0.0,gamma_fixed
math500_10,math500,113,1.6586072444915771,1.6586072444915771,0.8369604349136353,0.8369604349136353,2.1215366359683685e-05,0.0,0.0,2.0,1,0.0,0.0,0.0,gamma_fixed
math500_10,math500,114,2.9482975006103516,2.9482975006103516,0.36895880103111267,0.36895880103111267,1.2262344360351562,0.0,0.0,2.0,1,0.0,0.0,0.0,gamma_fixed
math500_10,math500,115,3.5767829418182373,3.5767829418182373,0.3439074158668518,0.3439074158668518,1.7376186847686768,1.0,1.0,3.0,1,0.25,0.5,0.25,gamma_fixed
math500_10,math500,116,4.885402679443359,4.885402679443359,0.2634255886077881,0.2634255886077881,0.32946833968162537,0.0,0.0,2.0,1,0.0,0.0,0.0,gamma_fixed
math500_10,math500,117,3.695345878601074,3.695345878601074,0.3632386326789856,0.3632386326789856,0.9056004285812378,0.0,0.0,2.0,1,0.0,0.0,0.0,gamma_fixed
math500_10,math500,118,4.750587463378906,4.750587463378906,0.32624155282974243,0.32624155282974243,1.5549523830413818,1.0,1.0,2.0,1,0.25,1.0,0.25,gamma_fixed
math500_10,math500,119,2.6728157997131348,2.6728157997131348,0.6392180323600769,0.6392180323600769,0.38103824853897095,1.0,1.0,3.0,1,0.25,0.5,0.25,gamma_fixed
math500_10,math500,120,3.937453508377075,3.937453508377075,0.3091810941696167,0.3091810941696167,0.5350591540336609,1.0,1.0,4.0,1,0.25,0.3333333333333333,0.25,gamma_fixed
math500_10,math500,121,3.788978099822998,3.788978099822998,0.5711756348609924,0.5711756348609924,9.729164958116598e-06,1.0,4.0,5.0,1,1.0,1.0,1.0,gamma_fixed
math500_10,math500,122,2.397385358810425,2.397385358810425,0.577908456325531,0.577908456325531,0.003746242029592395,1.0,1.0,3.0,1,0.25,0.5,0.25,gamma_fixed
math500_10,math500,123,1.0133235454559326,1.0133235454559326,0.7674757838249207,0.7674757838249207,0.0005685006035491824,1.0,4.0,5.0,1,1.0,1.0,1.0,gamma_fixed
math500_10,math500,124,5.1428070068359375,5.1428070068359375,0.2203153669834137,0.2203153669834137,5.4001884564058855e-06,0.0,0.0,2.0,1,0.0,0.0,0.0,gamma_fixed
math500_10,math500,125,0.17740923166275024,0.17740923166275024,0.9838506579399109,0.9838506579399109,0.04220360144972801,1.0,3.0,4.0,1,0.75,1.0,0.75,gamma_fixed
math500_10,math500,126,7.7161383628845215,7.7161383628845215,0.15868718922138214,0.15868718922138214,4.064430686412379e-05,0.0,0.0,2.0,1,0.0,0.0,0.0,gamma_fixed
math500_10,math500,127,4.899046421051025,4.899046421051025,0.2915855348110199,0.2915855348110199,0.3649413287639618,1.0,2.0,4.0,1,0.5,0.6666666666666666,0.5,gamma_fixed
math500_10,math500,128,0.6233360767364502,0.6233360767364502,0.9244537949562073,0.9244537949562073,5.166584742255509e-06,1.0,3.0,4.0,1,0.75,1.0,0.75,gamma_fixed
math500_10,math500,129,4.011608600616455,4.011608600616455,0.49794504046440125,0.49794504046440125,8.645882189739496e-06,0.0,0.0,2.0,1,0.0,0.0,0.0,gamma_fixed
math500_10,math500,130,4.098891735076904,4.098891735076904,0.29820892214775085,0.29820892214775085,1.0319530963897705,1.0,1.0,4.0,1,0.25,0.3333333333333333,0.25,gamma_fixed
math500_10,math500,131,2.1898365020751953,2.1898365020751953,0.5927697420120239,0.5927697420120239,1.0619081258773804,1.0,1.0,3.0,1,0.25,0.5,0.25,gamma_fixed
math500_10,math500,132,5.619801044464111,5.619801044464111,0.4737524688243866,0.4737524688243866,6.144302460597828e-05,1.0,1.0,2.0,1,0.25,1.0,0.25,gamma_fixed
math500_10,math500,133,2.517886161804199,2.517886161804199,0.6513481736183167,0.6513481736183167,0.043494902551174164,1.0,3.0,5.0,1,0.75,0.75,0.75,gamma_fixed
math500_10,math500,134,5.057070732116699,5.057070732116699,0.3252871632575989,0.3252871632575989,0.001018703798763454,0.0,0.0,2.0,1,0.0,0.0,0.0,gamma_fixed
math500_10,math500,135,6.6763715744018555,6.6763715744018555,0.1990383416414261,0.1990383416414261,7.214757351903245e-05,1.0,1.0,2.0,1,0.25,1.0,0.25,gamma_fixed
math500_10,math500,136,1.6045665740966797,1.6045665740966797,0.7495141625404358,0.7495141625404358,0.994985044002533,1.0,3.0,5.0,1,0.75,0.75,0.75,gamma_fixed
math500_10,math500,137,6.0894269943237305,6.0894269943237305,0.1447688192129135,0.1447688192129135,1.0302824974060059,1.0,3.0,5.0,1,0.75,0.75,0.75,gamma_fixed
math500_10,math500,138,0.18808448314666748,0.18808448314666748,0.9833704233169556,0.9833704233169556,1.5162758827209473,1.0,1.0,3.0,1,0.25,0.5,0.25,gamma_fixed
math500_10,math500,139,1.9680421352386475,1.9680421352386475,0.6513481736183167,0.6513481736183167,0.02419884502887726,0.0,0.0,2.0,1,0.0,0.0,0.0,gamma_fixed
math500_10,math500,140,3.9273431301116943,3.9273431301116943,0.4986749589443207,0.4986749589443207,1.6658542156219482,1.0,2.0,3.0,1,0.5,1.0,0.5,gamma_fixed
math500_10,math500,141,2.06893253326416,2.06893253326416,0.6896424293518066,0.6896424293518066,0.6402443647384644,1.0,2.0,4.0,1,0.5,0.6666666666666666,0.5,gamma_fixed
math500_10,math500,142,4.612296104431152,4.612296104431152,0.3866654932498932,0.3866654932498932,0.0046768877655267715,0.0,0.0,2.0,1,0.0,0.0,0.0,gamma_fixed
math500_10,math500,143,4.273427963256836,4.273427963256836,0.34796127676963806,0.34796127676963806,0.2338794469833374,1.0,1.0,2.0,1,0.25,1.0,0.25,gamma_fixed
math500_10,math500,144,3.7680306434631348,3.7680306434631348,0.31961920857429504,0.31961920857429504,0.272965669631958,1.0,3.0,4.0,1,0.75,1.0,0.75,gamma_fixed
math500_10,math500,145,3.3844900131225586,3.3844900131225586,0.5670074224472046,0.5670074224472046,0.5499129891395569,0.0,0.0,2.0,1,0.0,0.0,0.0,gamma_fixed
math500_10,math500,146,1.967908263206482,1.967908263206482,0.7172898054122925,0.7172898054122925,0.01643015816807747,1.0,3.0,4.0,1,0.75,1.0,0.75,gamma_fixed
math500_10,math500,147,7.3122968673706055,7.3122968673706055,0.22620172798633575,0.22620172798633575,6.5278541114821564e-06,0.0,0.0,2.0,1,0.0,0.0,0.0,gamma_fixed
math500_10,math500,148,6.587782859802246,6.587782859802246,0.21002118289470673,0.21002118289470673,0.7650306820869446,0.0,0.0,2.0,1,0.0,0.0,0.0,gamma_fixed
math500_10,math500,149,2.8597302436828613,2.8597302436828613,0.4522785544395447,0.4522785544395447,2.2590420246124268,1.0,1.0,3.0,1,0.25,0.5,0.25,gamma_fixed
math500_10,math500,150,4.606959342956543,4.606959342956543,0.3435717225074768,0.3435717225074768,0.00023674113617744297,0.0,0.0,2.0,1,0.0,0.0,0.0,gamma_fixed
math500_10,math500,151,3.960365056991577,3.960365056991577,0.33430448174476624,0.33430448174476624,3.8992187910480425e-05,1.0,1.0,3.0,1,0.25,0.5,0.25,gamma_fixed
math500_10,math500,152,6.850264072418213,6.850264072418213,0.18408037722110748,0.18408037722110748,3.112417221069336,0.0,0.0,2.0,1,0.0,0.0,0.0,gamma_fixed
math500_10,math500,153,3.630610942840576,3.630610942840576,0.5350000858306885,0.5350000858306885,1.3540037870407104,1.0,3.0,4.0,1,0.75,1.0,0.75,gamma_fixed
math500_10,math500,154,5.991399765014648,5.991399765014648,0.21584318578243256,0.21584318578243256,1.1203309297561646,0.0,0.0,2.0,1,0.0,0.0,0.0,gamma_fixed
math500_10,math500,155,4.611781120300293,4.611781120300293,0.44137030839920044,0.44137030839920044,0.04304211586713791,0.0,0.0,2.0,1,0.0,0.0,0.0,gamma_fixed
math500_10,math500,156,8.35017204284668,8.35017204284668,0.0838676244020462,0.0838676244020462,0.00022041656484361738,0.0,0.0,2.0,1,0.0,0.0,0.0,gamma_fixed
math500_10,math500,157,2.0479631423950195,2.0479631423950195,0.4016760587692261,0.4016760587692261,0.9588027000427246,1.0,4.0,5.0,1,1.0,1.0,1.0,gamma_fixed
math500_10,math500,158,6.669658660888672,6.669658660888672,0.31527912616729736,0.31527912616729736,0.5130428671836853,0.0,0.0,2.0,1,0.0,0.0,0.0,gamma_fixed
math500_10,math500,159,3.156403064727783,3.156403064727783,0.3868543207645416,0.3868543207645416,0.10633859038352966,1.0,1.0,2.0,1,0.25,1.0,0.25,gamma_fixed
math500_10,math500,160,2.6099162101745605,2.6099162101745605,0.5381441116333008,0.5381441116333008,0.47309568524360657,1.0,1.0,3.0,1,0.25,0.5,0.25,gamma_fixed
math500_10,math500,161,4.187193870544434,4.187193870544434,0.316822350025177,0.316822350025177,0.008344409056007862,0.0,0.0,2.0,1,0.0,0.0,0.0,gamma_fixed
math500_10,math500,162,3.1734743118286133,3.1734743118286133,0.43030470609664917,0.43030470609664917,1.5556461811065674,1.0,3.0,5.0,1,0.75,0.75,0.75,gamma_fixed
math500_10,math500,163,4.164351463317871,4.164351463317871,0.23821771144866943,0.23821771144866943,0.6647827625274658,0.0,0.0,2.0,1,0.0,0.0,0.0,gamma_fixed
math500_10,math500,164,4.522101879119873,4.522101879119873,0.22998838126659393,0.22998838126659393,1.5097417831420898,1.0,1.0,3.0,1,0.25,0.5,0.25,gamma_fixed
math500_10,math500,165,4.662933826446533,4.662933826446533,0.49214377999305725,0.49214377999305725,0.00022738610277883708,0.0,0.0,2.0,1,0.0,0.0,0.0,gamma_fixed
math500_10,math500,166,2.5732946395874023,2.5732946395874023,0.4132142663002014,0.4132142663002014,1.3147711753845215,1.0,2.0,4.0,1,0.5,0.6666666666666666,0.5,gamma_fixed
math500_10,math500,167,3.442016124725342,3.442016124725342,0.32624155282974243,0.32624155282974243,0.006376825273036957,0.0,0.0,2.0,1,0.0,0.0,0.0,gamma_fixed
math500_10,math500,168,4.347597122192383,4.347597122192383,0.2331543266773224,0.2331543266773224,0.2384452372789383,0.0,0.0,2.0,1,0.0,0.0,0.0,gamma_fixed
math500_10,math500,169,3.303044557571411,3.303044557571411,0.3520629405975342,0.3520629405975342,2.8964052200317383,1.0,4.0,5.0,1,1.0,1.0,1.0,gamma_fixed
math500_10,math500,170,4.100970268249512,4.100970268249512,0.21711161732673645,0.21711161732673645,0.00012008087651338428,0.0,0.0,2.0,1,0.0,0.0,0.0,gamma_fixed
math500_10,math500,171,4.55346155166626,4.55346155166626,0.2593415379524231,0.2593415379524231,1.683495283126831,1.0,1.0,2.0,1,0.25,1.0,0.25,gamma_fixed
math500_10,math500,172,0.16885510087013245,0.16885510087013245,0.9834904074668884,0.9834904074668884,2.8800088784919353e-06,1.0,3.0,4.0,1,0.75,1.0,0.75,gamma_fixed
math500_10,math500,173,2.3911325931549072,2.3911325931549072,0.6807763576507568,0.6807763576507568,1.0715885162353516,1.0,2.0,3.0,1,0.5,1.0,0.5,gamma_fixed
math500_10,math500,174,4.588907718658447,4.588907718658447,0.2634255886077881,0.2634255886077881,2.3633861541748047,0.0,0.0,2.0,1,0.0,0.0,0.0,gamma_fixed
math500_10,math500,175,5.0064191818237305,5.0064191818237305,0.5670074224472046,0.5670074224472046,0.12448082119226456,0.0,0.0,2.0,1,0.0,0.0,0.0,gamma_fixed
math500_10,math500,176,3.5324289798736572,3.5324289798736572,0.3859110176563263,0.3859110176563263,6.932402175152674e-05,0.0,0.0,2.0,1,0.0,0.0,0.0,gamma_fixed
math500_10,math500,177,4.393099784851074,4.393099784851074,0.554413914680481,0.554413914680481,0.0010114777833223343,0.0,0.0,2.0,1,0.0,0.0,0.0,gamma_fixed
math500_10,math500,178,1.5419697761535645,1.5419697761535645,0.8422900438308716,0.8422900438308716,1.1225202083587646,1.0,2.0,4.0,1,0.5,0.6666666666666666,0.5,gamma_fixed
math500_10,math500,179,2.1791326999664307,2.1791326999664307,0.42280682921409607,0.42280682921409607,0.0002860720851458609,1.0,2.0,3.0,1,0.5,1.0,0.5,gamma_fixed
math500_10,math500,180,5.150268077850342,5.150268077850342,0.553602397441864,0.553602397441864,1.456275668942908e-07,0.0,0.0,2.0,1,0.0,0.0,0.0,gamma_fixed
math500_10,math500,181,5.708219528198242,5.708219528198242,0.3650165796279907,0.3650165796279907,0.12032166868448257,1.0,2.0,3.0,1,0.5,1.0,0.5,gamma_fixed
math500_10,math500,182,7.554831504821777,7.554831504821777,0.20616024732589722,0.20616024732589722,3.76733805751428e-05,1.0,1.0,3.0,1,0.25,0.5,0.25,gamma_fixed
math500_10,math500,183,5.764245986938477,5.764245986938477,0.4605238437652588,0.4605238437652588,8.630183856439544e-08,0.0,0.0,2.0,1,0.0,0.0,0.0,gamma_fixed
math500_10,math500,184,6.0843119621276855,6.0843119621276855,0.31435683369636536,0.31435683369636536,0.9775501489639282,1.0,2.0,4.0,1,0.5,0.6666666666666666,0.5,gamma_fixed
math500_10,math500,185,6.590282440185547,6.590282440185547,0.1557699590921402,0.1557699590921402,1.6969609260559082,1.0,1.0,4.0,1,0.25,0.3333333333333333,0.25,gamma_fixed
math500_10,math500,186,3.959132194519043,3.959132194519043,0.5045531988143921,0.5045531988143921,0.6362670660018921,1.0,2.0,5.0,1,0.5,0.5,0.5,gamma_fixed
math500_10,math500,187,0.02944665588438511,0.02944665588438511,0.9979497790336609,0.9979497790336609,0.6008849740028381,1.0,2.0,4.0,1,0.5,0.6666666666666666,0.5,gamma_fixed
math500_10,math500,188,5.543631553649902,5.543631553649902,0.20158129930496216,0.20158129930496216,0.0022597340866923332,0.0,0.0,2.0,1,0.0,0.0,0.0,gamma_fixed
math500_10,math500,189,1.4571895599365234,1.4571895599365234,0.7955196499824524,0.7955196499824524,7.699885827605613e-06,1.0,2.0,4.0,1,0.5,0.6666666666666666,0.5,gamma_fixed
math500_10,math500,190,1.9325659275054932,1.9325659275054932,0.7918379902839661,0.7918379902839661,0.23034945130348206,1.0,2.0,4.0,1,0.5,0.6666666666666666,0.5,gamma_fixed
math500_10,math500,191,3.484816551208496,3.484816551208496,0.49190354347229004,0.49190354347229004,1.2160232067108154,0.0,0.0,2.0,1,0.0,0.0,0.0,gamma_fixed
math500_10,math500,192,0.578494668006897,0.578494668006897,0.9360933899879456,0.9360933899879456,0.9754406213760376,1.0,2.0,4.0,1,0.5,0.6666666666666666,0.5,gamma_fixed
math500_10,math500,193,7.045199871063232,7.045199871063232,0.21479184925556183,0.21479184925556183,2.2268059253692627,1.0,1.0,2.0,1,0.25,1.0,0.25,gamma_fixed
math500_10,math500,194,3.4291679859161377,3.4291679859161377,0.6279265880584717,0.6279265880584717,0.08155054599046707,0.0,0.0,2.0,1,0.0,0.0,0.0,gamma_fixed
math500_10,math500,195,1.5838940143585205,1.5838940143585205,0.8333921432495117,0.8333921432495117,0.6196466684341431,0.0,0.0,2.0,1,0.0,0.0,0.0,gamma_fixed
math500_10,math500,196,4.0996904373168945,4.0996904373168945,0.2110491842031479,0.2110491842031479,0.04936479032039642,1.0,3.0,4.0,1,0.75,1.0,0.75,gamma_fixed
math500_10,math500,197,10.046302795410156,10.046302795410156,0.036141537129879,0.036141537129879,2.3108304958441295e-06,0.0,0.0,2.0,1,0.0,0.0,0.0,gamma_fixed
math500_10,math500,198,2.817995548248291,2.817995548248291,0.7005026936531067,0.7005026936531067,1.2293885946273804,1.0,1.0,2.0,1,0.25,1.0,0.25,gamma_fixed
math500_10,math500,199,2.497015953063965,2.497015953063965,0.6871215105056763,0.6871215105056763,1.0432990789413452,1.0,2.0,4.0,1,0.5,0.6666666666666666,0.5,gamma_fixed
math500_10,math500,200,8.311716079711914,8.311716079711914,0.08224547654390335,0.08224547654390335,2.327441930770874,1.0,2.0,5.0,1,0.5,0.5,0.5,gamma_fixed
math500_10,math500,201,0.22674553096294403,0.22674553096294403,0.9849997758865356,0.9849997758865356,0.0006211065920069814,1.0,4.0,5.0,1,1.0,1.0,1.0,gamma_fixed
math500_10,math500,202,0.22228461503982544,0.22228461503982544,0.9860750436782837,0.9860750436782837,0.0012662969529628754,1.0,2.0,4.0,1,0.5,0.6666666666666666,0.5,gamma_fixed
math500_10,math500,203,5.338577747344971,5.338577747344971,0.20217272639274597,0.20217272639274597,0.7717815637588501,0.0,0.0,2.0,1,0.0,0.0,0.0,gamma_fixed
math500_10,math500,204,2.43143367767334,2.43143367767334,0.6712043285369873,0.6712043285369873,0.011232765391469002,0.0,0.0,2.0,1,0.0,0.0,0.0,gamma_fixed
math500_10,math500,205,3.9830806255340576,3.9830806255340576,0.6546961665153503,0.6546961665153503,0.9952930808067322,0.0,0.0,2.0,1,0.0,0.0,0.0,gamma_fixed
math500_10,math500,206,8.346895217895508,8.346895217895508,0.10457900166511536,0.10457900166511536,1.101263364944316e-07,0.0,0.0,2.0,1,0.0,0.0,0.0,gamma_fixed
math500_10,math500,207,0.00618561590090394,0.00618561590090394,0.9996613264083862,0.9996613264083862,2.0812251567840576,1.0,3.0,4.0,1,0.75,1.0,0.75,gamma_fixed
math500_10,math500,208,3.211458921432495,3.211458921432495,0.27850469946861267,0.27850469946861267,0.13112801313400269,0.0,0.0,2.0,1,0.0,0.0,0.0,gamma_fixed
math500_10,math500,209,3.843919277191162,3.843919277191162,0.2927267551422119,0.2927267551422119,2.4425415992736816,0.0,0.0,2.0,1,0.0,0.0,0.0,gamma_fixed
math500_10,math500,210,2.158404588699341,2.158404588699341,0.6112877726554871,0.6112877726554871,1.1204107999801636,1.0,1.0,3.0,1,0.25,0.5,0.25,gamma_fixed
math500_10,math500,211,4.188548564910889,4.188548564910889,0.21500170230865479,0.21500170230865479,2.134675979614258,1.0,1.0,3.0,1,0.25,0.5,0.25,gamma_fixed
math500_10,math500,212,3.817767381668091,3.817767381668091,0.6035763025283813,0.6035763025283813,0.00017387245316058397,0.0,0.0,2.0,1,0.0,0.0,0.0,gamma_fixed
math500_10,math500,213,3.097243309020996,3.097243309020996,0.6285400390625,0.6285400390625,0.9609771370887756,0.0,0.0,2.0,1,0.0,0.0,0.0,gamma_fixed
math500_10,math500,214,3.6260550022125244,3.6260550022125244,0.6285400390625,0.6285400390625,6.099672646087129e-06,1.0,4.0,5.0,1,1.0,1.0,1.0,gamma_fixed
math500_10,math500,215,2.473726749420166,2.473726749420166,0.532914400100708,0.532914400100708,0.004219424445182085,0.0,0.0,2.0,1,0.0,0.0,0.0,gamma_fixed
math500_10,math500,216,0.9594907760620117,0.9594907760620117,0.869557797908783,0.869557797908783,0.01884027011692524,0.0,0.0,2.0,1,0.0,0.0,0.0,gamma_fixed
math500_10,math500,217,5.078402996063232,5.078402996063232,0.35413187742233276,0.35413187742233276,0.00042362703243270516,1.0,1.0,2.0,1,0.25,1.0,0.25,gamma_fixed
math500_10,math500,218,1.0271363258361816,1.0271363258361816,0.9289220571517944,0.9289220571517944,3.898311661032494e-06,1.0,1.0,3.0,1,0.25,0.5,0.25,gamma_fixed
math500_10,math500,219,8.262327194213867,8.262327194213867,0.2498939335346222,0.2498939335346222,0.006443668156862259,0.0,0.0,2.0,1,0.0,0.0,0.0,gamma_fixed
math500_10,math500,220,2.440107822418213,2.440107822418213,0.7137959599494934,0.7137959599494934,0.8165926933288574,1.0,2.0,4.0,1,0.5,0.6666666666666666,0.5,gamma_fixed
math500_10,math500,221,4.950892925262451,4.950892925262451,0.352751225233078,0.352751225233078,2.214233875274658,1.0,2.0,4.0,1,0.5,0.6666666666666666,0.5,gamma_fixed
math500_10,math500,222,3.538656234741211,3.538656234741211,0.6593479514122009,0.6593479514122009,0.00048328182310797274,0.0,0.0,2.0,1,0.0,0.0,0.0,gamma_fixed
math500_10,math500,223,2.7271132469177246,2.7271132469177246,0.4753744900226593,0.4753744900226593,0.7904512882232666,1.0,1.0,4.0,1,0.25,0.3333333333333333,0.25,gamma_fixed
math500_10,math500,224,4.84767484664917,4.84767484664917,0.25682124495506287,0.25682124495506287,0.08470407128334045,0.0,0.0,2.0,1,0.0,0.0,0.0,gamma_fixed
math500_10,math500,225,2.830695152282715,2.830695152282715,0.7413248419761658,0.7413248419761658,1.1124683396701585e-06,0.0,0.0,2.0,1,0.0,0.0,0.0,gamma_fixed
math500_10,math500,226,3.5578792095184326,3.5578792095184326,0.6359491348266602,0.6359491348266602,8.98813595995307e-06,1.0,1.0,2.0,1,0.25,1.0,0.25,gamma_fixed
math500_10,math500,227,8.056486129760742,8.056486129760742,0.1403147429227829,0.1403147429227829,0.278438925743103,1.0,3.0,5.0,1,0.75,0.75,0.75,gamma_fixed
math500_10,math500,228,2.474439859390259,2.474439859390259,0.4124079942703247,0.4124079942703247,0.024082019925117493,0.0,0.0,2.0,1,0.0,0.0,0.0,gamma_fixed
math500_10,math500,229,2.2578678131103516,2.2578678131103516,0.5162661671638489,0.5162661671638489,4.2300169297959656e-05,1.0,4.0,5.0,1,1.0,1.0,1.0,gamma_fixed
math500_10,math500,230,2.7725489139556885,2.7725489139556885,0.6710405349731445,0.6710405349731445,0.0006953070405870676,1.0,2.0,3.0,1,0.5,1.0,0.5,gamma_fixed
math500_10,math500,231,2.347702980041504,2.347702980041504,0.6296151876449585,0.6296151876449585,3.252882957458496,1.0,1.0,4.0,1,0.25,0.3333333333333333,0.25,gamma_fixed
math500_10,math500,232,2.772066593170166,2.772066593170166,0.5200613141059875,0.5200613141059875,1.5250773429870605,0.0,0.0,3.0,1,0.0,0.0,0.0,gamma_fixed
math500_10,math500,233,3.651552677154541,3.651552677154541,0.33956900238990784,0.33956900238990784,1.4938340187072754,0.0,0.0,2.0,1,0.0,0.0,0.0,gamma_fixed
math500_10,math500,234,1.9351463317871094,1.9351463317871094,0.716064989566803,0.716064989566803,0.2482166737318039,0.0,0.0,2.0,1,0.0,0.0,0.0,gamma_fixed
math500_10,math500,235,3.3651814460754395,3.3651814460754395,0.6395301818847656,0.6395301818847656,0.4002041518688202,0.0,0.0,2.0,1,0.0,0.0,0.0,gamma_fixed
math500_10,math500,236,2.975409746170044,2.975409746170044,0.5067753195762634,0.5067753195762634,0.6031229496002197,0.0,0.0,2.0,1,0.0,0.0,0.0,gamma_fixed
math500_10,math500,237,0.32676732540130615,0.32676732540130615,0.9813767671585083,0.9813767671585083,0.00010067450784845278,1.0,3.0,4.0,1,0.75,1.0,0.75,gamma_fixed
math500_10,math500,238,7.985074043273926,7.985074043273926,0.13922280073165894,0.13922280073165894,1.0226337909698486,0.0,0.0,2.0,1,0.0,0.0,0.0,gamma_fixed
math500_10,math500,239,2.803623914718628,2.803623914718628,0.5360460877418518,0.5360460877418518,0.13850845396518707,1.0,2.0,4.0,1,0.5,0.6666666666666666,0.5,gamma_fixed
math500_10,math500,240,9.961097717285156,9.961097717285156,0.09193083643913269,0.09193083643913269,0.0001218212564708665,1.0,1.0,3.0,1,0.25,0.5,0.25,gamma_fixed
math500_10,math500,241,3.285923480987549,3.285923480987549,0.4317779839038849,0.4317779839038849,0.03964504599571228,1.0,1.0,3.0,1,0.25,0.5,0.25,gamma_fixed
math500_10,math500,242,3.4129161834716797,3.4129161834716797,0.6066787838935852,0.6066787838935852,3.4265517570020165e-06,0.0,0.0,2.0,1,0.0,0.0,0.0,gamma_fixed
math500_10,math500,243,5.354228496551514,5.354228496551514,0.5162661671638489,0.5162661671638489,0.0010560575174167752,0.0,0.0,2.0,1,0.0,0.0,0.0,gamma_fixed
math500_10,math500,244,6.205634593963623,6.205634593963623,0.20636165142059326,0.20636165142059326,1.4387129545211792,0.0,0.0,2.0,1,0.0,0.0,0.0,gamma_fixed
math500_10,math500,245,9.352472305297852,9.352472305297852,0.0608813650906086,0.0608813650906086,1.0920823812484741,1.0,2.0,3.0,1,0.5,1.0,0.5,gamma_fixed
math500_10,math500,246,1.7343664169311523,1.7343664169311523,0.7862515449523926,0.7862515449523926,0.004174600355327129,1.0,4.0,5.0,1,1.0,1.0,1.0,gamma_fixed
math500_10,math500,247,7.434162139892578,7.434162139892578,0.1831837296485901,0.1831837296485901,0.8186988830566406,1.0,3.0,4.0,1,0.75,1.0,0.75,gamma_fixed
math500_10,math500,248,4.687835693359375,4.687835693359375,0.3020189106464386,0.3020189106464386,0.11666498333215714,0.0,0.0,2.0,1,0.0,0.0,0.0,gamma_fixed
math500_10,math500,249,5.688587188720703,5.688587188720703,0.3989395797252655,0.3989395797252655,0.0005348785198293626,1.0,1.0,2.0,1,0.25,1.0,0.25,gamma_fixed
math500_10,math500,250,8.170377731323242,8.170377731323242,0.21084317564964294,0.21084317564964294,2.0781608327524737e-06,0.0,0.0,2.0,1,0.0,0.0,0.0,gamma_fixed
math500_10,math500,251,0.5079306364059448,0.5079306364059448,0.9563931822776794,0.9563931822776794,0.9077247381210327,1.0,2.0,4.0,1,0.5,0.6666666666666666,0.5,gamma_fixed
math500_10,math500,252,10.960479736328125,10.960479736328125,0.0296133141964674,0.0296133141964674,1.7505488358438015e-05,1.0,1.0,3.0,1,0.25,0.5,0.25,gamma_fixed
math500_10,math500,253,2.964811086654663,2.964811086654663,0.5439561009407043,0.5439561009407043,0.5340104699134827,1.0,3.0,4.0,1,0.75,1.0,0.75,gamma_fixed
math500_10,math500,254,3.253110885620117,3.253110885620117,0.3548242151737213,0.3548242151737213,0.8556458353996277,0.0,0.0,2.0,1,0.0,0.0,0.0,gamma_fixed
math500_10,math500,255,4.210391521453857,4.210391521453857,0.4259149134159088,0.4259149134159088,0.2600429356098175,0.0,0.0,2.0,1,0.0,0.0,0.0,gamma_fixed
math500_10,math500,256,3.8280515670776367,3.8280515670776367,0.5352614521980286,0.5352614521980286,9.601311603546492e-07,1.0,2.0,3.0,1,0.5,1.0,0.5,gamma_fixed
math500_10,math500,257,3.0985350608825684,3.0985350608825684,0.7436813712120056,0.7436813712120056,3.428220225032419e-05,1.0,2.0,4.0,1,0.5,0.6666666666666666,0.5,gamma_fixed
math500_10,math500,258,3.730515480041504,3.730515480041504,0.3537862002849579,0.3537862002849579,0.8452414870262146,1.0,1.0,4.0,1,0.25,0.3333333333333333,0.25,gamma_fixed
math500_10,math500,259,1.2841274738311768,1.2841274738311768,0.528251051902771,0.528251051902771,0.02387183904647827,1.0,3.0,4.0,1,0.75,1.0,0.75,gamma_fixed
math500_10,math500,260,3.862351655960083,3.862351655960083,0.5087587833404541,0.5087587833404541,1.0660154819488525,0.0,0.0,2.0,1,0.0,0.0,0.0,gamma_fixed
math500_10,math500,261,1.8811700344085693,1.8811700344085693,0.7674757838249207,0.7674757838249207,0.6820166110992432,0.0,0.0,2.0,1,0.0,0.0,0.0,gamma_fixed
math500_10,math500,262,1.7749454975128174,1.7749454975128174,0.5132500529289246,0.5132500529289246,1.0206739902496338,1.0,2.0,4.0,1,0.5,0.6666666666666666,0.5,gamma_fixed
math500_10,math500,263,6.282320022583008,6.282320022583008,0.3425666391849518,0.3425666391849518,1.8609530925750732,0.0,0.0,2.0,1,0.0,0.0,0.0,gamma_fixed
math500_10,math500,264,3.3277740478515625,3.3277740478515625,0.39429178833961487,0.39429178833961487,0.2300613969564438,1.0,1.0,3.0,1,0.25,0.5,0.25,gamma_fixed
math500_10,math500,265,3.4055256843566895,3.4055256843566895,0.2918704152107239,0.2918704152107239,0.04814114794135094,1.0,1.0,5.0,1,0.25,0.25,0.25,gamma_fixed
math500_10,math500,266,3.528332233428955,3.528332233428955,0.47144487500190735,0.47144487500190735,2.100130319595337,1.0,2.0,3.0,1,0.5,1.0,0.5,gamma_fixed
math500_10,math500,267,2.406090259552002,2.406090259552002,0.6682612299919128,0.6682612299919128,1.806809663772583,0.0,0.0,2.0,1,0.0,0.0,0.0,gamma_fixed
math500_10,math500,268,2.58091402053833,2.58091402053833,0.5582168102264404,0.5582168102264404,0.04835701361298561,0.0,0.0,2.0,1,0.0,0.0,0.0,gamma_fixed
math500_10,math500,269,1.6579675674438477,1.6579675674438477,0.7323304414749146,0.7323304414749146,1.0285016298294067,1.0,1.0,4.0,1,0.25,0.3333333333333333,0.25,gamma_fixed
math500_10,math500,270,1.9590967893600464,1.9590967893600464,0.7750073075294495,0.7750073075294495,0.1299426257610321,1.0,1.0,3.0,1,0.25,0.5,0.25,gamma_fixed
math500_10,math500,271,8.576904296875,8.576904296875,0.14210744202136993,0.14210744202136993,0.9181480407714844,0.0,0.0,2.0,1,0.0,0.0,0.0,gamma_fixed
math500_10,math500,272,4.417250156402588,4.417250156402588,0.37076476216316223,0.37076476216316223,2.234616279602051,1.0,1.0,3.0,1,0.25,0.5,0.25,gamma_fixed
math500_10,math500,273,3.3943495750427246,3.3943495750427246,0.504060685634613,0.504060685634613,1.1144859790802002,1.0,1.0,3.0,1,0.25,0.5,0.25,gamma_fixed
math500_10,math500,274,6.720148086547852,6.720148086547852,0.20961138606071472,0.20961138606071472,1.9010984897613525,0.0,0.0,2.0,1,0.0,0.0,0.0,gamma_fixed
math500_10,math500,275,3.1622042655944824,3.1622042655944824,0.5762178301811218,0.5762178301811218,0.02436506748199463,1.0,1.0,3.0,1,0.25,0.5,0.25,gamma_fixed
math500_10,math500,276,1.8552370071411133,1.8552370071411133,0.842187225818634,0.842187225818634,0.0002565234317444265,1.0,2.0,4.0,1,0.5,0.6666666666666666,0.5,gamma_fixed
math500_10,math500,277,6.180942535400391,6.180942535400391,0.1517164260149002,0.1517164260149002,2.5394680500030518,1.0,1.0,2.0,1,0.25,1.0,0.25,gamma_fixed
math500_10,math500,278,2.696939468383789,2.696939468383789,0.5807371735572815,0.5807371735572815,2.9406931400299072,1.0,1.0,3.0,1,0.25,0.5,0.25,gamma_fixed
math500_10,math500,279,0.8571498990058899,0.8571498990058899,0.7639238834381104,0.7639238834381104,2.953962802886963,1.0,1.0,3.0,1,0.25,0.5,0.25,gamma_fixed
math500_10,math500,280,4.24066686630249,4.24066686630249,0.3094831705093384,0.3094831705093384,2.6241960525512695,0.0,0.0,2.0,1,0.0,0.0,0.0,gamma_fixed
math500_10,math500,281,4.684123992919922,4.684123992919922,0.32055696845054626,0.32055696845054626,1.7649985551834106,0.0,0.0,2.0,1,0.0,0.0,0.0,gamma_fixed
math500_10,math500,282,2.4704408645629883,2.4704408645629883,0.5793210864067078,0.5793210864067078,1.130843162536621,0.0,0.0,2.0,1,0.0,0.0,0.0,gamma_fixed
math500_10,math500,283,1.9763615131378174,1.9763615131378174,0.8145837187767029,0.8145837187767029,0.7717859148979187,0.0,0.0,2.0,1,0.0,0.0,0.0,gamma_fixed
math500_10,math500,284,0.35778647661209106,0.35778647661209106,0.9650421738624573,0.9650421738624573,2.9291012287139893,1.0,1.0,3.0,1,0.25,0.5,0.25,gamma_fixed
math500_10,math500,285,2.8412458896636963,2.8412458896636963,0.5028315782546997,0.5028315782546997,2.07875394821167,0.0,0.0,2.0,1,0.0,0.0,0.0,gamma_fixed
math500_10,math500,286,5.986406326293945,5.986406326293945,0.22708705067634583,0.22708705067634583,2.263000249862671,0.0,0.0,2.0,1,0.0,0.0,0.0,gamma_fixed
math500_10,math500,287,4.377765655517578,4.377765655517578,0.3817876875400543,0.3817876875400543,1.1158130168914795,1.0,2.0,4.0,1,0.5,0.6666666666666666,0.5,gamma_fixed
math500_10,math500,288,0.24513593316078186,0.24513593316078186,0.9697214365005493,0.9697214365005493,0.9858729839324951,1.0,2.0,3.0,1,0.5,1.0,0.5,gamma_fixed
math500_10,math500,289,5.29615592956543,5.29615592956543,0.23938371241092682,0.23938371241092682,0.012560281902551651,0.0,0.0,2.0,1,0.0,0.0,0.0,gamma_fixed
math500_10,math500,290,7.519473075866699,7.519473075866699,0.1426636278629303,0.1426636278629303,3.4287390917597804e-06,0.0,0.0,2.0,1,0.0,0.0,0.0,gamma_fixed
math500_10,math500,291,4.965931415557861,4.965931415557861,0.4001100957393646,0.4001100957393646,2.3280746936798096,1.0,1.0,3.0,1,0.25,0.5,0.25,gamma_fixed
math500_10,math500,292,1.821384310722351,1.821384310722351,0.7776607871055603,0.7776607871055603,2.560696601867676,1.0,1.0,3.0,1,0.25,0.5,0.25,gamma_fixed
math500_10,math500,293,4.216931343078613,4.216931343078613,0.3808567523956299,0.3808567523956299,2.1704230308532715,0.0,0.0,2.0,1,0.0,0.0,0.0,gamma_fixed
math500_10,math500,294,4.981581211090088,4.981581211090088,0.2915855348110199,0.2915855348110199,0.7450770139694214,0.0,0.0,2.0,1,0.0,0.0,0.0,gamma_fixed
math500_10,math500,295,5.103664398193359,5.103664398193359,0.352751225233078,0.352751225233078,1.2879908084869385,1.0,1.0,3.0,1,0.25,0.5,0.25,gamma_fixed
math500_10,math500,296,8.108572959899902,8.108572959899902,0.10705901682376862,0.10705901682376862,0.7669137716293335,0.0,0.0,2.0,1,0.0,0.0,0.0,gamma_fixed
math500_10,math500,297,10.897398948669434,10.897398948669434,0.026805704459547997,0.026805704459547997,0.7755559086799622,1.0,1.0,3.0,1,0.25,0.5,0.25,gamma_fixed
math500_10,math500,298,3.0410122871398926,3.0410122871398926,0.6333151459693909,0.6333151459693909,2.6932787895202637,0.0,0.0,2.0,1,0.0,0.0,0.0,gamma_fixed
math500_10,math500,299,4.259464263916016,4.259464263916016,0.29444700479507446,0.29444700479507446,2.06010103225708,1.0,2.0,5.0,1,0.5,0.5,0.5,gamma_fixed
math500_10,math500,300,3.777651786804199,3.777651786804199,0.4138199985027313,0.4138199985027313,1.863311767578125,1.0,1.0,3.0,1,0.25,0.5,0.25,gamma_fixed
math500_10,math500,301,8.159547805786133,8.159547805786133,0.08652987331151962,0.08652987331151962,2.5669262409210205,1.0,1.0,3.0,1,0.25,0.5,0.25,gamma_fixed
math500_10,math500,302,0.7369909286499023,0.7369909286499023,0.9182679057121277,0.9182679057121277,3.3599510192871094,1.0,1.0,3.0,1,0.25,0.5,0.25,gamma_fixed
math500_10,math500,303,2.6402475833892822,2.6402475833892822,0.4099985957145691,0.4099985957145691,2.4173583984375,1.0,1.0,3.0,1,0.25,0.5,0.25,gamma_fixed
math500_10,math500,304,2.5494866371154785,2.5494866371154785,0.663870632648468,0.663870632648468,1.2601616382598877,0.0,0.0,2.0,1,0.0,0.0,0.0,gamma_fixed
math500_10,math500,305,3.4003970623016357,3.4003970623016357,0.589306652545929,0.589306652545929,3.194091320037842,0.0,0.0,2.0,1,0.0,0.0,0.0,gamma_fixed
math500_10,math500,306,2.9133481979370117,2.9133481979370117,0.3043876588344574,0.3043876588344574,3.289818286895752,1.0,2.0,3.0,1,0.5,1.0,0.5,gamma_fixed
math500_10,math500,307,3.5520496368408203,3.5520496368408203,0.2525928020477295,0.2525928020477295,0.008008857257664204,1.0,1.0,2.0,1,0.25,1.0,0.25,gamma_fixed
math500_10,math500,308,2.505812168121338,2.505812168121338,0.6940339207649231,0.6940339207649231,0.9597273468971252,0.0,0.0,2.0,1,0.0,0.0,0.0,gamma_fixed
math500_10,math500,309,3.095663547515869,3.095663547515869,0.37937191128730774,0.37937191128730774,2.0517773628234863,1.0,4.0,5.0,1,1.0,1.0,1.0,gamma_fixed
math500_10,math500,310,3.9046833515167236,3.9046833515167236,0.5008712410926819,0.5008712410926819,0.6683250665664673,0.0,0.0,2.0,1,0.0,0.0,0.0,gamma_fixed
math500_10,math500,311,3.112762451171875,3.112762451171875,0.565072774887085,0.565072774887085,1.5329573216149583e-05,0.0,0.0,2.0,1,0.0,0.0,0.0,gamma_fixed
math500_10,math500,312,0.0490836575627327,0.0490836575627327,0.9968311786651611,0.9968311786651611,1.7013814449310303,1.0,2.0,4.0,1,0.5,0.6666666666666666,0.5,gamma_fixed
math500_10,math500,313,4.4043402671813965,4.4043402671813965,0.23915007710456848,0.23915007710456848,0.11276581138372421,1.0,1.0,3.0,1,0.25,0.5,0.25,gamma_fixed
math500_10,math500,314,2.2739810943603516,2.2739810943603516,0.7404204607009888,0.7404204607009888,0.5084856748580933,0.0,0.0,2.0,1,0.0,0.0,0.0,gamma_fixed
math500_10,math500,315,4.797406196594238,4.797406196594238,0.224222332239151,0.224222332239151,0.0001329899678239599,1.0,1.0,5.0,1,0.25,0.25,0.25,gamma_fixed
math500_10,math500,316,3.4163050651550293,3.4163050651550293,0.40226489305496216,0.40226489305496216,2.4759963707765564e-05,1.0,2.0,4.0,1,0.5,0.6666666666666666,0.5,gamma_fixed
math500_10,math500,317,2.9042816162109375,2.9042816162109375,0.48926857113838196,0.48926857113838196,0.011129166930913925,0.0,0.0,3.0,1,0.0,0.0,0.0,gamma_fixed
math500_10,math500,318,1.9943723678588867,1.9943723678588867,0.748051643371582,0.748051643371582,0.3205922245979309,0.0,0.0,2.0,1,0.0,0.0,0.0,gamma_fixed
math500_10,math500,319,0.44932451844215393,0.44932451844215393,0.9441553950309753,0.9441553950309753,0.870453417301178,1.0,2.0,3.0,1,0.5,1.0,0.5,gamma_fixed
math500_10,math500,320,4.027150630950928,4.027150630950928,0.5500994324684143,0.5500994324684143,1.0712130205092762e-07,0.0,0.0,2.0,1,0.0,0.0,0.0,gamma_fixed
math500_10,math500,321,3.4320929050445557,3.4320929050445557,0.4602990448474884,0.4602990448474884,0.4636424779891968,1.0,2.0,3.0,1,0.5,1.0,0.5,gamma_fixed
math500_10,math500,322,2.5437302589416504,2.5437302589416504,0.6637085676193237,0.6637085676193237,1.40916109085083,1.0,2.0,4.0,1,0.5,0.6666666666666666,0.5,gamma_fixed
math500_10,math500,323,10.53659439086914,10.53659439086914,0.04127493128180504,0.04127493128180504,0.006615056656301022,0.0,0.0,2.0,1,0.0,0.0,0.0,gamma_fixed
math500_10,math500,324,1.1294993162155151,1.1294993162155151,0.8786273002624512,0.8786273002624512,1.1847162246704102,1.0,1.0,3.0,1,0.25,0.5,0.25,gamma_fixed
math500_10,math500,325,2.4397225379943848,2.4397225379943848,0.4349520206451416,0.4349520206451416,0.034577950835227966,1.0,2.0,4.0,1,0.5,0.6666666666666666,0.5,gamma_fixed
math500_10,math500,326,4.885517120361328,4.885517120361328,0.4099985957145691,0.4099985957145691,2.603950023651123,0.0,0.0,2.0,1,0.0,0.0,0.0,gamma_fixed
math500_10,math500,327,1.8355690240859985,1.8355690240859985,0.7051355838775635,0.7051355838775635,0.7333496809005737,1.0,1.0,3.0,1,0.25,0.5,0.25,gamma_fixed
math500_10,math500,328,2.229299545288086,2.229299545288086,0.6021045446395874,0.6021045446395874,0.038998380303382874,1.0,2.0,4.0,1,0.5,0.6666666666666666,0.5,gamma_fixed
math500_10,math500,329,5.4791059494018555,5.4791059494018555,0.1626090705394745,0.1626090705394745,0.40952372550964355,0.0,0.0,2.0,1,0.0,0.0,0.0,gamma_fixed
math500_10,math500,330,6.087679386138916,6.087679386138916,0.19310304522514343,0.19310304522514343,2.4604015350341797,0.0,0.0,2.0,1,0.0,0.0,0.0,gamma_fixed
math500_10,math500,331,4.843469619750977,4.843469619750977,0.23383840918540955,0.23383840918540955,2.092233657836914,1.0,1.0,3.0,1,0.25,0.5,0.25,gamma_fixed
math500_10,math500,332,1.770967960357666,1.770967960357666,0.7409629821777344,0.7409629821777344,0.6459477543830872,1.0,2.0,4.0,1,0.5,0.6666666666666666,0.5,gamma_fixed
math500_10,math500,333,4.965957164764404,4.965957164764404,0.3233867883682251,0.3233867883682251,9.150873665930703e-05,0.0,0.0,2.0,1,0.0,0.0,0.0,gamma_fixed
math500_10,math500,334,0.966371476650238,0.966371476650238,0.8449676036834717,0.8449676036834717,1.444021463394165,1.0,3.0,5.0,1,0.75,0.75,0.75,gamma_fixed
math500_10,math500,335,5.388924598693848,5.388924598693848,0.17024651169776917,0.17024651169776917,0.2869127094745636,0.0,0.0,2.0,1,0.0,0.0,0.0,gamma_fixed
math500_10,math500,336,5.753535270690918,5.753535270690918,0.1822914481163025,0.1822914481163025,0.25711163878440857,1.0,1.0,5.0,1,0.25,0.25,0.25,gamma_fixed
math500_10,math500,337,1.72980535030365,1.72980535030365,0.8182711005210876,0.8182711005210876,1.5042479038238525,1.0,3.0,4.0,1,0.75,1.0,0.75,gamma_fixed
math500_10,math500,338,4.787894248962402,4.787894248962402,0.14633232355117798,0.14633232355117798,0.0004900034982711077,1.0,1.0,4.0,1,0.25,0.3333333333333333,0.25,gamma_fixed
math500_10,math500,339,4.09819221496582,4.09819221496582,0.28988203406333923,0.28988203406333923,2.4288082122802734,1.0,3.0,4.0,1,0.75,1.0,0.75,gamma_fixed
math500_10,math500,340,6.035060405731201,6.035060405731201,0.17929013073444366,0.17929013073444366,1.6993651390075684,0.0,0.0,2.0,1,0.0,0.0,0.0,gamma_fixed
math500_10,math500,341,6.348969459533691,6.348969459533691,0.18480083346366882,0.18480083346366882,1.4776577949523926,0.0,0.0,2.0,1,0.0,0.0,0.0,gamma_fixed
math500_10,math500,342,4.4008002281188965,4.4008002281188965,0.36006009578704834,0.36006009578704834,0.41718927025794983,1.0,1.0,3.0,1,0.25,0.5,0.25,gamma_fixed
math500_10,math500,343,3.3520593643188477,3.3520593643188477,0.5994643568992615,0.5994643568992615,2.366955518722534,1.0,1.0,2.0,1,0.25,1.0,0.25,gamma_fixed
math500_10,math500,344,3.1508255004882812,3.1508255004882812,0.41828927397727966,0.41828927397727966,0.6023414731025696,0.0,0.0,2.0,1,0.0,0.0,0.0,gamma_fixed
math500_10,math500,345,5.791142463684082,5.791142463684082,0.352751225233078,0.352751225233078,1.0874952494077661e-07,1.0,2.0,4.0,1,0.5,0.6666666666666666,0.5,gamma_fixed
math500_10,math500,346,4.007297515869141,4.007297515869141,0.6151803135871887,0.6151803135871887,0.4163348376750946,1.0,1.0,2.0,1,0.25,1.0,0.25,gamma_fixed
math500_10,math500,347,4.423654556274414,4.423654556274414,0.34898218512535095,0.34898218512535095,1.0964895409415476e-06,0.0,0.0,2.0,1,0.0,0.0,0.0,gamma_fixed
math500_10,math500,348,5.720571517944336,5.720571517944336,0.2688836455345154,0.2688836455345154,0.003845767816528678,0.0,0.0,2.0,1,0.0,0.0,0.0,gamma_fixed
math500_10,math500,349,5.272809982299805,5.272809982299805,0.3297650218009949,0.3297650218009949,2.9221131626400165e-05,0.0,0.0,2.0,1,0.0,0.0,0.0,gamma_fixed
math500_10,math500,350,4.163213729858398,4.163213729858398,0.5080140829086304,0.5080140829086304,1.5439707567566074e-05,1.0,2.0,4.0,1,0.5,0.6666666666666666,0.5,gamma_fixed
math500_10,math500,351,5.9827375411987305,5.9827375411987305,0.20636165142059326,0.20636165142059326,4.420765435497742e-06,1.0,1.0,2.0,1,0.25,1.0,0.25,gamma_fixed
math500_10,math500,352,8.727209091186523,8.727209091186523,0.15216153860092163,0.15216153860092163,1.2620248794555664,0.0,0.0,2.0,1,0.0,0.0,0.0,gamma_fixed
math500_10,math500,353,6.855484962463379,6.855484962463379,0.3165131211280823,0.3165131211280823,0.0175775233656168,1.0,1.0,4.0,1,0.25,0.3333333333333333,0.25,gamma_fixed
math500_10,math500,354,3.1325831413269043,3.1325831413269043,0.3513759970664978,0.3513759970664978,5.983936262055067e-07,1.0,1.0,2.0,1,0.25,1.0,0.25,gamma_fixed
math500_10,math500,355,5.110052585601807,5.110052585601807,0.3590067923069,0.3590067923069,9.797242091735825e-05,0.0,0.0,2.0,1,0.0,0.0,0.0,gamma_fixed
math500_10,math500,356,6.309075355529785,6.309075355529785,0.2728513777256012,0.2728513777256012,0.45224839448928833,0.0,0.0,2.0,1,0.0,0.0,0.0,gamma_fixed
math500_10,math500,357,0.2476331740617752,0.2476331740617752,0.9763730764389038,0.9763730764389038,0.24754925072193146,1.0,2.0,5.0,1,0.5,0.5,0.5,gamma_fixed
math500_10,math500,358,9.022743225097656,9.022743225097656,0.2089981734752655,0.2089981734752655,0.06903430074453354,1.0,1.0,2.0,1,0.25,1.0,0.25,gamma_fixed
math500_10,math500,359,2.711679220199585,2.711679220199585,0.5847206115722656,0.5847206115722656,6.074391421861947e-06,1.0,1.0,3.0,1,0.25,0.5,0.25,gamma_fixed
math500_10,math500,360,6.566038131713867,6.566038131713867,0.2613755762577057,0.2613755762577057,2.146795486623887e-05,1.0,1.0,3.0,1,0.25,0.5,0.25,gamma_fixed
math500_10,math500,361,3.1646437644958496,3.1646437644958496,0.60063636302948,0.60063636302948,9.541095096210483e-06,1.0,1.0,3.0,1,0.25,0.5,0.25,gamma_fixed
math500_10,math500,362,1.8111357688903809,1.8111357688903809,0.794258177280426,0.794258177280426,0.0005195310804992914,0.0,0.0,2.0,1,0.0,0.0,0.0,gamma_fixed
math500_10,math500,363,4.366854667663574,4.366854667663574,0.28706493973731995,0.28706493973731995,3.5559926914174866e-07,0.0,0.0,2.0,1,0.0,0.0,0.0,gamma_fixed
math500_10,math500,364,5.32957124710083,5.32957124710083,0.25984856486320496,0.25984856486320496,9.771793884283397e-06,1.0,2.0,5.0,1,0.5,0.5,0.5,gamma_fixed
math500_10,math500,365,10.179039001464844,10.179039001464844,0.1557699590921402,0.1557699590921402,0.004984790924936533,1.0,1.0,3.0,1,0.25,0.5,0.25,gamma_fixed
math500_10,math500,366,2.673356056213379,2.673356056213379,0.5793210864067078,0.5793210864067078,0.36318501830101013,0.0,0.0,3.0,1,0.0,0.0,0.0,gamma_fixed
math500_10,math500,367,3.09283185005188,3.09283185005188,0.47052496671676636,0.47052496671676636,0.0009058128925971687,1.0,1.0,3.0,1,0.25,0.5,0.25,gamma_fixed
math500_10,math500,368,0.13199198246002197,0.13199198246002197,0.9914158582687378,0.9914158582687378,0.22961899638175964,1.0,2.0,4.0,1,0.5,0.6666666666666666,0.5,gamma_fixed
math500_10,math500,369,0.12989920377731323,0.12989920377731323,0.9918924570083618,0.9918924570083618,0.6722609996795654,1.0,2.0,5.0,1,0.5,0.5,0.5,gamma_fixed
math500_10,math500,370,0.556962251663208,0.556962251663208,0.943665623664856,0.943665623664856,0.00021552371617872268,1.0,3.0,4.0,1,0.75,1.0,0.75,gamma_fixed
math500_10,math500,371,5.2858476638793945,5.2858476638793945,0.23845045268535614,0.23845045268535614,0.0018894836539402604,0.0,0.0,2.0,1,0.0,0.0,0.0,gamma_fixed
math500_10,math500,372,4.310236930847168,4.310236930847168,0.3923712372779846,0.3923712372779846,5.285696147439012e-07,0.0,0.0,2.0,1,0.0,0.0,0.0,gamma_fixed
math500_10,math500,373,0.6738515496253967,0.6738515496253967,0.938152551651001,0.938152551651001,3.7143669032957405e-05,1.0,1.0,3.0,1,0.25,0.5,0.25,gamma_fixed
math500_10,math500,374,3.9341847896575928,3.9341847896575928,0.5279932022094727,0.5279932022094727,1.768908987287432e-06,0.0,0.0,2.0,1,0.0,0.0,0.0,gamma_fixed
math500_10,math500,375,4.962170600891113,4.962170600891113,0.22531984746456146,0.22531984746456146,1.3894549510951038e-06,0.0,0.0,2.0,1,0.0,0.0,0.0,gamma_fixed
math500_10,math500,376,6.499178886413574,6.499178886413574,0.25782641768455505,0.25782641768455505,0.00045419373782351613,0.0,0.0,2.0,1,0.0,0.0,0.0,gamma_fixed
math500_10,math500,377,1.57213294506073,1.57213294506073,0.8320706486701965,0.8320706486701965,5.033905108575709e-05,0.0,0.0,2.0,1,0.0,0.0,0.0,gamma_fixed
math500_10,math500,378,0.0030295136384665966,0.0030295136384665966,0.9998632073402405,0.9998632073402405,0.01345202699303627,1.0,2.0,4.0,1,0.5,0.6666666666666666,0.5,gamma_fixed
math500_10,math500,379,5.691453456878662,5.691453456878662,0.4087991714477539,0.4087991714477539,1.1480448246002197,0.0,0.0,2.0,1,0.0,0.0,0.0,gamma_fixed
math500_10,math500,380,3.260718584060669,3.260718584060669,0.43986427783966064,0.43986427783966064,0.0230579636991024,0.0,0.0,2.0,1,0.0,0.0,0.0,gamma_fixed
math500_10,math500,381,6.505318641662598,6.505318641662598,0.12492045760154724,0.12492045760154724,0.003106591757386923,0.0,0.0,2.0,1,0.0,0.0,0.0,gamma_fixed
math500_10,math500,382,1.4816205501556396,1.4816205501556396,0.8826046586036682,0.8826046586036682,0.7221750617027283,1.0,2.0,4.0,1,0.5,0.6666666666666666,0.5,gamma_fixed
math500_10,math500,383,3.679147243499756,3.679147243499756,0.2691463530063629,0.2691463530063629,0.06891680508852005,1.0,1.0,3.0,1,0.25,0.5,0.25,gamma_fixed
math500_10,math500,384,2.3402671813964844,2.3402671813964844,0.7368139624595642,0.7368139624595642,0.8535832166671753,0.0,0.0,2.0,1,0.0,0.0,0.0,gamma_fixed
math500_10,math500,385,2.658081293106079,2.658081293106079,0.4772350788116455,0.4772350788116455,0.11645817011594772,1.0,1.0,3.0,1,0.25,0.5,0.25,gamma_fixed
math500_10,math500,386,0.6355445981025696,0.6355445981025696,0.9172596335411072,0.9172596335411072,3.5587975162343355e-06,1.0,1.0,3.0,1,0.25,0.5,0.25,gamma_fixed
math500_10,math500,387,4.699079513549805,4.699079513549805,0.32401901483535767,0.32401901483535767,0.7164145708084106,0.0,0.0,2.0,1,0.0,0.0,0.0,gamma_fixed
math500_10,math500,388,3.41021728515625,3.41021728515625,0.436015248298645,0.436015248298645,0.012535073794424534,0.0,0.0,2.0,1,0.0,0.0,0.0,gamma_fixed
math500_10,math500,389,4.514400005340576,4.514400005340576,0.35621294379234314,0.35621294379234314,8.719398465473205e-07,1.0,2.0,4.0,1,0.5,0.6666666666666666,0.5,gamma_fixed
math500_10,math500,390,7.322177410125732,7.322177410125732,0.13454462587833405,0.13454462587833405,1.3152663314031088e-06,0.0,0.0,2.0,1,0.0,0.0,0.0,gamma_fixed
math500_10,math500,391,7.575239658355713,7.575239658355713,0.2137456089258194,0.2137456089258194,1.7474050764576532e-05,0.0,0.0,2.0,1,0.0,0.0,0.0,gamma_fixed
math500_10,math500,392,8.211748123168945,8.211748123168945,0.12939029932022095,0.12939029932022095,1.403689793733065e-06,1.0,2.0,3.0,1,0.5,1.0,0.5,gamma_fixed
math500_10,math500,393,2.2166547775268555,2.2166547775268555,0.5919020771980286,0.5919020771980286,1.1168416676810011e-05,1.0,2.0,3.0,1,0.5,1.0,0.5,gamma_fixed
math500_10,math500,394,2.540102958679199,2.540102958679199,0.5878696441650391,0.5878696441650391,0.0002595927217043936,1.0,1.0,4.0,1,0.25,0.3333333333333333,0.25,gamma_fixed
math500_10,math500,395,1.4386181831359863,1.4386181831359863,0.834511935710907,0.834511935710907,3.499625745462254e-05,1.0,2.0,3.0,1,0.5,1.0,0.5,gamma_fixed
math500_10,math500,396,7.283041477203369,7.283041477203369,0.17479512095451355,0.17479512095451355,1.1741876602172852,0.0,0.0,2.0,1,0.0,0.0,0.0,gamma_fixed
math500_10,math500,397,6.674070358276367,6.674070358276367,0.29820892214775085,0.29820892214775085,0.9583542943000793,0.0,0.0,2.0,1,0.0,0.0,0.0,gamma_fixed
math500_10,math500,398,0.8561434745788574,0.8561434745788574,0.9008917808532715,0.9008917808532715,0.00012970746320206672,1.0,2.0,4.0,1,0.5,0.6666666666666666,0.5,gamma_fixed
math500_10,math500,399,0.6127538084983826,0.6127538084983826,0.9405892491340637,0.9405892491340637,1.079319953918457,1.0,1.0,3.0,1,0.25,0.5,0.25,gamma_fixed
math500_10,math500,400,6.962099075317383,6.962099075317383,0.15410560369491577,0.15410560369491577,2.044715620286297e-05,0.0,0.0,2.0,1,0.0,0.0,0.0,gamma_fixed
math500_10,math500,401,5.508066654205322,5.508066654205322,0.3790016174316406,0.3790016174316406,2.0742764472961426,1.0,2.0,4.0,1,0.5,0.6666666666666666,0.5,gamma_fixed
math500_10,math500,402,3.7377448081970215,3.7377448081970215,0.469606876373291,0.469606876373291,1.9624316692352295,1.0,1.0,3.0,1,0.25,0.5,0.25,gamma_fixed
math500_10,math500,403,3.560664176940918,3.560664176940918,0.2884700298309326,0.2884700298309326,0.005783141124993563,0.0,0.0,2.0,1,0.0,0.0,0.0,gamma_fixed
math500_10,math500,404,3.8648529052734375,3.8648529052734375,0.34694334864616394,0.34694334864616394,0.0024871903005987406,1.0,2.0,5.0,1,0.5,0.5,0.5,gamma_fixed
math500_10,math500,405,4.523046493530273,4.523046493530273,0.352751225233078,0.352751225233078,1.3640878200531006,0.0,0.0,2.0,1,0.0,0.0,0.0,gamma_fixed
math500_10,math500,406,5.7798004150390625,5.7798004150390625,0.3520629405975342,0.3520629405975342,2.5310855562565848e-05,0.0,0.0,2.0,1,0.0,0.0,0.0,gamma_fixed
math500_10,math500,407,3.834150552749634,3.834150552749634,0.45872846245765686,0.45872846245765686,1.3673319816589355,1.0,1.0,2.0,1,0.25,1.0,0.25,gamma_fixed
math500_10,math500,408,5.285421371459961,5.285421371459961,0.2494063377380371,0.2494063377380371,2.0540640354156494,1.0,1.0,2.0,1,0.25,1.0,0.25,gamma_fixed
math500_10,math500,409,0.3184131979942322,0.3184131979942322,0.957035481929779,0.957035481929779,0.14706842601299286,1.0,2.0,4.0,1,0.5,0.6666666666666666,0.5,gamma_fixed
math500_10,math500,410,1.8967536687850952,1.8967536687850952,0.7136216759681702,0.7136216759681702,1.8090649843215942,1.0,1.0,3.0,1,0.25,0.5,0.25,gamma_fixed
math500_10,math500,411,7.6096510887146,7.6096510887146,0.36680325865745544,0.36680325865745544,2.477168083190918,1.0,1.0,3.0,1,0.25,0.5,0.25,gamma_fixed
math500_10,math500,412,6.1405205726623535,6.1405205726623535,0.15791425108909607,0.15791425108909607,0.890339195728302,1.0,1.0,4.0,1,0.25,0.3333333333333333,0.25,gamma_fixed
math500_10,math500,413,4.473763465881348,4.473763465881348,0.36752036213874817,0.36752036213874817,0.422219842672348,0.0,0.0,2.0,1,0.0,0.0,0.0,gamma_fixed
math500_10,math500,414,4.783575057983398,4.783575057983398,0.361116498708725,0.361116498708725,2.4464070796966553,0.0,0.0,2.0,1,0.0,0.0,0.0,gamma_fixed
math500_10,math500,415,2.590337038040161,2.590337038040161,0.6806101202964783,0.6806101202964783,1.2071086168289185,1.0,2.0,4.0,1,0.5,0.6666666666666666,0.5,gamma_fixed
math500_10,math500,416,5.094926834106445,5.094926834106445,0.6097971796989441,0.6097971796989441,1.0069847888871664e-07,0.0,0.0,2.0,1,0.0,0.0,0.0,gamma_fixed
math500_10,math500,417,3.973862648010254,3.973862648010254,0.4441808760166168,0.4441808760166168,6.576990472240141e-06,0.0,0.0,2.0,1,0.0,0.0,0.0,gamma_fixed
math500_10,math500,418,8.603388786315918,8.603388786315918,0.17479512095451355,0.17479512095451355,0.4610682725906372,1.0,1.0,2.0,1,0.25,1.0,0.25,gamma_fixed
math500_10,math500,419,4.343723773956299,4.343723773956299,0.25432541966438293,0.25432541966438293,0.001650062040425837,1.0,1.0,2.0,1,0.25,1.0,0.25,gamma_fixed
math500_10,math500,420,9.722363471984863,9.722363471984863,0.15231022238731384,0.15231022238731384,0.06829114258289337,0.0,0.0,2.0,1,0.0,0.0,0.0,gamma_fixed
math500_10,math500,421,10.863752365112305,10.863752365112305,0.07329365611076355,0.07329365611076355,0.0003191850846633315,0.0,0.0,2.0,1,0.0,0.0,0.0,gamma_fixed
math500_10,math500,422,9.389385223388672,9.389385223388672,0.09283299744129181,0.09283299744129181,0.7639425992965698,0.0,0.0,2.0,1,0.0,0.0,0.0,gamma_fixed
math500_10,math500,423,6.564624786376953,6.564624786376953,0.2175360769033432,0.2175360769033432,0.6798499822616577,0.0,0.0,2.0,1,0.0,0.0,0.0,gamma_fixed
math500_10,math500,424,0.4743857681751251,0.4743857681751251,0.9515604376792908,0.9515604376792908,0.031404659152030945,1.0,1.0,3.0,1,0.25,0.5,0.25,gamma_fixed
math500_10,math500,425,4.411208152770996,4.411208152770996,0.39622175693511963,0.39622175693511963,7.477769031538628e-06,1.0,1.0,3.0,1,0.25,0.5,0.25,gamma_fixed
math500_10,math500,426,8.576803207397461,8.576803207397461,0.13480766117572784,0.13480766117572784,0.17632213234901428,0.0,0.0,2.0,1,0.0,0.0,0.0,gamma_fixed
math500_10,math500,427,10.652435302734375,10.652435302734375,0.074447862803936,0.074447862803936,0.6469110250473022,1.0,2.0,4.0,1,0.5,0.6666666666666666,0.5,gamma_fixed
math500_10,math500,428,6.959722518920898,6.959722518920898,0.2760676443576813,0.2760676443576813,1.2992058992385864,1.0,2.0,3.0,1,0.5,1.0,0.5,gamma_fixed
math500_10,math500,429,4.327071189880371,4.327071189880371,0.47052496671676636,0.47052496671676636,9.811871859710664e-05,1.0,1.0,4.0,1,0.25,0.3333333333333333,0.25,gamma_fixed
math500_10,math500,430,1.2069346904754639,1.2069346904754639,0.828624427318573,0.828624427318573,1.3240618705749512,1.0,3.0,5.0,1,0.75,0.75,0.75,gamma_fixed
math500_10,math500,431,5.555515766143799,5.555515766143799,0.1684274822473526,0.1684274822473526,2.314612865447998,0.0,0.0,2.0,1,0.0,0.0,0.0,gamma_fixed
math500_10,math500,432,2.912196636199951,2.912196636199951,0.37937191128730774,0.37937191128730774,2.752377986907959,1.0,1.0,2.0,1,0.25,1.0,0.25,gamma_fixed
math500_10,math500,433,1.0139647722244263,1.0139647722244263,0.8760569095611572,0.8760569095611572,0.9785727262496948,1.0,1.0,2.0,1,0.25,1.0,0.25,gamma_fixed
math500_10,math500,434,4.941412925720215,4.941412925720215,0.25457391142845154,0.25457391142845154,2.8255772590637207,0.0,0.0,2.0,1,0.0,0.0,0.0,gamma_fixed
math500_10,math500,435,6.049218654632568,6.049218654632568,0.13297712802886963,0.13297712802886963,0.2384319305419922,0.0,0.0,2.0,1,0.0,0.0,0.0,gamma_fixed
math500_10,math500,436,1.9984978437423706,1.9984978437423706,0.6648438572883606,0.6648438572883606,1.7640631198883057,1.0,1.0,3.0,1,0.25,0.5,0.25,gamma_fixed
math500_10,math500,437,0.7381430864334106,0.7381430864334106,0.9074589610099792,0.9074589610099792,0.947620153427124,1.0,2.0,4.0,1,0.5,0.6666666666666666,0.5,gamma_fixed
math500_10,math500,438,7.092071056365967,7.092071056365967,0.11530710011720657,0.11530710011720657,1.1209259033203125,0.0,0.0,2.0,1,0.0,0.0,0.0,gamma_fixed
math500_10,math500,439,5.682995319366455,5.682995319366455,0.14406366646289825,0.14406366646289825,0.06582851707935333,0.0,0.0,2.0,1,0.0,0.0,0.0,gamma_fixed
math500_10,math500,440,4.569616317749023,4.569616317749023,0.2691463530063629,0.2691463530063629,0.0007487048860639334,0.0,0.0,2.0,1,0.0,0.0,0.0,gamma_fixed
math500_10,math500,441,3.6107544898986816,3.6107544898986816,0.6733380556106567,0.6733380556106567,0.028331605717539787,1.0,3.0,5.0,1,0.75,0.75,0.75,gamma_fixed
math500_10,math500,442,3.4090890884399414,3.4090890884399414,0.42156997323036194,0.42156997323036194,0.027424035593867302,0.0,0.0,2.0,1,0.0,0.0,0.0,gamma_fixed
math500_10,math500,443,4.4465203285217285,4.4465203285217285,0.2304380089044571,0.2304380089044571,1.1470207539332478e-07,0.0,0.0,2.0,1,0.0,0.0,0.0,gamma_fixed
math500_10,math500,444,0.31613361835479736,0.31613361835479736,0.9668993353843689,0.9668993353843689,0.8717061877250671,1.0,2.0,3.0,1,0.5,1.0,0.5,gamma_fixed
math500_10,math500,445,9.15462875366211,9.15462875366211,0.12540937960147858,0.12540937960147858,2.5114498138427734,0.0,0.0,2.0,1,0.0,0.0,0.0,gamma_fixed
math500_10,math500,446,5.341689109802246,5.341689109802246,0.1971040666103363,0.1971040666103363,0.10724404454231262,0.0,0.0,2.0,1,0.0,0.0,0.0,gamma_fixed
math500_10,math500,447,4.737325668334961,4.737325668334961,0.33202695846557617,0.33202695846557617,0.4315909445285797,0.0,0.0,2.0,1,0.0,0.0,0.0,gamma_fixed
math500_10,math500,448,1.375734806060791,1.375734806060791,0.6333151459693909,0.6333151459693909,0.995817244052887,1.0,1.0,3.0,1,0.25,0.5,0.25,gamma_fixed
math500_10,math500,449,3.372708797454834,3.372708797454834,0.32815873622894287,0.32815873622894287,0.9859185218811035,1.0,1.0,3.0,1,0.25,0.5,0.25,gamma_fixed
math500_10,math500,450,7.049234867095947,7.049234867095947,0.1667906939983368,0.1667906939983368,6.0602251323871315e-05,0.0,0.0,2.0,1,0.0,0.0,0.0,gamma_fixed
math500_10,math500,451,6.844344139099121,6.844344139099121,0.18104957044124603,0.18104957044124603,0.0004138438671361655,0.0,0.0,2.0,1,0.0,0.0,0.0,gamma_fixed
math500_10,math500,452,3.3438942432403564,3.3438942432403564,0.4277907609939575,0.4277907609939575,0.5005790591239929,1.0,2.0,3.0,1,0.5,1.0,0.5,gamma_fixed
math500_10,math500,453,5.5493597984313965,5.5493597984313965,0.352751225233078,0.352751225233078,4.459090996533632e-05,0.0,0.0,2.0,1,0.0,0.0,0.0,gamma_fixed
math500_10,math500,454,4.811973571777344,4.811973571777344,0.44548410177230835,0.44548410177230835,0.007575658615678549,0.0,0.0,2.0,1,0.0,0.0,0.0,gamma_fixed
math500_10,math500,455,6.275250434875488,6.275250434875488,0.18588683009147644,0.18588683009147644,7.849032044759952e-06,1.0,2.0,3.0,1,0.5,1.0,0.5,gamma_fixed
math500_10,math500,456,2.8086023330688477,2.8086023330688477,0.5498308539390564,0.5498308539390564,3.223332405090332,1.0,3.0,4.0,1,0.75,1.0,0.75,gamma_fixed
math500_10,math500,457,7.718200206756592,7.718200206756592,0.2039574682712555,0.2039574682712555,0.8604228496551514,1.0,3.0,4.0,1,0.75,1.0,0.75,gamma_fixed
math500_10,math500,458,3.2765650749206543,3.2765650749206543,0.5770624876022339,0.5770624876022339,0.04565182700753212,0.0,0.0,2.0,1,0.0,0.0,0.0,gamma_fixed
math500_10,math500,459,2.6840107440948486,2.6840107440948486,0.6612824201583862,0.6612824201583862,2.0785520860044926e-07,0.0,0.0,2.0,1,0.0,0.0,0.0,gamma_fixed
math500_10,math500,460,4.476179122924805,4.476179122924805,0.3946770429611206,0.3946770429611206,1.4205108880996704,1.0,2.0,4.0,1,0.5,0.6666666666666666,0.5,gamma_fixed
math500_10,math500,461,5.000814914703369,5.000814914703369,0.42013153433799744,0.42013153433799744,3.8871519565582275,1.0,2.0,4.0,1,0.5,0.6666666666666666,0.5,gamma_fixed
math500_10,math500,462,3.377918004989624,3.377918004989624,0.33659759163856506,0.33659759163856506,0.944546103477478,0.0,0.0,2.0,1,0.0,0.0,0.0,gamma_fixed
math500_10,math500,463,1.7634880542755127,1.7634880542755127,0.773495078086853,0.773495078086853,1.3137550354003906,1.0,1.0,3.0,1,0.25,0.5,0.25,gamma_fixed
math500_10,math500,464,2.7123985290527344,2.7123985290527344,0.47282809019088745,0.47282809019088745,4.083087921142578,1.0,3.0,4.0,1,0.75,1.0,0.75,gamma_fixed
math500_10,math500,465,3.517580032348633,3.517580032348633,0.29044875502586365,0.29044875502586365,2.135768175125122,0.0,0.0,2.0,1,0.0,0.0,0.0,gamma_fixed
math500_10,math500,466,3.5727152824401855,3.5727152824401855,0.4721359610557556,0.4721359610557556,3.013105869293213,0.0,0.0,2.0,1,0.0,0.0,0.0,gamma_fixed
math500_10,math500,467,0.5992034673690796,0.5992034673690796,0.9396997690200806,0.9396997690200806,3.0147104263305664,1.0,2.0,3.0,1,0.5,1.0,0.5,gamma_fixed
math500_10,math500,468,3.446617603302002,3.446617603302002,0.40601420402526855,0.40601420402526855,2.8679137229919434,0.0,0.0,2.0,1,0.0,0.0,0.0,gamma_fixed
math500_10,math500,469,6.492626667022705,6.492626667022705,0.14100155234336853,0.14100155234336853,0.6271505951881409,0.0,0.0,2.0,1,0.0,0.0,0.0,gamma_fixed
math500_10,math500,470,4.1848344802856445,4.1848344802856445,0.3094831705093384,0.3094831705093384,0.2338954210281372,0.0,0.0,2.0,1,0.0,0.0,0.0,gamma_fixed
math500_10,math500,471,1.4601197242736816,1.4601197242736816,0.8682849407196045,0.8682849407196045,1.5710344314575195,1.0,1.0,3.0,1,0.25,0.5,0.25,gamma_fixed
math500_10,math500,472,8.25606918334961,8.25606918334961,0.259088397026062,0.259088397026062,1.865772008895874,0.0,0.0,2.0,1,0.0,0.0,0.0,gamma_fixed
math500_10,math500,473,2.4508652687072754,2.4508652687072754,0.6121838092803955,0.6121838092803955,2.768707036972046,1.0,1.0,2.0,1,0.25,1.0,0.25,gamma_fixed
math500_10,math500,474,2.7798125743865967,2.7798125743865967,0.5675614476203918,0.5675614476203918,3.067568778991699,0.0,0.0,2.0,1,0.0,0.0,0.0,gamma_fixed
math500_10,math500,475,1.698523998260498,1.698523998260498,0.802248477935791,0.802248477935791,0.0005229408852756023,1.0,1.0,2.0,1,0.25,1.0,0.25,gamma_fixed
math500_10,math500,476,3.5646393299102783,3.5646393299102783,0.30617645382881165,0.30617645382881165,1.9270706176757812,0.0,0.0,2.0,1,0.0,0.0,0.0,gamma_fixed
math500_10,math500,477,3.18563175201416,3.18563175201416,0.4485398232936859,0.4485398232936859,2.8504536151885986,0.0,0.0,2.0,1,0.0,0.0,0.0,gamma_fixed
math500_10,math500,478,2.422738790512085,2.422738790512085,0.40680795907974243,0.40680795907974243,2.577671527862549,0.0,0.0,3.0,1,0.0,0.0,0.0,gamma_fixed
math500_10,math500,479,3.3458895683288574,3.3458895683288574,0.4300946593284607,0.4300946593284607,3.6697027683258057,0.0,0.0,2.0,1,0.0,0.0,0.0,gamma_fixed
math500_10,math500,480,2.5500974655151367,2.5500974655151367,0.6437597274780273,0.6437597274780273,3.36782169342041,1.0,1.0,2.0,1,0.25,1.0,0.25,gamma_fixed
math500_10,math500,481,3.937843084335327,3.937843084335327,0.3653732240200043,0.3653732240200043,1.1713471412658691,1.0,1.0,3.0,1,0.25,0.5,0.25,gamma_fixed
math500_10,math500,482,5.720979690551758,5.720979690551758,0.2047557532787323,0.2047557532787323,0.0031218144576996565,0.0,0.0,2.0,1,0.0,0.0,0.0,gamma_fixed
math500_10,math500,483,7.182104110717773,7.182104110717773,0.13349758088588715,0.13349758088588715,2.9886374473571777,1.0,1.0,4.0,1,0.25,0.3333333333333333,0.25,gamma_fixed
math500_10,math500,484,3.831691026687622,3.831691026687622,0.44985586404800415,0.44985586404800415,1.850961446762085,0.0,0.0,2.0,1,0.0,0.0,0.0,gamma_fixed
math500_10,math500,485,2.958164691925049,2.958164691925049,0.398355633020401,0.398355633020401,0.4004429876804352,1.0,1.0,4.0,1,0.25,0.3333333333333333,0.25,gamma_fixed
math500_10,math500,486,5.838312149047852,5.838312149047852,0.23752082884311676,0.23752082884311676,0.005634994711726904,0.0,0.0,2.0,1,0.0,0.0,0.0,gamma_fixed
math500_10,math500,487,2.725990056991577,2.725990056991577,0.5363078713417053,0.5363078713417053,4.03903341293335,1.0,3.0,4.0,1,0.75,1.0,0.75,gamma_fixed
math500_10,math500,488,3.9551773071289062,3.9551773071289062,0.2736518681049347,0.2736518681049347,0.5387498736381531,0.0,0.0,2.0,1,0.0,0.0,0.0,gamma_fixed
math500_10,math500,489,4.604390621185303,4.604390621185303,0.26316845417022705,0.26316845417022705,1.1827011108398438,0.0,0.0,2.0,1,0.0,0.0,0.0,gamma_fixed
math500_10,math500,490,5.105574607849121,5.105574607849121,0.24626006186008453,0.24626006186008453,0.286512553691864,0.0,0.0,2.0,1,0.0,0.0,0.0,gamma_fixed
math500_10,math500,491,6.044473171234131,6.044473171234131,0.1978754997253418,0.1978754997253418,0.739835262298584,0.0,0.0,2.0,1,0.0,0.0,0.0,gamma_fixed
math500_10,math500,492,0.6301099061965942,0.6301099061965942,0.936379075050354,0.936379075050354,0.952268123626709,1.0,2.0,3.0,1,0.5,1.0,0.5,gamma_fixed
math500_10,math500,493,2.8005313873291016,2.8005313873291016,0.5028315782546997,0.5028315782546997,1.6646697521209717,0.0,0.0,2.0,1,0.0,0.0,0.0,gamma_fixed
math500_10,math500,494,3.2760655879974365,3.2760655879974365,0.469606876373291,0.469606876373291,0.9229916334152222,0.0,0.0,2.0,1,0.0,0.0,0.0,gamma_fixed
math500_10,math500,495,3.5303642749786377,3.5303642749786377,0.3643043637275696,0.3643043637275696,0.6975409984588623,0.0,0.0,3.0,1,0.0,0.0,0.0,gamma_fixed
math500_10,math500,496,3.56030011177063,3.56030011177063,0.27579817175865173,0.27579817175865173,1.6132028102874756,1.0,2.0,5.0,1,0.5,0.5,0.5,gamma_fixed
math500_10,math500,497,3.699760913848877,3.699760913848877,0.39179688692092896,0.39179688692092896,1.8847931623458862,0.0,0.0,2.0,1,0.0,0.0,0.0,gamma_fixed
math500_10,math500,498,4.762804985046387,4.762804985046387,0.1984560787677765,0.1984560787677765,1.297701358795166,0.0,0.0,2.0,1,0.0,0.0,0.0,gamma_fixed
math500_10,math500,499,5.626947402954102,5.626947402954102,0.1467616707086563,0.1467616707086563,2.5505480766296387,1.0,1.0,3.0,1,0.25,0.5,0.25,gamma_fixed
math500_10,math500,500,2.851771593093872,2.851771593093872,0.43729448318481445,0.43729448318481445,3.2162113189697266,0.0,0.0,2.0,1,0.0,0.0,0.0,gamma_fixed
math500_10,math500,501,5.425601005554199,5.425601005554199,0.2613755762577057,0.2613755762577057,1.2846190929412842,1.0,1.0,2.0,1,0.25,1.0,0.25,gamma_fixed
math500_10,math500,502,5.716367721557617,5.716367721557617,0.31899556517601013,0.31899556517601013,2.617319107055664,0.0,0.0,2.0,1,0.0,0.0,0.0,gamma_fixed
math500_10,math500,503,3.945568084716797,3.945568084716797,0.26627060770988464,0.26627060770988464,1.929591178894043,0.0,0.0,2.0,1,0.0,0.0,0.0,gamma_fixed
math500_10,math500,504,4.43709659576416,4.43709659576416,0.295310914516449,0.295310914516449,0.001084715942852199,0.0,0.0,2.0,1,0.0,0.0,0.0,gamma_fixed
math500_10,math500,505,4.247772216796875,4.247772216796875,0.2725850045681,0.2725850045681,1.193288803100586,0.0,0.0,2.0,1,0.0,0.0,0.0,gamma_fixed
math500_10,math500,506,4.91641092300415,4.91641092300415,0.27338477969169617,0.27338477969169617,1.8345682621002197,0.0,0.0,2.0,1,0.0,0.0,0.0,gamma_fixed
math500_10,math500,507,4.358673095703125,4.358673095703125,0.2932990491390228,0.2932990491390228,0.20478108525276184,0.0,0.0,2.0,1,0.0,0.0,0.0,gamma_fixed
math500_10,math500,508,6.561033248901367,6.561033248901367,0.4598497450351715,0.4598497450351715,0.0035005572717636824,1.0,1.0,3.0,1,0.25,0.5,0.25,gamma_fixed
math500_10,math500,509,5.919751167297363,5.919751167297363,0.16165907680988312,0.16165907680988312,2.2341318130493164,1.0,1.0,4.0,1,0.25,0.3333333333333333,0.25,gamma_fixed
math500_10,math500,510,4.843330383300781,4.843330383300781,0.2853878140449524,0.2853878140449524,0.7130780220031738,1.0,1.0,3.0,1,0.25,0.5,0.25,gamma_fixed
math500_10,math500,511,4.1452531814575195,4.1452531814575195,0.2976270616054535,0.2976270616054535,3.846168328891508e-05,0.0,0.0,2.0,1,0.0,0.0,0.0,gamma_fixed
math500_10,math500,512,5.624510288238525,5.624510288238525,0.3014296293258667,0.3014296293258667,0.008267729543149471,1.0,1.0,2.0,1,0.25,1.0,0.25,gamma_fixed
math500_10,math500,513,0.0753353089094162,0.0753353089094162,0.9942184090614319,0.9942184090614319,1.495644450187683,1.0,3.0,4.0,1,0.75,1.0,0.75,gamma_fixed
math500_10,math500,514,1.8684204816818237,1.8684204816818237,0.695051372051239,0.695051372051239,3.283101797103882,1.0,1.0,3.0,1,0.25,0.5,0.25,gamma_fixed
math500_10,math500,515,7.539216995239258,7.539216995239258,0.35171931982040405,0.35171931982040405,2.2353732585906982,1.0,2.0,4.0,1,0.5,0.6666666666666666,0.5,gamma_fixed
math500_10,math500,516,5.781038284301758,5.781038284301758,0.21563251316547394,0.21563251316547394,0.25286588072776794,0.0,0.0,2.0,1,0.0,0.0,0.0,gamma_fixed
math500_10,math500,517,3.1768431663513184,3.1768431663513184,0.5904588103294373,0.5904588103294373,0.5707150101661682,0.0,0.0,2.0,1,0.0,0.0,0.0,gamma_fixed
math500_10,math500,518,6.072768211364746,6.072768211364746,0.2623985707759857,0.2623985707759857,3.7624377000611275e-05,1.0,1.0,2.0,1,0.25,1.0,0.25,gamma_fixed
math500_10,math500,519,0.9396146535873413,0.9396146535873413,0.9152463674545288,0.9152463674545288,2.2575788497924805,1.0,2.0,3.0,1,0.5,1.0,0.5,gamma_fixed
math500_10,math500,520,3.8719568252563477,3.8719568252563477,0.3614693284034729,0.3614693284034729,0.998941957950592,0.0,0.0,2.0,1,0.0,0.0,0.0,gamma_fixed
math500_10,math500,521,5.261629581451416,5.261629581451416,0.1643652617931366,0.1643652617931366,0.2359738051891327,0.0,0.0,2.0,1,0.0,0.0,0.0,gamma_fixed
math500_10,math500,522,3.2868497371673584,3.2868497371673584,0.3778928816318512,0.3778928816318512,0.021087180823087692,0.0,0.0,2.0,1,0.0,0.0,0.0,gamma_fixed
math500_10,math500,523,3.199272632598877,3.199272632598877,0.5238842964172363,0.5238842964172363,1.7013911008834839,1.0,1.0,4.0,1,0.25,0.3333333333333333,0.25,gamma_fixed
math500_10,math500,524,6.966390609741211,6.966390609741211,0.1545577496290207,0.1545577496290207,0.001544040977023542,1.0,1.0,2.0,1,0.25,1.0,0.25,gamma_fixed
math500_10,math500,525,4.288758277893066,4.288758277893066,0.3590067923069,0.3590067923069,1.6660170555114746,0.0,0.0,2.0,1,0.0,0.0,0.0,gamma_fixed
math500_10,math500,526,4.363159656524658,4.363159656524658,0.41180431842803955,0.41180431842803955,0.0002794658357743174,1.0,1.0,2.0,1,0.25,1.0,0.25,gamma_fixed
math500_10,math500,527,1.3015390634536743,1.3015390634536743,0.6081616878509521,0.6081616878509521,1.4939978122711182,1.0,2.0,4.0,1,0.5,0.6666666666666666,0.5,gamma_fixed
math500_10,math500,528,5.318401336669922,5.318401336669922,0.15127258002758026,0.15127258002758026,0.2388109266757965,1.0,1.0,3.0,1,0.25,0.5,0.25,gamma_fixed
math500_10,math500,529,3.3764266967773438,3.3764266967773438,0.30707475543022156,0.30707475543022156,1.3146214485168457,0.0,0.0,2.0,1,0.0,0.0,0.0,gamma_fixed
math500_10,math500,530,2.0863912105560303,2.0863912105560303,0.5997571349143982,0.5997571349143982,0.4285903871059418,1.0,2.0,4.0,1,0.5,0.6666666666666666,0.5,gamma_fixed
math500_10,math500,531,5.500772476196289,5.500772476196289,0.18016770482063293,0.18016770482063293,1.7274236679077148,0.0,0.0,2.0,1,0.0,0.0,0.0,gamma_fixed
math500_10,math500,532,3.5563125610351562,3.5563125610351562,0.39390695095062256,0.39390695095062256,1.0360596179962158,1.0,1.0,3.0,1,0.25,0.5,0.25,gamma_fixed
math500_10,math500,533,0.18569108843803406,0.18569108843803406,0.9826654195785522,0.9826654195785522,1.0066018104553223,1.0,3.0,4.0,1,0.75,1.0,0.75,gamma_fixed
math500_10,math500,534,6.24369478225708,6.24369478225708,0.24220550060272217,0.24220550060272217,4.414979934692383,1.0,2.0,3.0,1,0.5,1.0,0.5,gamma_fixed
math500_10,math500,535,4.7912468910217285,4.7912468910217285,0.4066093862056732,0.4066093862056732,1.0684545040130615,0.0,0.0,2.0,1,0.0,0.0,0.0,gamma_fixed
math500_10,math500,536,1.9548026323318481,1.9548026323318481,0.7697274684906006,0.7697274684906006,2.5471954345703125,1.0,1.0,3.0,1,0.25,0.5,0.25,gamma_fixed
math500_10,math500,537,4.301064968109131,4.301064968109131,0.23475362360477448,0.23475362360477448,0.7457437515258789,1.0,1.0,2.0,1,0.25,1.0,0.25,gamma_fixed
math500_10,math500,538,1.5322941541671753,1.5322941541671753,0.820772111415863,0.820772111415863,1.4117925957179978e-06,0.0,0.0,3.0,1,0.0,0.0,0.0,gamma_fixed
math500_10,math500,539,0.08438992500305176,0.08438992500305176,0.9945257306098938,0.9945257306098938,1.4931042194366455,1.0,2.0,5.0,1,0.5,0.5,0.5,gamma_fixed
math500_10,math500,540,4.832984447479248,4.832984447479248,0.3085778057575226,0.3085778057575226,2.002689838409424,0.0,0.0,2.0,1,0.0,0.0,0.0,gamma_fixed
math500_10,math500,541,1.3163270950317383,1.3163270950317383,0.812696635723114,0.812696635723114,0.3609744906425476,1.0,2.0,5.0,1,0.5,0.5,0.5,gamma_fixed
math500_10,math500,542,2.1206696033477783,2.1206696033477783,0.6065306663513184,0.6065306663513184,0.0779397115111351,1.0,1.0,3.0,1,0.25,0.5,0.25,gamma_fixed
math500_10,math500,543,4.16989803314209,4.16989803314209,0.38421887159347534,0.38421887159347534,0.23974016308784485,1.0,1.0,2.0,1,0.25,1.0,0.25,gamma_fixed
math500_10,math500,544,2.879425287246704,2.879425287246704,0.6771295666694641,0.6771295666694641,1.7969026565551758,1.0,2.0,3.0,1,0.5,1.0,0.5,gamma_fixed
math500_10,math500,545,1.0749468803405762,1.0749468803405762,0.8457931280136108,0.8457931280136108,2.3753228187561035,1.0,1.0,3.0,1,0.25,0.5,0.25,gamma_fixed
math500_10,math500,546,3.2387475967407227,3.2387475967407227,0.493105947971344,0.493105947971344,2.6101388931274414,0.0,0.0,2.0,1,0.0,0.0,0.0,gamma_fixed
math500_10,math500,547,4.153415679931641,4.153415679931641,0.3472823202610016,0.3472823202610016,3.7353081703186035,0.0,0.0,3.0,1,0.0,0.0,0.0,gamma_fixed
math500_10,math500,548,2.2227582931518555,2.2227582931518555,0.4652703106403351,0.4652703106403351,0.14058467745780945,1.0,2.0,3.0,1,0.5,1.0,0.5,gamma_fixed
math500_10,math500,549,3.288646936416626,3.288646936416626,0.4952777028083801,0.4952777028083801,0.5333275198936462,1.0,1.0,4.0,1,0.25,0.3333333333333333,0.25,gamma_fixed
math500_10,math500,550,4.60634183883667,4.60634183883667,0.42115849256515503,0.42115849256515503,0.0008635627455078065,0.0,0.0,2.0,1,0.0,0.0,0.0,gamma_fixed
math500_10,math500,551,2.4288201332092285,2.4288201332092285,0.6628988981246948,0.6628988981246948,0.958772599697113,1.0,3.0,4.0,1,0.75,1.0,0.75,gamma_fixed
math500_10,math500,552,4.6669840812683105,4.6669840812683105,0.3278384506702423,0.3278384506702423,0.8860687017440796,1.0,2.0,4.0,1,0.5,0.6666666666666666,0.5,gamma_fixed
math500_10,math500,553,1.6667876243591309,1.6667876243591309,0.7555771470069885,0.7555771470069885,2.079124689102173,1.0,3.0,5.0,1,0.75,0.75,0.75,gamma_fixed
math500_10,math500,554,7.925158500671387,7.925158500671387,0.07681109011173248,0.07681109011173248,0.11115167289972305,1.0,4.0,5.0,1,1.0,1.0,1.0,gamma_fixed
math500_10,math500,555,3.7114431858062744,3.7114431858062744,0.4809781014919281,0.4809781014919281,0.02637031488120556,0.0,0.0,2.0,1,0.0,0.0,0.0,gamma_fixed
math500_10,math500,556,4.147212505340576,4.147212505340576,0.27986791729927063,0.27986791729927063,1.2193963527679443,1.0,3.0,4.0,1,0.75,1.0,0.75,gamma_fixed
math500_10,math500,557,3.7773547172546387,3.7773547172546387,0.40820077061653137,0.40820077061653137,2.958543300628662,0.0,0.0,2.0,1,0.0,0.0,0.0,gamma_fixed
math500_10,math500,558,2.7710375785827637,2.7710375785827637,0.45738649368286133,0.45738649368286133,2.1290243239491247e-06,0.0,0.0,2.0,1,0.0,0.0,0.0,gamma_fixed
math500_10,math500,559,4.9748125076293945,4.9748125076293945,0.33137911558151245,0.33137911558151245,1.053117036819458,1.0,1.0,3.0,1,0.25,0.5,0.25,gamma_fixed
math500_10,math500,560,2.4267961978912354,2.4267961978912354,0.677294909954071,0.677294909954071,1.4889843463897705,1.0,1.0,2.0,1,0.25,1.0,0.25,gamma_fixed
math500_10,math500,561,1.353654146194458,1.353654146194458,0.8196707367897034,0.8196707367897034,1.4410229921340942,1.0,1.0,3.0,1,0.25,0.5,0.25,gamma_fixed
math500_10,math500,562,2.3009815216064453,2.3009815216064453,0.637814998626709,0.637814998626709,4.764978802995756e-05,0.0,0.0,2.0,1,0.0,0.0,0.0,gamma_fixed
math500_10,math500,563,3.1753628253936768,3.1753628253936768,0.5279932022094727,0.5279932022094727,1.0013489723205566,0.0,0.0,2.0,1,0.0,0.0,0.0,gamma_fixed
math500_10,math500,564,3.580063819885254,3.580063819885254,0.5656248331069946,0.5656248331069946,1.921203418575601e-09,0.0,0.0,2.0,1,0.0,0.0,0.0,gamma_fixed
math500_10,math500,565,0.02600107342004776,0.02600107342004776,0.9985400438308716,0.9985400438308716,1.3772897720336914,1.0,2.0,4.0,1,0.5,0.6666666666666666,0.5,gamma_fixed
math500_10,math500,566,8.879538536071777,8.879538536071777,0.1574522852897644,0.1574522852897644,6.567850505234674e-06,1.0,1.0,2.0,1,0.25,1.0,0.25,gamma_fixed
math500_10,math500,567,3.356900691986084,3.356900691986084,0.49940598011016846,0.49940598011016846,2.5305283069610596,0.0,0.0,2.0,1,0.0,0.0,0.0,gamma_fixed
math500_10,math500,568,0.5169997215270996,0.5169997215270996,0.897324800491333,0.897324800491333,3.5289101600646973,1.0,1.0,3.0,1,0.25,0.5,0.25,gamma_fixed
math500_10,math500,569,1.4098360538482666,1.4098360538482666,0.8513868451118469,0.8513868451118469,0.045301780104637146,1.0,2.0,4.0,1,0.5,0.6666666666666666,0.5,gamma_fixed
math500_10,math500,570,3.3487186431884766,3.3487186431884766,0.35344088077545166,0.35344088077545166,0.03226276859641075,1.0,2.0,3.0,1,0.5,1.0,0.5,gamma_fixed
math500_10,math500,571,7.778470993041992,7.778470993041992,0.1895531266927719,0.1895531266927719,0.013048898428678513,1.0,1.0,3.0,1,0.25,0.5,0.25,gamma_fixed
math500_10,math500,572,6.937664985656738,6.937664985656738,0.11485756188631058,0.11485756188631058,0.7147026062011719,0.0,0.0,2.0,1,0.0,0.0,0.0,gamma_fixed
math500_10,math500,573,4.067631721496582,4.067631721496582,0.2976270616054535,0.2976270616054535,2.296311140060425,0.0,0.0,2.0,1,0.0,0.0,0.0,gamma_fixed
math500_10,math500,574,6.695441246032715,6.695441246032715,0.20616024732589722,0.20616024732589722,0.008354374207556248,0.0,0.0,2.0,1,0.0,0.0,0.0,gamma_fixed
math500_10,math500,575,4.330434799194336,4.330434799194336,0.4074043035507202,0.4074043035507202,2.5370684397785226e-07,1.0,2.0,3.0,1,0.5,1.0,0.5,gamma_fixed
math500_10,math500,576,5.374921798706055,5.374921798706055,0.18661437928676605,0.18661437928676605,0.8437638878822327,0.0,0.0,2.0,1,0.0,0.0,0.0,gamma_fixed
math500_10,math500,577,10.095989227294922,10.095989227294922,0.05752884969115257,0.05752884969115257,1.696781873703003,0.0,0.0,2.0,1,0.0,0.0,0.0,gamma_fixed
math500_10,math500,578,3.2178614139556885,3.2178614139556885,0.5728514194488525,0.5728514194488525,2.0618207454681396,0.0,0.0,2.0,1,0.0,0.0,0.0,gamma_fixed
math500_10,math500,579,4.657275676727295,4.657275676727295,0.3650165796279907,0.3650165796279907,6.20950959273614e-05,1.0,2.0,3.0,1,0.5,1.0,0.5,gamma_fixed
math500_10,math500,580,5.596979141235352,5.596979141235352,0.1812264621257782,0.1812264621257782,0.234557643532753,1.0,3.0,4.0,1,0.75,1.0,0.75,gamma_fixed
math500_10,math500,581,2.9704158306121826,2.9704158306121826,0.3960283398628235,0.3960283398628235,5.402951686050983e-08,1.0,2.0,3.0,1,0.5,1.0,0.5,gamma_fixed
math500_10,math500,582,5.356200695037842,5.356200695037842,0.2037583887577057,0.2037583887577057,2.648564077389892e-06,0.0,0.0,2.0,1,0.0,0.0,0.0,gamma_fixed
math500_10,math500,583,5.1634979248046875,5.1634979248046875,0.2834435701370239,0.2834435701370239,1.2007396221160889,0.0,0.0,2.0,1,0.0,0.0,0.0,gamma_fixed
math500_10,math500,584,4.280912399291992,4.280912399291992,0.3020189106464386,0.3020189106464386,3.4935519695281982,1.0,2.0,3.0,1,0.5,1.0,0.5,gamma_fixed
math500_10,math500,585,3.0405654907226562,3.0405654907226562,0.3604118824005127,0.3604118824005127,0.761161744594574,1.0,2.0,3.0,1,0.5,1.0,0.5,gamma_fixed
math500_10,math500,586,4.867299556732178,4.867299556732178,0.32433557510375977,0.32433557510375977,1.1251215934753418,1.0,3.0,5.0,1,0.75,0.75,0.75,gamma_fixed
math500_10,math500,587,4.104868412017822,4.104868412017822,0.47098472714424133,0.47098472714424133,0.20979182422161102,1.0,1.0,3.0,1,0.25,0.5,0.25,gamma_fixed
math500_10,math500,588,1.725717306137085,1.725717306137085,0.7983407974243164,0.7983407974243164,0.7022661566734314,1.0,2.0,4.0,1,0.5,0.6666666666666666,0.5,gamma_fixed
math500_10,math500,589,4.670089244842529,4.670089244842529,0.3657301962375641,0.3657301962375641,0.050879672169685364,0.0,0.0,2.0,1,0.0,0.0,0.0,gamma_fixed
math500_10,math500,590,5.211845397949219,5.211845397949219,0.2445823848247528,0.2445823848247528,1.0785977840423584,0.0,0.0,2.0,1,0.0,0.0,0.0,gamma_fixed
math500_10,math500,591,5.175704479217529,5.175704479217529,0.2498939335346222,0.2498939335346222,1.6942663192749023,0.0,0.0,2.0,1,0.0,0.0,0.0,gamma_fixed
math500_10,math500,592,3.032036781311035,3.032036781311035,0.5415709018707275,0.5415709018707275,0.4735001027584076,0.0,0.0,2.0,1,0.0,0.0,0.0,gamma_fixed
math500_10,math500,593,4.05995512008667,4.05995512008667,0.3906507194042206,0.3906507194042206,0.6603327393531799,1.0,2.0,5.0,1,0.5,0.5,0.5,gamma_fixed
math500_10,math500,594,2.8224616050720215,2.8224616050720215,0.5162661671638489,0.5162661671638489,0.009232752956449986,1.0,3.0,4.0,1,0.75,1.0,0.75,gamma_fixed
math500_10,math500,595,1.0549557209014893,1.0549557209014893,0.9108438491821289,0.9108438491821289,1.4870383739471436,1.0,2.0,4.0,1,0.5,0.6666666666666666,0.5,gamma_fixed
math500_10,math500,596,7.919229030609131,7.919229030609131,0.1306600719690323,0.1306600719690323,0.0009531315299682319,1.0,1.0,3.0,1,0.25,0.5,0.25,gamma_fixed
math500_10,math500,597,6.39874267578125,6.39874267578125,0.20020800828933716,0.20020800828933716,1.1966094970703125,0.0,0.0,2.0,1,0.0,0.0,0.0,gamma_fixed
math500_10,math500,598,6.372384548187256,6.372384548187256,0.1753079891204834,0.1753079891204834,1.8028905391693115,0.0,0.0,2.0,1,0.0,0.0,0.0,gamma_fixed
math500_10,math500,599,1.3527750968933105,1.3527750968933105,0.7769017815589905,0.7769017815589905,0.0021063736639916897,1.0,4.0,5.0,1,1.0,1.0,1.0,gamma_fixed
math500_10,math500,600,5.595685958862305,5.595685958862305,0.42549923062324524,0.42549923062324524,1.844212293624878,1.0,2.0,3.0,1,0.5,1.0,0.5,gamma_fixed
math500_10,math500,601,3.3260931968688965,3.3260931968688965,0.28678473830223083,0.28678473830223083,0.4870593547821045,1.0,1.0,3.0,1,0.25,0.5,0.25,gamma_fixed
math500_10,math500,602,9.633810997009277,9.633810997009277,0.12763333320617676,0.12763333320617676,0.17630603909492493,1.0,2.0,4.0,1,0.5,0.6666666666666666,0.5,gamma_fixed
math500_10,math500,603,1.7107161283493042,1.7107161283493042,0.7825172543525696,0.7825172543525696,0.12147636711597443,1.0,1.0,3.0,1,0.25,0.5,0.25,gamma_fixed
math500_10,math500,604,2.0243287086486816,2.0243287086486816,0.7881734371185303,0.7881734371185303,2.839786406028111e-09,0.0,0.0,2.0,1,0.0,0.0,0.0,gamma_fixed
math500_10,math500,605,4.381100177764893,4.381100177764893,0.3445797562599182,0.3445797562599182,1.5526599884033203,1.0,2.0,4.0,1,0.5,0.6666666666666666,0.5,gamma_fixed
math500_10,math500,606,2.9595882892608643,2.9595882892608643,0.4765365421772003,0.4765365421772003,0.4546160101890564,1.0,2.0,3.0,1,0.5,1.0,0.5,gamma_fixed
math500_10,math500,607,3.406789541244507,3.406789541244507,0.3513759970664978,0.3513759970664978,0.14203819632530212,0.0,0.0,2.0,1,0.0,0.0,0.0,gamma_fixed
math500_10,math500,608,1.4709088802337646,1.4709088802337646,0.8048969507217407,0.8048969507217407,0.018453562632203102,0.0,0.0,2.0,1,0.0,0.0,0.0,gamma_fixed
math500_10,math500,609,1.6849045753479004,1.6849045753479004,0.7222098708152771,0.7222098708152771,1.6678153770044446e-05,1.0,3.0,5.0,1,0.75,0.75,0.75,gamma_fixed
math500_10,math500,610,5.352031230926514,5.352031230926514,0.4018722176551819,0.4018722176551819,2.3220648765563965,1.0,1.0,2.0,1,0.25,1.0,0.25,gamma_fixed
math500_10,math500,611,3.191856861114502,3.191856861114502,0.5887314677238464,0.5887314677238464,0.5147714018821716,1.0,2.0,3.0,1,0.5,1.0,0.5,gamma_fixed
math500_10,math500,612,8.546991348266602,8.546991348266602,0.16925188899040222,0.16925188899040222,0.001142050139605999,1.0,1.0,3.0,1,0.25,0.5,0.25,gamma_fixed
math500_10,math500,613,5.192885398864746,5.192885398864746,0.20158129930496216,0.20158129930496216,0.6590060591697693,1.0,1.0,2.0,1,0.25,1.0,0.25,gamma_fixed
math500_10,math500,614,0.4047076106071472,0.4047076106071472,0.9643062353134155,0.9643062353134155,0.1604488641023636,1.0,2.0,5.0,1,0.5,0.5,0.5,gamma_fixed
math500_10,math500,615,6.819427013397217,6.819427013397217,0.13935883343219757,0.13935883343219757,0.0041036419570446014,1.0,1.0,2.0,1,0.25,1.0,0.25,gamma_fixed
math500_10,math500,616,4.135186195373535,4.135186195373535,0.5072704553604126,0.5072704553604126,0.9577802419662476,1.0,1.0,2.0,1,0.25,1.0,0.25,gamma_fixed
math500_10,math500,617,1.4365603923797607,1.4365603923797607,0.825494647026062,0.825494647026062,0.2824939787387848,1.0,2.0,4.0,1,0.5,0.6666666666666666,0.5,gamma_fixed
math500_10,math500,618,6.576414585113525,6.576414585113525,0.1043749451637268,0.1043749451637268,0.09558038413524628,0.0,0.0,2.0,1,0.0,0.0,0.0,gamma_fixed
math500_10,math500,619,3.081876277923584,3.081876277923584,0.4420173168182373,0.4420173168182373,0.7394040822982788,1.0,2.0,3.0,1,0.5,1.0,0.5,gamma_fixed
math500_10,math500,620,2.1768834590911865,2.1768834590911865,0.5254213809967041,0.5254213809967041,1.4135849475860596,1.0,1.0,3.0,1,0.25,0.5,0.25,gamma_fixed
math500_10,math500,621,3.510122060775757,3.510122060775757,0.4036421775817871,0.4036421775817871,0.8177495002746582,0.0,0.0,2.0,1,0.0,0.0,0.0,gamma_fixed
math500_10,math500,622,4.188586235046387,4.188586235046387,0.1910398006439209,0.1910398006439209,1.256321668624878,1.0,2.0,4.0,1,0.5,0.6666666666666666,0.5,gamma_fixed
math500_10,math500,623,4.817124366760254,4.817124366760254,0.35171931982040405,0.35171931982040405,0.3286493718624115,1.0,1.0,3.0,1,0.25,0.5,0.25,gamma_fixed
math500_10,math500,624,3.053267002105713,3.053267002105713,0.3227557837963104,0.3227557837963104,0.8401514887809753,0.0,0.0,2.0,1,0.0,0.0,0.0,gamma_fixed
math500_10,math500,625,7.2926130294799805,7.2926130294799805,0.18175819516181946,0.18175819516181946,9.630879205246856e-09,0.0,0.0,2.0,1,0.0,0.0,0.0,gamma_fixed
math500_10,math500,626,3.2148914337158203,3.2148914337158203,0.5331746339797974,0.5331746339797974,0.39319297671318054,1.0,2.0,4.0,1,0.5,0.6666666666666666,0.5,gamma_fixed
math500_10,math500,627,1.8106623888015747,1.8106623888015747,0.6138300895690918,0.6138300895690918,8.921220796764828e-06,1.0,1.0,3.0,1,0.25,0.5,0.25,gamma_fixed
math500_10,math500,628,4.580839157104492,4.580839157104492,0.3233867883682251,0.3233867883682251,1.8849590560421348e-05,1.0,2.0,4.0,1,0.5,0.6666666666666666,0.5,gamma_fixed
math500_10,math500,629,1.7930634021759033,1.7930634021759033,0.670549213886261,0.670549213886261,0.0030519277788698673,1.0,1.0,3.0,1,0.25,0.5,0.25,gamma_fixed
math500_10,math500,630,4.5675458908081055,4.5675458908081055,0.31930723786354065,0.31930723786354065,0.0018189586699008942,0.0,0.0,2.0,1,0.0,0.0,0.0,gamma_fixed
math500_10,math500,631,2.2840332984924316,2.2840332984924316,0.6044610738754272,0.6044610738754272,0.009057183749973774,1.0,1.0,3.0,1,0.25,0.5,0.25,gamma_fixed
math500_10,math500,632,1.1931008100509644,1.1931008100509644,0.8920823931694031,0.8920823931694031,0.45456168055534363,1.0,2.0,3.0,1,0.5,1.0,0.5,gamma_fixed
math500_10,math500,633,1.7700142860412598,1.7700142860412598,0.7733062505722046,0.7733062505722046,0.8924703598022461,1.0,1.0,3.0,1,0.25,0.5,0.25,gamma_fixed
math500_10,math500,634,3.1301209926605225,3.1301209926605225,0.2828904986381531,0.2828904986381531,0.2509259283542633,1.0,1.0,4.0,1,0.25,0.3333333333333333,0.25,gamma_fixed
math500_10,math500,635,2.858912467956543,2.858912467956543,0.5959621667861938,0.5959621667861938,0.0007716988329775631,1.0,1.0,4.0,1,0.25,0.3333333333333333,0.25,gamma_fixed
math500_10,math500,636,7.733089447021484,7.733089447021484,0.13935883343219757,0.13935883343219757,0.49451687932014465,0.0,0.0,2.0,1,0.0,0.0,0.0,gamma_fixed
math500_10,math500,637,1.4812605381011963,1.4812605381011963,0.8154790997505188,0.8154790997505188,0.17509861290454865,1.0,2.0,4.0,1,0.5,0.6666666666666666,0.5,gamma_fixed
math500_10,math500,638,5.966358184814453,5.966358184814453,0.2031623274087906,0.2031623274087906,1.506907343864441,1.0,2.0,4.0,1,0.5,0.6666666666666666,0.5,gamma_fixed
math500_10,math500,639,5.456401348114014,5.456401348114014,0.247223898768425,0.247223898768425,0.006220041774213314,0.0,0.0,2.0,1,0.0,0.0,0.0,gamma_fixed
math500_10,math500,640,6.6794023513793945,6.6794023513793945,0.3094831705093384,0.3094831705093384,0.9339377880096436,0.0,0.0,2.0,1,0.0,0.0,0.0,gamma_fixed
math500_10,math500,641,5.150925636291504,5.150925636291504,0.2188144475221634,0.2188144475221634,2.3608198165893555,0.0,0.0,2.0,1,0.0,0.0,0.0,gamma_fixed
math500_10,math500,642,0.8990122079849243,0.8990122079849243,0.8885502815246582,0.8885502815246582,1.3310097455978394,0.0,0.0,3.0,1,0.0,0.0,0.0,gamma_fixed
math500_10,math500,643,3.1387839317321777,3.1387839317321777,0.25657057762145996,0.25657057762145996,0.44653281569480896,1.0,1.0,3.0,1,0.25,0.5,0.25,gamma_fixed
math500_10,math500,644,1.4496057033538818,1.4496057033538818,0.7969775795936584,0.7969775795936584,0.0002548100892454386,1.0,3.0,5.0,1,0.75,0.75,0.75,gamma_fixed
math500_10,math500,645,5.265031814575195,5.265031814575195,0.30290502309799194,0.30290502309799194,0.8993528485298157,1.0,2.0,3.0,1,0.5,1.0,0.5,gamma_fixed
math500_10,math500,646,2.3043816089630127,2.3043816089630127,0.5187931656837463,0.5187931656837463,2.671041147550568e-05,1.0,4.0,5.0,1,1.0,1.0,1.0,gamma_fixed
math500_10,math500,647,4.523101806640625,4.523101806640625,0.38817885518074036,0.38817885518074036,0.050242096185684204,0.0,0.0,2.0,1,0.0,0.0,0.0,gamma_fixed
math500_10,math500,648,2.5580532550811768,2.5580532550811768,0.594508945941925,0.594508945941925,0.0015138087328523397,0.0,0.0,2.0,1,0.0,0.0,0.0,gamma_fixed
math500_10,math500,649,3.7079625129699707,3.7079625129699707,0.5185399055480957,0.5185399055480957,0.516157865524292,0.0,0.0,2.0,1,0.0,0.0,0.0,gamma_fixed
math500_10,math500,650,4.419699668884277,4.419699668884277,0.27768996357917786,0.27768996357917786,0.7991346120834351,0.0,0.0,2.0,1,0.0,0.0,0.0,gamma_fixed
math500_10,math500,651,0.25737395882606506,0.25737395882606506,0.9738287925720215,0.9738287925720215,1.0019960403442383,1.0,1.0,3.0,1,0.25,0.5,0.25,gamma_fixed
math500_10,math500,652,7.9334259033203125,7.9334259033203125,0.09805118292570114,0.09805118292570114,0.0009655620669946074,0.0,0.0,2.0,1,0.0,0.0,0.0,gamma_fixed
math500_10,math500,653,6.925297737121582,6.925297737121582,0.10478345304727554,0.10478345304727554,0.0008438756340183318,0.0,0.0,2.0,1,0.0,0.0,0.0,gamma_fixed
math500_10,math500,654,3.377950429916382,3.377950429916382,0.40979844331741333,0.40979844331741333,0.7166791558265686,0.0,0.0,2.0,1,0.0,0.0,0.0,gamma_fixed
math500_10,math500,655,5.253419399261475,5.253419399261475,0.30320098996162415,0.30320098996162415,1.2381784915924072,0.0,0.0,2.0,1,0.0,0.0,0.0,gamma_fixed
math500_10,math500,656,0.7098256349563599,0.7098256349563599,0.9174836277961731,0.9174836277961731,0.266653835773468,1.0,2.0,4.0,1,0.5,0.6666666666666666,0.5,gamma_fixed
math500_10,math500,657,1.5210953950881958,1.5210953950881958,0.8388014435768127,0.8388014435768127,0.0894826129078865,1.0,1.0,3.0,1,0.25,0.5,0.25,gamma_fixed
math500_10,math500,658,4.299542427062988,4.299542427062988,0.3773397207260132,0.3773397207260132,0.4223588705062866,0.0,0.0,2.0,1,0.0,0.0,0.0,gamma_fixed
math500_10,math500,659,3.060631036758423,3.060631036758423,0.43473970890045166,0.43473970890045166,1.6270513534545898,1.0,1.0,3.0,1,0.25,0.5,0.25,gamma_fixed
math500_10,math500,660,0.8057984113693237,0.8057984113693237,0.8948090076446533,0.8948090076446533,1.1286954879760742,1.0,1.0,3.0,1,0.25,0.5,0.25,gamma_fixed
math500_10,math500,661,5.5119709968566895,5.5119709968566895,0.1517164260149002,0.1517164260149002,0.0034643206745386124,0.0,0.0,2.0,1,0.0,0.0,0.0,gamma_fixed
math500_10,math500,662,1.8995344638824463,1.8995344638824463,0.6782878041267395,0.6782878041267395,3.816690252733679e-08,1.0,4.0,5.0,1,1.0,1.0,1.0,gamma_fixed
math500_10,math500,663,6.86585807800293,6.86585807800293,0.13746650516986847,0.13746650516986847,0.6137943267822266,0.0,0.0,2.0,1,0.0,0.0,0.0,gamma_fixed
math500_10,math500,664,2.699131965637207,2.699131965637207,0.5323941707611084,0.5323941707611084,0.4854942262172699,0.0,0.0,3.0,1,0.0,0.0,0.0,gamma_fixed
math500_10,math500,665,1.930210828781128,1.930210828781128,0.6319251656532288,0.6319251656532288,0.0005247354274615645,1.0,4.0,5.0,1,1.0,1.0,1.0,gamma_fixed
math500_10,math500,666,4.134625434875488,4.134625434875488,0.40760326385498047,0.40760326385498047,0.4905311167240143,1.0,2.0,3.0,1,0.5,1.0,0.5,gamma_fixed
math500_10,math500,667,1.0735962390899658,1.0735962390899658,0.8467229008674622,0.8467229008674622,0.06716462969779968,1.0,4.0,5.0,1,1.0,1.0,1.0,gamma_fixed
math500_10,math500,668,0.15913596749305725,0.15913596749305725,0.9880329966545105,0.9880329966545105,0.00026853778399527073,1.0,2.0,4.0,1,0.5,0.6666666666666666,0.5,gamma_fixed
math500_10,math500,669,3.0953807830810547,3.0953807830810547,0.550636887550354,0.550636887550354,0.9810711145401001,0.0,0.0,2.0,1,0.0,0.0,0.0,gamma_fixed
math500_10,math500,670,5.181065082550049,5.181065082550049,0.1741136759519577,0.1741136759519577,0.5069389343261719,0.0,0.0,2.0,1,0.0,0.0,0.0,gamma_fixed
math500_10,math500,671,1.5510733127593994,1.5510733127593994,0.594508945941925,0.594508945941925,0.32628679275512695,1.0,1.0,3.0,1,0.25,0.5,0.25,gamma_fixed
math500_10,math500,672,2.5281167030334473,2.5281167030334473,0.4470093548297882,0.4470093548297882,1.60599455512056e-07,1.0,2.0,5.0,1,0.5,0.5,0.5,gamma_fixed
math500_10,math500,673,3.9463050365448,3.9463050365448,0.35413187742233276,0.35413187742233276,1.0003314018249512,1.0,2.0,3.0,1,0.5,1.0,0.5,gamma_fixed
math500_10,math500,674,0.34310653805732727,0.34310653805732727,0.9701654314994812,0.9701654314994812,0.3996553421020508,1.0,4.0,5.0,1,1.0,1.0,1.0,gamma_fixed
math500_10,math500,675,3.1420488357543945,3.1420488357543945,0.6437597274780273,0.6437597274780273,1.8666505813598633,0.0,0.0,3.0,1,0.0,0.0,0.0,gamma_fixed
math500_10,math500,676,1.4093480110168457,1.4093480110168457,0.8025423884391785,0.8025423884391785,0.5856800079345703,1.0,1.0,4.0,1,0.25,0.3333333333333333,0.25,gamma_fixed
math500_10,math500,677,4.448821544647217,4.448821544647217,0.42239415645599365,0.42239415645599365,1.450519675927353e-06,1.0,1.0,3.0,1,0.25,0.5,0.25,gamma_fixed
math500_10,math500,678,7.239484786987305,7.239484786987305,0.14350201189517975,0.14350201189517975,0.15009793639183044,1.0,2.0,3.0,1,0.5,1.0,0.5,gamma_fixed
math500_10,math500,679,10.676336288452148,10.676336288452148,0.10215643048286438,0.10215643048286438,0.003757770173251629,0.0,0.0,2.0,1,0.0,0.0,0.0,gamma_fixed
math500_10,math500,680,6.294183731079102,6.294183731079102,0.3503480553627014,0.3503480553627014,1.4375848770141602,1.0,3.0,4.0,1,0.75,1.0,0.75,gamma_fixed
math500_10,math500,681,3.180349349975586,3.180349349975586,0.47167515754699707,0.47167515754699707,0.979595422744751,1.0,1.0,3.0,1,0.25,0.5,0.25,gamma_fixed
math500_10,math500,682,8.105691909790039,8.105691909790039,0.34966444969177246,0.34966444969177246,0.6012569069862366,1.0,3.0,5.0,1,0.75,0.75,0.75,gamma_fixed
math500_10,math500,683,3.662917137145996,3.662917137145996,0.6138300895690918,0.6138300895690918,3.235024996683933e-05,1.0,1.0,2.0,1,0.25,1.0,0.25,gamma_fixed
math500_10,math500,684,0.09211783856153488,0.09211783856153488,0.9926532506942749,0.9926532506942749,0.9415276050567627,1.0,2.0,4.0,1,0.5,0.6666666666666666,0.5,gamma_fixed
math500_10,math500,685,6.919854640960693,6.919854640960693,0.13428209722042084,0.13428209722042084,3.4513072967529297,0.0,0.0,2.0,1,0.0,0.0,0.0,gamma_fixed
math500_10,math500,686,3.586902141571045,3.586902141571045,0.3408980369567871,0.3408980369567871,5.851663331668533e-08,0.0,0.0,2.0,1,0.0,0.0,0.0,gamma_fixed
math500_10,math500,687,3.896430730819702,3.896430730819702,0.2503824830055237,0.2503824830055237,2.922159001172986e-05,1.0,1.0,3.0,1,0.25,0.5,0.25,gamma_fixed
math500_10,math500,688,1.055059552192688,1.055059552192688,0.8589026927947998,0.8589026927947998,2.249505043029785,1.0,2.0,4.0,1,0.5,0.6666666666666666,0.5,gamma_fixed
math500_10,math500,689,4.109211444854736,4.109211444854736,0.3586563467979431,0.3586563467979431,0.11108064651489258,0.0,0.0,2.0,1,0.0,0.0,0.0,gamma_fixed
math500_10,math500,690,6.729132652282715,6.729132652282715,0.11002680659294128,0.11002680659294128,1.078148365020752,0.0,0.0,2.0,1,0.0,0.0,0.0,gamma_fixed
math500_10,math500,691,1.838030219078064,1.838030219078064,0.7603884935379028,0.7603884935379028,1.2214198112487793,0.0,0.0,2.0,1,0.0,0.0,0.0,gamma_fixed
math500_10,math500,692,0.3198156952857971,0.3198156952857971,0.9666633009910583,0.9666633009910583,0.003889748128131032,1.0,2.0,4.0,1,0.5,0.6666666666666666,0.5,gamma_fixed
math500_10,math500,693,5.035459995269775,5.035459995269775,0.247223898768425,0.247223898768425,0.000686154467985034,0.0,0.0,2.0,1,0.0,0.0,0.0,gamma_fixed
math500_10,math500,694,4.48903751373291,4.48903751373291,0.43093550205230713,0.43093550205230713,5.461735781864263e-05,1.0,2.0,3.0,1,0.5,1.0,0.5,gamma_fixed
math500_10,math500,695,6.356884956359863,6.356884956359863,0.1422462910413742,0.1422462910413742,1.243043303489685,0.0,0.0,2.0,1,0.0,0.0,0.0,gamma_fixed
math500_10,math500,696,3.5889809131622314,3.5889809131622314,0.31527912616729736,0.31527912616729736,0.001180956489406526,1.0,1.0,2.0,1,0.25,1.0,0.25,gamma_fixed
math500_10,math500,697,1.9908558130264282,1.9908558130264282,0.5824410319328308,0.5824410319328308,1.6483914852142334,1.0,1.0,3.0,1,0.25,0.5,0.25,gamma_fixed
math500_10,math500,698,1.3699311017990112,1.3699311017990112,0.8079485893249512,0.8079485893249512,0.2426360845565796,1.0,3.0,4.0,1,0.75,1.0,0.75,gamma_fixed
math500_10,math500,699,2.702533483505249,2.702533483505249,0.4723665714263916,0.4723665714263916,2.9542465209960938,1.0,1.0,3.0,1,0.25,0.5,0.25,gamma_fixed
math500_10,math500,700,1.065089225769043,1.065089225769043,0.5316149592399597,0.5316149592399597,1.9972487688064575,1.0,2.0,4.0,1,0.5,0.6666666666666666,0.5,gamma_fixed
math500_10,math500,701,3.861393928527832,3.861393928527832,0.3628840744495392,0.3628840744495392,0.47159114480018616,0.0,0.0,2.0,1,0.0,0.0,0.0,gamma_fixed
math500_10,math500,702,1.5090810060501099,1.5090810060501099,0.7506128549575806,0.7506128549575806,0.8407695293426514,1.0,2.0,3.0,1,0.5,1.0,0.5,gamma_fixed
math500_10,math500,703,1.0850703716278076,1.0850703716278076,0.849829375743866,0.849829375743866,1.7783255577087402,1.0,1.0,4.0,1,0.25,0.3333333333333333,0.25,gamma_fixed
math500_10,math500,704,3.293506622314453,3.293506622314453,0.6478591561317444,0.6478591561317444,2.2167932987213135,0.0,0.0,2.0,1,0.0,0.0,0.0,gamma_fixed
math500_10,math500,705,5.434816360473633,5.434816360473633,0.2739192545413971,0.2739192545413971,1.4470107555389404,1.0,1.0,3.0,1,0.25,0.5,0.25,gamma_fixed
math500_10,math500,706,1.1200249195098877,1.1200249195098877,0.8654278516769409,0.8654278516769409,3.388556480407715,0.0,0.0,3.0,1,0.0,0.0,0.0,gamma_fixed
math500_10,math500,707,4.07072639465332,4.07072639465332,0.28594574332237244,0.28594574332237244,1.970982313156128,0.0,0.0,2.0,1,0.0,0.0,0.0,gamma_fixed
math500_10,math500,708,2.1783018112182617,2.1783018112182617,0.6489672064781189,0.6489672064781189,1.0915426015853882,1.0,1.0,3.0,1,0.25,0.5,0.25,gamma_fixed
math500_10,math500,709,6.484982490539551,6.484982490539551,0.34525343775749207,0.34525343775749207,0.08659590035676956,1.0,1.0,3.0,1,0.25,0.5,0.25,gamma_fixed
math500_10,math500,710,4.291290760040283,4.291290760040283,0.28399771451950073,0.28399771451950073,2.057074546813965,1.0,1.0,3.0,1,0.25,0.5,0.25,gamma_fixed
math500_10,math500,711,0.2846531867980957,0.2846531867980957,0.979611337184906,0.979611337184906,0.026754986494779587,1.0,1.0,3.0,1,0.25,0.5,0.25,gamma_fixed
math500_10,math500,712,4.043186187744141,4.043186187744141,0.2834435701370239,0.2834435701370239,1.5019922256469727,0.0,0.0,2.0,1,0.0,0.0,0.0,gamma_fixed
math500_10,math500,713,5.497187614440918,5.497187614440918,0.29704633355140686,0.29704633355140686,0.09818901121616364,1.0,1.0,3.0,1,0.25,0.5,0.25,gamma_fixed
math500_10,math500,714,1.8192253112792969,1.8192253112792969,0.8025423884391785,0.8025423884391785,1.2404344081878662,0.0,0.0,2.0,1,0.0,0.0,0.0,gamma_fixed
math500_10,math500,715,0.3484771251678467,0.3484771251678467,0.9654250741004944,0.9654250741004944,0.00012919747678097337,1.0,2.0,4.0,1,0.5,0.6666666666666666,0.5,gamma_fixed
math500_10,math500,716,3.221808910369873,3.221808910369873,0.40069660544395447,0.40069660544395447,9.456282714381814e-05,0.0,0.0,2.0,1,0.0,0.0,0.0,gamma_fixed
math500_10,math500,717,1.3973804712295532,1.3973804712295532,0.8773411512374878,0.8773411512374878,1.311211109161377,1.0,3.0,5.0,1,0.75,0.75,0.75,gamma_fixed
math500_10,math500,718,3.637457847595215,3.637457847595215,0.32624155282974243,0.32624155282974243,1.9391446113586426,1.0,1.0,3.0,1,0.25,0.5,0.25,gamma_fixed
math500_10,math500,719,4.565986633300781,4.565986633300781,0.17428378760814667,0.17428378760814667,0.2017994374036789,1.0,2.0,3.0,1,0.5,1.0,0.5,gamma_fixed
math500_10,math500,720,2.631324291229248,2.631324291229248,0.517022967338562,0.517022967338562,1.0436807870864868,1.0,1.0,3.0,1,0.25,0.5,0.25,gamma_fixed
math500_10,math500,721,2.9418342113494873,2.9418342113494873,0.5047996044158936,0.5047996044158936,0.013055927120149136,0.0,0.0,2.0,1,0.0,0.0,0.0,gamma_fixed
math500_10,math500,722,5.195232391357422,5.195232391357422,0.14704859256744385,0.14704859256744385,1.6189790964126587,0.0,0.0,2.0,1,0.0,0.0,0.0,gamma_fixed
math500_10,math500,723,5.32744026184082,5.32744026184082,0.18516212701797485,0.18516212701797485,1.954003095626831,1.0,1.0,2.0,1,0.25,1.0,0.25,gamma_fixed
math500_10,math500,724,0.6269453763961792,0.6269453763961792,0.9236078262329102,0.9236078262329102,0.09455863386392593,1.0,2.0,4.0,1,0.5,0.6666666666666666,0.5,gamma_fixed
math500_10,math500,725,6.084954261779785,6.084954261779785,0.12013482302427292,0.12013482302427292,1.4676687717437744,0.0,0.0,2.0,1,0.0,0.0,0.0,gamma_fixed
math500_10,math500,726,1.5108072757720947,1.5108072757720947,0.7790860533714294,0.7790860533714294,2.299532890319824,1.0,2.0,3.0,1,0.5,1.0,0.5,gamma_fixed
math500_10,math500,727,4.179555892944336,4.179555892944336,0.44919735193252563,0.44919735193252563,1.3896434307098389,1.0,3.0,4.0,1,0.75,1.0,0.75,gamma_fixed
math500_10,math500,728,3.2160401344299316,3.2160401344299316,0.3506903648376465,0.3506903648376465,6.664381544396747e-06,1.0,2.0,4.0,1,0.5,0.6666666666666666,0.5,gamma_fixed
math500_10,math500,729,3.111635684967041,3.111635684967041,0.5350000858306885,0.5350000858306885,1.4342221021652222,1.0,1.0,3.0,1,0.25,0.5,0.25,gamma_fixed
math500_10,math500,730,4.230861663818359,4.230861663818359,0.29733654856681824,0.29733654856681824,1.814978003501892,0.0,0.0,2.0,1,0.0,0.0,0.0,gamma_fixed
math500_10,math500,731,3.624925374984741,3.624925374984741,0.38029924035072327,0.38029924035072327,0.15911655128002167,1.0,1.0,3.0,1,0.25,0.5,0.25,gamma_fixed
math500_10,math500,732,0.348109632730484,0.348109632730484,0.9731751680374146,0.9731751680374146,0.0001703336602076888,1.0,2.0,4.0,1,0.5,0.6666666666666666,0.5,gamma_fixed
math500_10,math500,733,1.8784112930297852,1.8784112930297852,0.8097258806228638,0.8097258806228638,1.2906732559204102,1.0,1.0,3.0,1,0.25,0.5,0.25,gamma_fixed
math500_10,math500,734,3.381500244140625,3.381500244140625,0.4680044949054718,0.4680044949054718,0.0009253983153030276,1.0,1.0,2.0,1,0.25,1.0,0.25,gamma_fixed
math500_10,math500,735,6.411564826965332,6.411564826965332,0.20118798315525055,0.20118798315525055,0.00014587451005354524,0.0,0.0,2.0,1,0.0,0.0,0.0,gamma_fixed
math500_10,math500,736,4.342410087585449,4.342410087585449,0.4042338728904724,0.4042338728904724,0.996758222579956,1.0,1.0,3.0,1,0.25,0.5,0.25,gamma_fixed
math500_10,math500,737,2.7785873413085938,2.7785873413085938,0.6478591561317444,0.6478591561317444,1.8445597887039185,0.0,0.0,2.0,1,0.0,0.0,0.0,gamma_fixed
math500_10,math500,738,4.414283752441406,4.414283752441406,0.26575106382369995,0.26575106382369995,0.24696260690689087,1.0,2.0,3.0,1,0.5,1.0,0.5,gamma_fixed
math500_10,math500,739,4.5666046142578125,4.5666046142578125,0.39525559544563293,0.39525559544563293,2.653975248336792,0.0,0.0,2.0,1,0.0,0.0,0.0,gamma_fixed
math500_10,math500,740,3.5209012031555176,3.5209012031555176,0.25858286023139954,0.25858286023139954,2.9451160430908203,1.0,1.0,3.0,1,0.25,0.5,0.25,gamma_fixed
math500_10,math500,741,2.930933713912964,2.930933713912964,0.7912583351135254,0.7912583351135254,0.9292886257171631,1.0,3.0,5.0,1,0.75,0.75,0.75,gamma_fixed
math500_10,math500,742,4.813394546508789,4.813394546508789,0.3076750934123993,0.3076750934123993,0.548686146736145,0.0,0.0,2.0,1,0.0,0.0,0.0,gamma_fixed
math500_10,math500,743,5.2655720710754395,5.2655720710754395,0.21902823448181152,0.21902823448181152,0.0885457992553711,0.0,0.0,2.0,1,0.0,0.0,0.0,gamma_fixed
math500_10,math500,744,4.330860137939453,4.330860137939453,0.4178810119628906,0.4178810119628906,3.1616108417510986,1.0,1.0,3.0,1,0.25,0.5,0.25,gamma_fixed
math500_10,math500,745,4.11922025680542,4.11922025680542,0.3483012318611145,0.3483012318611145,2.2479286193847656,1.0,1.0,4.0,1,0.25,0.3333333333333333,0.25,gamma_fixed
math500_10,math500,746,1.2766847610473633,1.2766847610473633,0.8682849407196045,0.8682849407196045,1.904533863067627,0.0,0.0,3.0,1,0.0,0.0,0.0,gamma_fixed
math500_10,math500,747,2.722672462463379,2.722672462463379,0.6050516963005066,0.6050516963005066,0.6168317794799805,1.0,1.0,2.0,1,0.25,1.0,0.25,gamma_fixed
math500_10,math500,748,1.732196569442749,1.732196569442749,0.7940643429756165,0.7940643429756165,1.1689492464065552,1.0,1.0,3.0,1,0.25,0.5,0.25,gamma_fixed
math500_10,math500,749,11.29606819152832,11.29606819152832,0.05136748030781746,0.05136748030781746,0.07247160375118256,0.0,0.0,2.0,1,0.0,0.0,0.0,gamma_fixed
math500_10,math500,750,7.407485008239746,7.407485008239746,0.1899237036705017,0.1899237036705017,1.70514976978302,0.0,0.0,2.0,1,0.0,0.0,0.0,gamma_fixed
math500_10,math500,751,4.445136547088623,4.445136547088623,0.35656100511550903,0.35656100511550903,0.3451199233531952,0.0,0.0,2.0,1,0.0,0.0,0.0,gamma_fixed
math500_10,math500,752,1.4185445308685303,1.4185445308685303,0.7689762115478516,0.7689762115478516,0.7845216989517212,1.0,1.0,3.0,1,0.25,0.5,0.25,gamma_fixed
math500_10,math500,753,2.741428852081299,2.741428852081299,0.5067753195762634,0.5067753195762634,0.00013697506801690906,1.0,1.0,4.0,1,0.25,0.3333333333333333,0.25,gamma_fixed
math500_10,math500,754,7.481247425079346,7.481247425079346,0.18158076703548431,0.18158076703548431,1.190873384475708,1.0,1.0,3.0,1,0.25,0.5,0.25,gamma_fixed
math500_10,math500,755,10.27838134765625,10.27838134765625,0.07576808333396912,0.07576808333396912,0.9485695362091064,1.0,2.0,4.0,1,0.5,0.6666666666666666,0.5,gamma_fixed
math500_10,math500,756,2.8929638862609863,2.8929638862609863,0.4664076268672943,0.4664076268672943,1.995743751525879,0.0,0.0,2.0,1,0.0,0.0,0.0,gamma_fixed
math500_10,math500,757,1.0063822269439697,1.0063822269439697,0.8665907382965088,0.8665907382965088,0.4416238069534302,0.0,0.0,3.0,1,0.0,0.0,0.0,gamma_fixed
math500_10,math500,758,4.413733005523682,4.413733005523682,0.3445797562599182,0.3445797562599182,0.05949188023805618,1.0,4.0,5.0,1,1.0,1.0,1.0,gamma_fixed
math500_10,math500,759,0.9034923315048218,0.9034923315048218,0.914241373538971,0.914241373538971,4.172244371147826e-05,1.0,1.0,3.0,1,0.25,0.5,0.25,gamma_fixed
math500_10,math500,760,1.469643473625183,1.469643473625183,0.8570175766944885,0.8570175766944885,3.10419991933486e-08,0.0,0.0,3.0,1,0.0,0.0,0.0,gamma_fixed
math500_10,math500,761,5.898278713226318,5.898278713226318,0.27579817175865173,0.27579817175865173,1.7440778776744992e-07,1.0,3.0,4.0,1,0.75,1.0,0.75,gamma_fixed
math500_10,math500,762,5.847525596618652,5.847525596618652,0.32149744033813477,0.32149744033813477,5.535905984288547e-06,0.0,0.0,2.0,1,0.0,0.0,0.0,gamma_fixed
math500_10,math500,763,1.6052197217941284,1.6052197217941284,0.8089354634284973,0.8089354634284973,4.6243545511970297e-05,0.0,0.0,2.0,1,0.0,0.0,0.0,gamma_fixed
math500_10,math500,764,4.895741939544678,4.895741939544678,0.32433557510375977,0.32433557510375977,0.9423208236694336,1.0,2.0,4.0,1,0.5,0.6666666666666666,0.5,gamma_fixed
math500_10,math500,765,1.9170606136322021,1.9170606136322021,0.7650437355041504,0.7650437355041504,1.0202990770339966,1.0,2.0,5.0,1,0.5,0.5,0.5,gamma_fixed
math500_10,math500,766,3.8798763751983643,3.8798763751983643,0.46709132194519043,0.46709132194519043,6.642612788709812e-06,0.0,0.0,2.0,1,0.0,0.0,0.0,gamma_fixed
math500_10,math500,767,7.278255939483643,7.278255939483643,0.311910480260849,0.311910480260849,4.6202237058423634e-07,1.0,2.0,3.0,1,0.5,1.0,0.5,gamma_fixed
math500_10,math500,768,6.657451629638672,6.657451629638672,0.3288002908229828,0.3288002908229828,5.034409332438372e-05,1.0,2.0,3.0,1,0.5,1.0,0.5,gamma_fixed
math500_10,math500,769,4.730557441711426,4.730557441711426,0.12250426411628723,0.12250426411628723,2.062403048341821e-08,1.0,2.0,3.0,1,0.5,1.0,0.5,gamma_fixed
math500_10,math500,770,3.745875358581543,3.745875358581543,0.6753135919570923,0.6753135919570923,0.5673441290855408,0.0,0.0,3.0,1,0.0,0.0,0.0,gamma_fixed
math500_10,math500,771,7.187058925628662,7.187058925628662,0.16024447977542877,0.16024447977542877,7.734803148196079e-06,0.0,0.0,3.0,1,0.0,0.0,0.0,gamma_fixed
math500_10,math500,772,1.9788179397583008,1.9788179397583008,0.7515297532081604,0.7515297532081604,0.1871575564146042,0.0,0.0,2.0,1,0.0,0.0,0.0,gamma_fixed
math500_10,math500,773,2.741145610809326,2.741145610809326,0.6183424592018127,0.6183424592018127,1.0756612489615236e-08,0.0,0.0,2.0,1,0.0,0.0,0.0,gamma_fixed
math500_10,math500,774,0.35177579522132874,0.35177579522132874,0.960576057434082,0.960576057434082,2.662581443786621,1.0,3.0,4.0,1,0.75,1.0,0.75,gamma_fixed
math500_10,math500,775,1.0705664157867432,1.0705664157867432,0.8718962073326111,0.8718962073326111,0.0013105252292007208,1.0,2.0,4.0,1,0.5,0.6666666666666666,0.5,gamma_fixed
math500_10,math500,776,0.8829265832901001,0.8829265832901001,0.8793783783912659,0.8793783783912659,0.3942193388938904,1.0,2.0,4.0,1,0.5,0.6666666666666666,0.5,gamma_fixed
math500_10,math500,777,6.252054214477539,6.252054214477539,0.41180431842803955,0.41180431842803955,2.142427921295166,1.0,1.0,4.0,1,0.25,0.3333333333333333,0.25,gamma_fixed
math500_10,math500,778,0.8524590730667114,0.8524590730667114,0.8749881982803345,0.8749881982803345,0.5897461771965027,1.0,2.0,4.0,1,0.5,0.6666666666666666,0.5,gamma_fixed
math500_10,math500,779,4.699599742889404,4.699599742889404,0.2324722707271576,0.2324722707271576,0.19934090971946716,0.0,0.0,2.0,1,0.0,0.0,0.0,gamma_fixed
math500_10,math500,780,6.141228675842285,6.141228675842285,0.30647557973861694,0.30647557973861694,2.7480132579803467,1.0,1.0,3.0,1,0.25,0.5,0.25,gamma_fixed
math500_10,math500,781,2.9230945110321045,2.9230945110321045,0.622887909412384,0.622887909412384,0.003539010649546981,1.0,3.0,5.0,1,0.75,0.75,0.75,gamma_fixed
math500_10,math500,782,4.255253791809082,4.255253791809082,0.32401901483535767,0.32401901483535767,0.00012532029359135777,1.0,1.0,3.0,1,0.25,0.5,0.25,gamma_fixed
math500_10,math500,783,4.8662567138671875,4.8662567138671875,0.4989185333251953,0.4989185333251953,8.249678103311453e-06,1.0,2.0,3.0,1,0.5,1.0,0.5,gamma_fixed
math500_10,math500,784,4.448399543762207,4.448399543762207,0.6035763025283813,0.6035763025283813,0.0002871014003176242,1.0,2.0,4.0,1,0.5,0.6666666666666666,0.5,gamma_fixed
math500_10,math500,785,4.499322891235352,4.499322891235352,0.28123781085014343,0.28123781085014343,1.6688771211192943e-05,1.0,2.0,4.0,1,0.5,0.6666666666666666,0.5,gamma_fixed
math500_10,math500,786,2.385739326477051,2.385739326477051,0.38969817757606506,0.38969817757606506,0.0013856682926416397,1.0,2.0,3.0,1,0.5,1.0,0.5,gamma_fixed
math500_10,math500,787,4.845576763153076,4.845576763153076,0.2747229337692261,0.2747229337692261,0.6830801963806152,0.0,0.0,2.0,1,0.0,0.0,0.0,gamma_fixed
math500_10,math500,788,3.189000368118286,3.189000368118286,0.31435683369636536,0.31435683369636536,0.9530330896377563,1.0,4.0,5.0,1,1.0,1.0,1.0,gamma_fixed
math500_10,math500,789,3.300668716430664,3.300668716430664,0.5587621927261353,0.5587621927261353,2.687452793121338,0.0,0.0,2.0,1,0.0,0.0,0.0,gamma_fixed
math500_10,math500,790,0.07023279368877411,0.07023279368877411,0.9930926561355591,0.9930926561355591,0.17641687393188477,1.0,3.0,4.0,1,0.75,1.0,0.75,gamma_fixed
math500_10,math500,791,4.450843811035156,4.450843811035156,0.3483012318611145,0.3483012318611145,0.10727079957723618,1.0,1.0,2.0,1,0.25,1.0,0.25,gamma_fixed
math500_10,math500,792,2.272503614425659,2.272503614425659,0.5695046782493591,0.5695046782493591,1.5792760848999023,1.0,3.0,4.0,1,0.75,1.0,0.75,gamma_fixed
math500_10,math500,793,5.472472190856934,5.472472190856934,0.4066093862056732,0.4066093862056732,0.0002869726449716836,1.0,2.0,3.0,1,0.5,1.0,0.5,gamma_fixed
math500_10,math500,794,3.3066556453704834,3.3066556453704834,0.670549213886261,0.670549213886261,0.00027304267860017717,1.0,2.0,4.0,1,0.5,0.6666666666666666,0.5,gamma_fixed
math500_10,math500,795,3.537834644317627,3.537834644317627,0.6713682413101196,0.6713682413101196,0.00011278571037109941,1.0,2.0,4.0,1,0.5,0.6666666666666666,0.5,gamma_fixed
math500_10,math500,796,6.765207290649414,6.765207290649414,0.24577952921390533,0.24577952921390533,0.3437933921813965,1.0,2.0,4.0,1,0.5,0.6666666666666666,0.5,gamma_fixed
math500_10,math500,797,4.385839939117432,4.385839939117432,0.361116498708725,0.361116498708725,0.003746881615370512,1.0,2.0,3.0,1,0.5,1.0,0.5,gamma_fixed
math500_10,math500,798,2.215935230255127,2.215935230255127,0.8009764552116394,0.8009764552116394,3.1920084953308105,1.0,3.0,4.0,1,0.75,1.0,0.75,gamma_fixed
math500_10,math500,799,0.16244009137153625,0.16244009137153625,0.9871364235877991,0.9871364235877991,0.04160408303141594,0.0,0.0,3.0,1,0.0,0.0,0.0,gamma_fixed
math500_10,math500,800,5.220658302307129,5.220658302307129,0.33791500329971313,0.33791500329971313,0.03255092725157738,0.0,0.0,2.0,1,0.0,0.0,0.0,gamma_fixed
math500_10,math500,801,2.9755325317382812,2.9755325317382812,0.5770624876022339,0.5770624876022339,1.3492730431607924e-05,1.0,4.0,5.0,1,1.0,1.0,1.0,gamma_fixed
math500_10,math500,802,4.994350433349609,4.994350433349609,0.22444140911102295,0.22444140911102295,1.1212870958843268e-05,1.0,1.0,2.0,1,0.25,1.0,0.25,gamma_fixed
math500_10,math500,803,4.011429786682129,4.011429786682129,0.3017241060733795,0.3017241060733795,1.839401761571935e-06,0.0,0.0,2.0,1,0.0,0.0,0.0,gamma_fixed
math500_10,math500,804,0.24726590514183044,0.24726590514183044,0.9847217798233032,0.9847217798233032,2.940015292551834e-06,1.0,2.0,4.0,1,0.5,0.6666666666666666,0.5,gamma_fixed
math500_10,math500,805,5.630630016326904,5.630630016326904,0.27205315232276917,0.27205315232276917,5.4283618737827055e-06,1.0,1.0,3.0,1,0.25,0.5,0.25,gamma_fixed
math500_10,math500,806,5.124041557312012,5.124041557312012,0.32496967911720276,0.32496967911720276,2.8776476028724574e-05,0.0,0.0,2.0,1,0.0,0.0,0.0,gamma_fixed
math500_10,math500,807,0.1269010603427887,0.1269010603427887,0.9904481172561646,0.9904481172561646,0.5734578967094421,1.0,3.0,4.0,1,0.75,1.0,0.75,gamma_fixed
math500_10,math500,808,3.5482845306396484,3.5482845306396484,0.3744032382965088,0.3744032382965088,0.0015922768507152796,1.0,1.0,2.0,1,0.25,1.0,0.25,gamma_fixed
math500_10,math500,809,1.4374940395355225,1.4374940395355225,0.6784534454345703,0.6784534454345703,1.670224666595459,1.0,3.0,4.0,1,0.75,1.0,0.75,gamma_fixed
math500_10,math500,810,7.238193511962891,7.238193511962891,0.27904918789863586,0.27904918789863586,0.4913025200366974,1.0,2.0,4.0,1,0.5,0.6666666666666666,0.5,gamma_fixed
math500_10,math500,811,2.311204671859741,2.311204671859741,0.7094525098800659,0.7094525098800659,0.00034350494388490915,1.0,2.0,3.0,1,0.5,1.0,0.5,gamma_fixed
math500_10,math500,812,7.417381286621094,7.417381286621094,0.1353352814912796,0.1353352814912796,2.4942822456359863,1.0,2.0,4.0,1,0.5,0.6666666666666666,0.5,gamma_fixed
math500_10,math500,813,4.370121479034424,4.370121479034424,0.28818845748901367,0.28818845748901367,0.9652286171913147,1.0,4.0,5.0,1,1.0,1.0,1.0,gamma_fixed
math500_10,math500,814,4.139941692352295,4.139941692352295,0.2281985878944397,0.2281985878944397,2.5801446437835693,1.0,1.0,2.0,1,0.25,1.0,0.25,gamma_fixed
math500_10,math500,815,2.220104694366455,2.220104694366455,0.5959621667861938,0.5959621667861938,2.8456375730456784e-05,1.0,1.0,2.0,1,0.25,1.0,0.25,gamma_fixed
math500_10,math500,816,3.4175589084625244,3.4175589084625244,0.5352614521980286,0.5352614521980286,1.0143709182739258,0.0,0.0,2.0,1,0.0,0.0,0.0,gamma_fixed
math500_10,math500,817,6.826663494110107,6.826663494110107,0.19310304522514343,0.19310304522514343,0.00010787225619424134,0.0,0.0,2.0,1,0.0,0.0,0.0,gamma_fixed
math500_10,math500,818,8.061688423156738,8.061688423156738,0.19768236577510834,0.19768236577510834,1.176688551902771,1.0,1.0,2.0,1,0.25,1.0,0.25,gamma_fixed
math500_10,math500,819,4.108960151672363,4.108960151672363,0.4928652346134186,0.4928652346134186,0.04181596264243126,1.0,2.0,4.0,1,0.5,0.6666666666666666,0.5,gamma_fixed
math500_10,math500,820,4.49049186706543,4.49049186706543,0.4246689975261688,0.4246689975261688,2.4107804641460007e-09,0.0,0.0,2.0,1,0.0,0.0,0.0,gamma_fixed
math500_10,math500,821,4.090378761291504,4.090378761291504,0.4634564220905304,0.4634564220905304,0.8793603777885437,1.0,2.0,4.0,1,0.5,0.6666666666666666,0.5,gamma_fixed
math500_10,math500,822,1.1559181213378906,1.1559181213378906,0.8833051919937134,0.8833051919937134,0.6861915588378906,1.0,2.0,4.0,1,0.5,0.6666666666666666,0.5,gamma_fixed
math500_10,math500,823,2.9968786239624023,2.9968786239624023,0.5313553810119629,0.5313553810119629,0.00019488329417072237,0.0,0.0,3.0,1,0.0,0.0,0.0,gamma_fixed
math500_10,math500,824,0.8485440015792847,0.8485440015792847,0.8597419261932373,0.8597419261932373,0.20754897594451904,1.0,4.0,5.0,1,1.0,1.0,1.0,gamma_fixed
math500_10,math500,825,5.594808578491211,5.594808578491211,0.3076750934123993,0.3076750934123993,1.1197901130799437e-06,1.0,1.0,2.0,1,0.25,1.0,0.25,gamma_fixed
math500_10,math500,826,1.482300043106079,1.482300043106079,0.8451738953590393,0.8451738953590393,2.6287693977355957,1.0,1.0,3.0,1,0.25,0.5,0.25,gamma_fixed
math500_10,math500,827,3.1162734031677246,3.1162734031677246,0.35656100511550903,0.35656100511550903,0.4848951995372772,1.0,2.0,4.0,1,0.5,0.6666666666666666,0.5,gamma_fixed
math500_10,math500,828,3.936915159225464,3.936915159225464,0.38253408670425415,0.38253408670425415,0.7336133718490601,0.0,0.0,2.0,1,0.0,0.0,0.0,gamma_fixed
math500_10,math500,829,3.278228282928467,3.278228282928467,0.4074043035507202,0.4074043035507202,3.027005672454834,1.0,3.0,4.0,1,0.75,1.0,0.75,gamma_fixed
math500_10,math500,830,4.2548604011535645,4.2548604011535645,0.3476216197013855,0.3476216197013855,1.1616485118865967,0.0,0.0,2.0,1,0.0,0.0,0.0,gamma_fixed
math500_10,math500,831,8.360663414001465,8.360663414001465,0.34323635697364807,0.34323635697364807,0.5202366709709167,1.0,3.0,4.0,1,0.75,1.0,0.75,gamma_fixed
math500_10,math500,832,4.416699409484863,4.416699409484863,0.25807830691337585,0.25807830691337585,2.515974998474121,0.0,0.0,2.0,1,0.0,0.0,0.0,gamma_fixed
math500_10,math500,833,2.5527071952819824,2.5527071952819824,0.7106660008430481,0.7106660008430481,2.163861036300659,1.0,1.0,2.0,1,0.25,1.0,0.25,gamma_fixed
math500_10,math500,834,3.375596046447754,3.375596046447754,0.41160330176353455,0.41160330176353455,0.5950748324394226,0.0,0.0,2.0,1,0.0,0.0,0.0,gamma_fixed
math500_10,math500,835,4.273653984069824,4.273653984069824,0.3864767551422119,0.3864767551422119,2.069307804107666,0.0,0.0,2.0,1,0.0,0.0,0.0,gamma_fixed
math500_10,math500,836,2.6478869915008545,2.6478869915008545,0.3950626254081726,0.3950626254081726,1.9400209188461304,1.0,1.0,3.0,1,0.25,0.5,0.25,gamma_fixed
math500_10,math500,837,1.9843876361846924,1.9843876361846924,0.48879098892211914,0.48879098892211914,1.6847217082977295,1.0,2.0,3.0,1,0.5,1.0,0.5,gamma_fixed
math500_10,math500,838,5.944340705871582,5.944340705871582,0.3628840744495392,0.3628840744495392,2.2613415718078613,1.0,3.0,4.0,1,0.75,1.0,0.75,gamma_fixed
math500_10,math500,839,3.7137982845306396,3.7137982845306396,0.27768996357917786,0.27768996357917786,1.582599401473999,1.0,1.0,3.0,1,0.25,0.5,0.25,gamma_fixed
math500_10,math500,840,1.26738703250885,1.26738703250885,0.8507634401321411,0.8507634401321411,0.1824060082435608,1.0,1.0,3.0,1,0.25,0.5,0.25,gamma_fixed
math500_10,math500,841,1.8135321140289307,1.8135321140289307,0.5793210864067078,0.5793210864067078,3.405287265777588,1.0,3.0,4.0,1,0.75,1.0,0.75,gamma_fixed
math500_10,math500,842,4.480694770812988,4.480694770812988,0.279594749212265,0.279594749212265,0.7923941016197205,0.0,0.0,2.0,1,0.0,0.0,0.0,gamma_fixed
math500_10,math500,843,1.1372244358062744,1.1372244358062744,0.8940992951393127,0.8940992951393127,0.7294053435325623,1.0,3.0,4.0,1,0.75,1.0,0.75,gamma_fixed
math500_10,math500,844,4.073808193206787,4.073808193206787,0.29733654856681824,0.29733654856681824,1.3122466802597046,0.0,0.0,2.0,1,0.0,0.0,0.0,gamma_fixed
math500_10,math500,845,3.323441743850708,3.323441743850708,0.45828068256378174,0.45828068256378174,2.28731107711792,1.0,1.0,3.0,1,0.25,0.5,0.25,gamma_fixed
math500_10,math500,846,1.325249195098877,1.325249195098877,0.48807549476623535,0.48807549476623535,0.3422977924346924,1.0,4.0,5.0,1,1.0,1.0,1.0,gamma_fixed
math500_10,math500,847,2.6491637229919434,2.6491637229919434,0.5175281167030334,0.5175281167030334,1.2378870248794556,0.0,0.0,2.0,1,0.0,0.0,0.0,gamma_fixed
math500_10,math500,848,0.7801496386528015,0.7801496386528015,0.8825507760047913,0.8825507760047913,1.5241329669952393,1.0,1.0,3.0,1,0.25,0.5,0.25,gamma_fixed
math500_10,math500,849,2.6903886795043945,2.6903886795043945,0.6861156821250916,0.6861156821250916,0.028506094589829445,0.0,0.0,2.0,1,0.0,0.0,0.0,gamma_fixed
math500_10,math500,850,6.604439735412598,6.604439735412598,0.16941726207733154,0.16941726207733154,0.5375722646713257,0.0,0.0,2.0,1,0.0,0.0,0.0,gamma_fixed
math500_10,math500,851,3.0256457328796387,3.0256457328796387,0.6282332539558411,0.6282332539558411,1.0893706381409629e-08,0.0,0.0,2.0,1,0.0,0.0,0.0,gamma_fixed
math500_10,math500,852,0.3024868369102478,0.3024868369102478,0.97655189037323,0.97655189037323,0.4564436078071594,1.0,2.0,3.0,1,0.5,1.0,0.5,gamma_fixed
math500_10,math500,853,3.1390440464019775,3.1390440464019775,0.5175281167030334,0.5175281167030334,4.174040794372559,1.0,2.0,4.0,1,0.5,0.6666666666666666,0.5,gamma_fixed
math500_10,math500,854,6.5421366691589355,6.5421366691589355,0.15053574740886688,0.15053574740886688,0.0915844738483429,0.0,0.0,2.0,1,0.0,0.0,0.0,gamma_fixed
math500_10,math500,855,1.102254867553711,1.102254867553711,0.8876829743385315,0.8876829743385315,1.4296765327453613,0.0,0.0,3.0,1,0.0,0.0,0.0,gamma_fixed
math500_10,math500,856,1.875537633895874,1.875537633895874,0.7875963449478149,0.7875963449478149,1.3866548538208008,1.0,1.0,3.0,1,0.25,0.5,0.25,gamma_fixed
math500_10,math500,857,5.724982261657715,5.724982261657715,0.21437272429466248,0.21437272429466248,2.852606773376465,1.0,1.0,3.0,1,0.25,0.5,0.25,gamma_fixed
math500_10,math500,858,3.686047315597534,3.686047315597534,0.48427730798721313,0.48427730798721313,2.130445957183838,1.0,1.0,2.0,1,0.25,1.0,0.25,gamma_fixed
math500_10,math500,859,2.4640796184539795,2.4640796184539795,0.606234610080719,0.606234610080719,3.549919824763492e-07,1.0,1.0,3.0,1,0.25,0.5,0.25,gamma_fixed
math500_10,math500,860,1.7920814752578735,1.7920814752578735,0.6607983112335205,0.6607983112335205,1.0195326805114746,1.0,2.0,3.0,1,0.5,1.0,0.5,gamma_fixed
math500_10,math500,861,1.208524465560913,1.208524465560913,0.9242845177650452,0.9242845177650452,1.91395902633667,1.0,3.0,5.0,1,0.75,0.75,0.75,gamma_fixed
math500_10,math500,862,3.821610450744629,3.821610450744629,0.562595009803772,0.562595009803772,2.4177029132843018,1.0,1.0,4.0,1,0.25,0.3333333333333333,0.25,gamma_fixed
math500_10,math500,863,1.493778944015503,1.493778944015503,0.5988792181015015,0.5988792181015015,2.5546250343322754,1.0,1.0,3.0,1,0.25,0.5,0.25,gamma_fixed
math500_10,math500,864,4.151378154754639,4.151378154754639,0.30349722504615784,0.30349722504615784,2.967951774597168,1.0,1.0,4.0,1,0.25,0.3333333333333333,0.25,gamma_fixed
math500_10,math500,865,4.8970136642456055,4.8970136642456055,0.33725565671920776,0.33725565671920776,1.169630765914917,0.0,0.0,2.0,1,0.0,0.0,0.0,gamma_fixed
math500_10,math500,866,2.9553141593933105,2.9553141593933105,0.6078648567199707,0.6078648567199707,3.2665505409240723,1.0,1.0,4.0,1,0.25,0.3333333333333333,0.25,gamma_fixed
math500_10,math500,867,3.6363961696624756,3.6363961696624756,0.23567241430282593,0.23567241430282593,3.228817939758301,1.0,1.0,2.0,1,0.25,1.0,0.25,gamma_fixed
math500_10,math500,868,5.826539993286133,5.826539993286133,0.16500858962535858,0.16500858962535858,0.00057895079953596,1.0,2.0,3.0,1,0.5,1.0,0.5,gamma_fixed
math500_10,math500,869,2.07472825050354,2.07472825050354,0.7915481328964233,0.7915481328964233,1.03434157371521,1.0,2.0,4.0,1,0.5,0.6666666666666666,0.5,gamma_fixed
math500_10,math500,870,4.650572776794434,4.650572776794434,0.1961439847946167,0.1961439847946167,2.0952562408638187e-05,1.0,2.0,3.0,1,0.5,1.0,0.5,gamma_fixed
math500_10,math500,871,3.5303149223327637,3.5303149223327637,0.5285090804100037,0.5285090804100037,1.214015245437622,0.0,0.0,2.0,1,0.0,0.0,0.0,gamma_fixed
math500_10,math500,872,2.2084851264953613,2.2084851264953613,0.49818822741508484,0.49818822741508484,0.9481455683708191,0.0,0.0,3.0,1,0.0,0.0,0.0,gamma_fixed
math500_10,math500,873,3.2058515548706055,3.2058515548706055,0.40030547976493835,0.40030547976493835,1.1471335887908936,1.0,1.0,4.0,1,0.25,0.3333333333333333,0.25,gamma_fixed
math500_10,math500,874,0.7003861665725708,0.7003861665725708,0.9167558550834656,0.9167558550834656,1.354264259338379,1.0,2.0,4.0,1,0.5,0.6666666666666666,0.5,gamma_fixed
math500_10,math500,875,4.939068794250488,4.939068794250488,0.24267901480197906,0.24267901480197906,0.7738081812858582,1.0,4.0,5.0,1,1.0,1.0,1.0,gamma_fixed
math500_10,math500,876,3.3254613876342773,3.3254613876342773,0.553602397441864,0.553602397441864,1.4114841222763062,0.0,0.0,2.0,1,0.0,0.0,0.0,gamma_fixed
math500_10,math500,877,0.6935322284698486,0.6935322284698486,0.9279020428657532,0.9279020428657532,1.1705759763717651,1.0,3.0,4.0,1,0.75,1.0,0.75,gamma_fixed
math500_10,math500,878,5.25683069229126,5.25683069229126,0.30587759613990784,0.30587759613990784,0.009288344532251358,1.0,2.0,4.0,1,0.5,0.6666666666666666,0.5,gamma_fixed
math500_10,math500,879,0.6475124955177307,0.6475124955177307,0.9540610313415527,0.9540610313415527,3.3968920707702637,1.0,4.0,5.0,1,1.0,1.0,1.0,gamma_fixed
math500_10,math500,880,3.074718713760376,3.074718713760376,0.5386698842048645,0.5386698842048645,3.790031909942627,0.0,0.0,2.0,1,0.0,0.0,0.0,gamma_fixed
math500_10,math500,881,3.890951156616211,3.890951156616211,0.2728513777256012,0.2728513777256012,2.0765721797943115,1.0,1.0,3.0,1,0.25,0.5,0.25,gamma_fixed
math500_10,math500,882,4.2632341384887695,4.2632341384887695,0.26601070165634155,0.26601070165634155,1.2396537065505981,1.0,2.0,4.0,1,0.5,0.6666666666666666,0.5,gamma_fixed
math500_10,math500,883,4.4189252853393555,4.4189252853393555,0.31252026557922363,0.31252026557922363,1.4096466302871704,0.0,0.0,2.0,1,0.0,0.0,0.0,gamma_fixed
math500_10,math500,884,3.476160764694214,3.476160764694214,0.5060334801673889,0.5060334801673889,2.284852981567383,0.0,0.0,2.0,1,0.0,0.0,0.0,gamma_fixed
math500_10,math500,885,0.6224309206008911,0.6224309206008911,0.9318180680274963,0.9318180680274963,3.0270843505859375,1.0,2.0,3.0,1,0.5,1.0,0.5,gamma_fixed
math500_10,math500,886,0.6340121030807495,0.6340121030807495,0.9018820524215698,0.9018820524215698,2.8782095909118652,1.0,1.0,3.0,1,0.25,0.5,0.25,gamma_fixed
math500_10,math500,887,3.6642203330993652,3.6642203330993652,0.2958882451057434,0.2958882451057434,2.905571222305298,0.0,0.0,2.0,1,0.0,0.0,0.0,gamma_fixed
math500_10,math500,888,3.9839766025543213,3.9839766025543213,0.47957101464271545,0.47957101464271545,0.015575336292386055,1.0,4.0,5.0,1,1.0,1.0,1.0,gamma_fixed
math500_10,math500,889,0.5554227828979492,0.5554227828979492,0.9546726942062378,0.9546726942062378,0.3367616832256317,1.0,3.0,5.0,1,0.75,0.75,0.75,gamma_fixed
math500_10,math500,890,6.8204569816589355,6.8204569816589355,0.2342955619096756,0.2342955619096756,3.2261404991149902,1.0,1.0,4.0,1,0.25,0.3333333333333333,0.25,gamma_fixed
math500_10,math500,891,3.1918952465057373,3.1918952465057373,0.42508387565612793,0.42508387565612793,0.5073297023773193,0.0,0.0,2.0,1,0.0,0.0,0.0,gamma_fixed
math500_10,math500,892,2.4429054260253906,2.4429054260253906,0.5298009514808655,0.5298009514808655,1.3383269309997559,1.0,2.0,3.0,1,0.5,1.0,0.5,gamma_fixed
math500_10,math500,893,3.594287157058716,3.594287157058716,0.4730589985847473,0.4730589985847473,2.589329719543457,1.0,2.0,3.0,1,0.5,1.0,0.5,gamma_fixed
math500_10,math500,894,3.682732105255127,3.682732105255127,0.3883684575557709,0.3883684575557709,2.1097118854522705,1.0,1.0,3.0,1,0.25,0.5,0.25,gamma_fixed
math500_10,math500,895,2.15145206451416,2.15145206451416,0.762805700302124,0.762805700302124,2.4194436073303223,1.0,4.0,5.0,1,1.0,1.0,1.0,gamma_fixed
math500_10,math500,896,5.932337284088135,5.932337284088135,0.3002544343471527,0.3002544343471527,2.2698071002960205,0.0,0.0,2.0,1,0.0,0.0,0.0,gamma_fixed
math500_10,math500,897,1.30540132522583,1.30540132522583,0.8690271973609924,0.8690271973609924,1.000260353088379,1.0,1.0,2.0,1,0.25,1.0,0.25,gamma_fixed
math500_10,math500,898,4.88563871383667,4.88563871383667,0.18336272239685059,0.18336272239685059,0.06263899803161621,1.0,1.0,2.0,1,0.25,1.0,0.25,gamma_fixed
math500_10,math500,899,3.044217586517334,3.044217586517334,0.4781680703163147,0.4781680703163147,3.373234272003174,1.0,4.0,5.0,1,1.0,1.0,1.0,gamma_fixed
math500_10,math500,900,1.745164155960083,1.745164155960083,0.7816580533981323,0.7816580533981323,6.469250820373418e-06,0.0,0.0,2.0,1,0.0,0.0,0.0,gamma_fixed
math500_10,math500,901,5.229875087738037,5.229875087738037,0.19385883212089539,0.19385883212089539,2.99849271774292,0.0,0.0,2.0,1,0.0,0.0,0.0,gamma_fixed
math500_10,math500,902,3.728790760040283,3.728790760040283,0.42653927206993103,0.42653927206993103,1.0829130411148071,1.0,2.0,5.0,1,0.5,0.5,0.5,gamma_fixed
math500_10,math500,903,3.638981580734253,3.638981580734253,0.37130826711654663,0.37130826711654663,2.035653591156006,1.0,3.0,4.0,1,0.75,1.0,0.75,gamma_fixed
math500_10,math500,904,3.5901803970336914,3.5901803970336914,0.2760676443576813,0.2760676443576813,0.43133652210235596,1.0,4.0,5.0,1,1.0,1.0,1.0,gamma_fixed
math500_10,math500,905,3.5291149616241455,3.5291149616241455,0.3744032382965088,0.3744032382965088,1.1274831295013428,0.0,0.0,2.0,1,0.0,0.0,0.0,gamma_fixed
math500_10,math500,906,0.4082760214805603,0.4082760214805603,0.9525191783905029,0.9525191783905029,7.454161732312059e-09,1.0,4.0,5.0,1,1.0,1.0,1.0,gamma_fixed
math500_10,math500,907,3.4320266246795654,3.4320266246795654,0.5904588103294373,0.5904588103294373,0.0004984501865692437,1.0,1.0,3.0,1,0.25,0.5,0.25,gamma_fixed
math500_10,math500,908,2.1440389156341553,2.1440389156341553,0.6744897365570068,0.6744897365570068,0.8704774975776672,1.0,2.0,4.0,1,0.5,0.6666666666666666,0.5,gamma_fixed
math500_10,math500,909,7.432666301727295,7.432666301727295,0.2935856282711029,0.2935856282711029,0.9819570779800415,1.0,1.0,3.0,1,0.25,0.5,0.25,gamma_fixed
math500_10,math500,910,10.819658279418945,10.819658279418945,0.11067338287830353,0.11067338287830353,1.9190998077392578,1.0,1.0,5.0,1,0.25,0.25,0.25,gamma_fixed
math500_10,math500,911,3.683915138244629,3.683915138244629,0.37385520339012146,0.37385520339012146,1.3064430952072144,1.0,2.0,3.0,1,0.5,1.0,0.5,gamma_fixed
math500_10,math500,912,8.451189041137695,8.451189041137695,0.34023287892341614,0.34023287892341614,1.8394159078598022,1.0,1.0,4.0,1,0.25,0.3333333333333333,0.25,gamma_fixed
math500_10,math500,913,0.030810102820396423,0.030810102820396423,0.9979631304740906,0.9979631304740906,1.791858196258545,1.0,4.0,5.0,1,1.0,1.0,1.0,gamma_fixed
math500_10,math500,914,6.132887363433838,6.132887363433838,0.22998838126659393,0.22998838126659393,1.5433295629918575e-05,0.0,0.0,2.0,1,0.0,0.0,0.0,gamma_fixed
math500_10,math500,915,10.316415786743164,10.316415786743164,0.14169171452522278,0.14169171452522278,0.29733020067214966,1.0,2.0,3.0,1,0.5,1.0,0.5,gamma_fixed
math500_10,math500,916,4.983686923980713,4.983686923980713,0.3821606934070587,0.3821606934070587,1.5636440515518188,1.0,1.0,3.0,1,0.25,0.5,0.25,gamma_fixed
math500_10,math500,917,5.537825584411621,5.537825584411621,0.3506903648376465,0.3506903648376465,1.1871436834335327,0.0,0.0,2.0,1,0.0,0.0,0.0,gamma_fixed
math500_10,math500,918,5.397820472717285,5.397820472717285,0.3359408378601074,0.3359408378601074,0.5696531534194946,0.0,0.0,2.0,1,0.0,0.0,0.0,gamma_fixed
math500_10,math500,919,0.22979450225830078,0.22979450225830078,0.9848494529724121,0.9848494529724121,0.5456855893135071,1.0,3.0,4.0,1,0.75,1.0,0.75,gamma_fixed
math500_10,math500,920,3.147902250289917,3.147902250289917,0.4345274865627289,0.4345274865627289,0.046166274696588516,1.0,1.0,4.0,1,0.25,0.3333333333333333,0.25,gamma_fixed
math500_10,math500,921,7.320502281188965,7.320502281188965,0.1562269777059555,0.1562269777059555,0.4330897927284241,1.0,2.0,3.0,1,0.5,1.0,0.5,gamma_fixed
math500_10,math500,922,0.8965996503829956,0.8965996503829956,0.9154698252677917,0.9154698252677917,0.2846094071865082,1.0,2.0,4.0,1,0.5,0.6666666666666666,0.5,gamma_fixed
math500_10,math500,923,2.6814446449279785,2.6814446449279785,0.3304097056388855,0.3304097056388855,1.2761344909667969,0.0,0.0,3.0,1,0.0,0.0,0.0,gamma_fixed
math500_10,math500,924,0.1383853554725647,0.1383853554725647,0.9844663143157959,0.9844663143157959,1.5869636535644531,1.0,4.0,5.0,1,1.0,1.0,1.0,gamma_fixed
math500_10,math500,925,3.3177497386932373,3.3177497386932373,0.48050859570503235,0.48050859570503235,5.568667802435812e-07,0.0,0.0,2.0,1,0.0,0.0,0.0,gamma_fixed
math500_10,math500,926,4.423174858093262,4.423174858093262,0.38572263717651367,0.38572263717651367,4.364914275356568e-06,0.0,0.0,2.0,1,0.0,0.0,0.0,gamma_fixed
math500_10,math500,927,10.400796890258789,10.400796890258789,0.15112492442131042,0.15112492442131042,0.19411586225032806,1.0,2.0,3.0,1,0.5,1.0,0.5,gamma_fixed
math500_10,math500,928,7.452813148498535,7.452813148498535,0.17929013073444366,0.17929013073444366,1.4967961311340332,0.0,0.0,2.0,1,0.0,0.0,0.0,gamma_fixed
math500_10,math500,929,2.556077480316162,2.556077480316162,0.6867861151695251,0.6867861151695251,0.9339332580566406,0.0,0.0,2.0,1,0.0,0.0,0.0,gamma_fixed
math500_10,math500,930,2.7307393550872803,2.7307393550872803,0.6325425505638123,0.6325425505638123,2.2298107147216797,1.0,4.0,5.0,1,1.0,1.0,1.0,gamma_fixed
math500_10,math500,931,5.207897663116455,5.207897663116455,0.24008607864379883,0.24008607864379883,1.0057710409164429,1.0,3.0,5.0,1,0.75,0.75,0.75,gamma_fixed
math500_10,math500,932,6.981807708740234,6.981807708740234,0.09484903514385223,0.09484903514385223,1.8976519107818604,0.0,0.0,2.0,1,0.0,0.0,0.0,gamma_fixed
math500_10,math500,933,3.9093191623687744,3.9093191623687744,0.3429013192653656,0.3429013192653656,2.747375965118408,1.0,1.0,2.0,1,0.25,1.0,0.25,gamma_fixed
math500_10,math500,934,0.055811844766139984,0.055811844766139984,0.9956796765327454,0.9956796765327454,0.7222687602043152,1.0,4.0,5.0,1,1.0,1.0,1.0,gamma_fixed
math500_10,math500,935,1.353790521621704,1.353790521621704,0.8247895836830139,0.8247895836830139,1.0362448692321777,0.0,0.0,2.0,1,0.0,0.0,0.0,gamma_fixed
math500_10,math500,936,3.3150389194488525,3.3150389194488525,0.6994773745536804,0.6994773745536804,1.7374390363693237,0.0,0.0,2.0,1,0.0,0.0,0.0,gamma_fixed
math500_10,math500,937,4.048557758331299,4.048557758331299,0.23798517882823944,0.23798517882823944,2.3467001914978027,1.0,2.0,3.0,1,0.5,1.0,0.5,gamma_fixed
math500_10,math500,938,2.4828150272369385,2.4828150272369385,0.6181914806365967,0.6181914806365967,2.4361538887023926,0.0,0.0,2.0,1,0.0,0.0,0.0,gamma_fixed
math500_10,math500,939,2.413250207901001,2.413250207901001,0.3646603226661682,0.3646603226661682,0.760390043258667,0.0,0.0,2.0,1,0.0,0.0,0.0,gamma_fixed
math500_10,math500,940,3.356497287750244,3.356497287750244,0.33990076184272766,0.33990076184272766,3.116419792175293,0.0,0.0,2.0,1,0.0,0.0,0.0,gamma_fixed
math500_10,math500,941,2.2596640586853027,2.2596640586853027,0.6399987936019897,0.6399987936019897,2.5999104976654053,1.0,1.0,3.0,1,0.25,0.5,0.25,gamma_fixed
math500_10,math500,942,1.0339863300323486,1.0339863300323486,0.8184709548950195,0.8184709548950195,1.5172398090362549,1.0,2.0,4.0,1,0.5,0.6666666666666666,0.5,gamma_fixed
math500_10,math500,943,6.2230730056762695,6.2230730056762695,0.2065632939338684,0.2065632939338684,0.00020246178610250354,1.0,1.0,2.0,1,0.25,1.0,0.25,gamma_fixed
math500_10,math500,944,2.233328342437744,2.233328342437744,0.7908719778060913,0.7908719778060913,1.7214547395706177,1.0,1.0,3.0,1,0.25,0.5,0.25,gamma_fixed
math500_10,math500,945,5.096452713012695,5.096452713012695,0.3174417316913605,0.3174417316913605,4.177706068730913e-05,1.0,2.0,4.0,1,0.5,0.6666666666666666,0.5,gamma_fixed
math500_10,math500,946,3.3452351093292236,3.3452351093292236,0.5604016184806824,0.5604016184806824,1.790992021560669,1.0,1.0,3.0,1,0.25,0.5,0.25,gamma_fixed
math500_10,math500,947,4.628628253936768,4.628628253936768,0.1971040666103363,0.1971040666103363,0.8723444938659668,1.0,2.0,4.0,1,0.5,0.6666666666666666,0.5,gamma_fixed
math500_10,math500,948,3.678762912750244,3.678762912750244,0.33267608284950256,0.33267608284950256,3.478797674179077,1.0,1.0,2.0,1,0.25,1.0,0.25,gamma_fixed
math500_10,math500,949,0.10538468509912491,0.10538468509912491,0.9877089262008667,0.9877089262008667,0.09258176386356354,1.0,4.0,5.0,1,1.0,1.0,1.0,gamma_fixed
math500_10,math500,950,2.4138450622558594,2.4138450622558594,0.5620458126068115,0.5620458126068115,0.90138840675354,0.0,0.0,2.0,1,0.0,0.0,0.0,gamma_fixed
math500_10,math500,951,6.380474090576172,6.380474090576172,0.3158954977989197,0.3158954977989197,0.016179824247956276,1.0,1.0,3.0,1,0.25,0.5,0.25,gamma_fixed
math500_10,math500,952,2.029600143432617,2.029600143432617,0.583864688873291,0.583864688873291,2.74045991897583,1.0,1.0,3.0,1,0.25,0.5,0.25,gamma_fixed
math500_10,math500,953,7.1254096031188965,7.1254096031188965,0.16420483589172363,0.16420483589172363,2.403621196746826,1.0,1.0,3.0,1,0.25,0.5,0.25,gamma_fixed
math500_10,math500,954,5.90994119644165,5.90994119644165,0.17208519577980042,0.17208519577980042,2.042404890060425,1.0,1.0,3.0,1,0.25,0.5,0.25,gamma_fixed
math500_10,math500,955,0.3064425587654114,0.3064425587654114,0.9725071787834167,0.9725071787834167,0.6763571500778198,1.0,2.0,3.0,1,0.5,1.0,0.5,gamma_fixed
math500_10,math500,956,6.104169845581055,6.104169845581055,0.32181158661842346,0.32181158661842346,0.3398585319519043,1.0,1.0,2.0,1,0.25,1.0,0.25,gamma_fixed
math500_10,math500,957,2.345285177230835,2.345285177230835,0.36716166138648987,0.36716166138648987,0.1256323903799057,1.0,3.0,5.0,1,0.75,0.75,0.75,gamma_fixed
math500_10,math500,958,4.099946975708008,4.099946975708008,0.272318959236145,0.272318959236145,0.4314335584640503,0.0,0.0,2.0,1,0.0,0.0,0.0,gamma_fixed
math500_10,math500,959,2.187635898590088,2.187635898590088,0.7113603949546814,0.7113603949546814,2.166304588317871,1.0,3.0,5.0,1,0.75,0.75,0.75,gamma_fixed
math500_10,math500,960,3.7699153423309326,3.7699153423309326,0.22291238605976105,0.22291238605976105,1.9631985992418777e-07,1.0,2.0,5.0,1,0.5,0.5,0.5,gamma_fixed
math500_10,math500,961,0.02393515408039093,0.02393515408039093,0.9985067248344421,0.9985067248344421,2.53836727142334,1.0,3.0,5.0,1,0.75,0.75,0.75,gamma_fixed
math500_101,math500,0,5.986088275909424,5.986088275909424,0.2037583887577057,0.2037583887577057,1.5836256742477417,0.0,0.0,2.0,1,0.0,0.0,0.0,gamma_fixed
math500_101,math500,1,7.922931671142578,7.922931671142578,0.1296432614326477,0.1296432614326477,0.6561200022697449,1.0,1.0,2.0,1,0.25,1.0,0.25,gamma_fixed
math500_101,math500,2,1.4896962642669678,1.4896962642669678,0.8960113525390625,0.8960113525390625,0.14979887008666992,1.0,3.0,4.0,1,0.75,1.0,0.75,gamma_fixed
math500_101,math500,3,0.4037739038467407,0.4037739038467407,0.9411060810089111,0.9411060810089111,1.544301152229309,0.0,0.0,3.0,1,0.0,0.0,0.0,gamma_fixed
math500_101,math500,4,5.114871025085449,5.114871025085449,0.21732373535633087,0.21732373535633087,0.8656761646270752,0.0,0.0,2.0,1,0.0,0.0,0.0,gamma_fixed
math500_101,math500,5,6.1069440841674805,6.1069440841674805,0.4735212028026581,0.4735212028026581,0.024813992902636528,1.0,4.0,5.0,1,1.0,1.0,1.0,gamma_fixed
math500_101,math500,6,2.223544120788574,2.223544120788574,0.7301880717277527,0.7301880717277527,0.00014899755478836596,1.0,3.0,5.0,1,0.75,0.75,0.75,gamma_fixed
math500_101,math500,7,2.223614454269409,2.223614454269409,0.5582168102264404,0.5582168102264404,3.678409711938002e-06,1.0,2.0,3.0,1,0.5,1.0,0.5,gamma_fixed
math500_101,math500,8,0.7380427718162537,0.7380427718162537,0.8852481842041016,0.8852481842041016,0.0002996642142534256,0.0,0.0,3.0,1,0.0,0.0,0.0,gamma_fixed
math500_101,math500,9,1.708542823791504,1.708542823791504,0.7667266130447388,0.7667266130447388,0.0003315939102321863,1.0,3.0,5.0,1,0.75,0.75,0.75,gamma_fixed
math500_101,math500,10,2.4397530555725098,2.4397530555725098,0.3199315071105957,0.3199315071105957,2.074485337288934e-06,0.0,0.0,2.0,1,0.0,0.0,0.0,gamma_fixed
math500_101,math500,11,11.104865074157715,11.104865074157715,0.08002704381942749,0.08002704381942749,0.2625540792942047,1.0,1.0,2.0,1,0.25,1.0,0.25,gamma_fixed
math500_101,math500,12,4.814624786376953,4.814624786376953,0.25757476687431335,0.25757476687431335,1.7917768955230713,1.0,1.0,3.0,1,0.25,0.5,0.25,gamma_fixed
math500_101,math500,13,2.7251245975494385,2.7251245975494385,0.6809425354003906,0.6809425354003906,1.3977491855621338,0.0,0.0,2.0,1,0.0,0.0,0.0,gamma_fixed
math500_101,math500,14,6.235541343688965,6.235541343688965,0.29850029945373535,0.29850029945373535,1.9324861764907837,0.0,0.0,2.0,1,0.0,0.0,0.0,gamma_fixed
math500_101,math500,15,5.474401473999023,5.474401473999023,0.20296402275562286,0.20296402275562286,9.974782005883753e-05,1.0,3.0,4.0,1,0.75,1.0,0.75,gamma_fixed
math500_101,math500,16,1.0037870407104492,1.0037870407104492,0.8938810229301453,0.8938810229301453,0.686098575592041,1.0,1.0,3.0,1,0.25,0.5,0.25,gamma_fixed
math500_101,math500,17,10.639351844787598,10.639351844787598,0.06343036890029907,0.06343036890029907,0.38325798511505127,0.0,0.0,2.0,1,0.0,0.0,0.0,gamma_fixed
math500_101,math500,18,6.505763053894043,6.505763053894043,0.2081833779811859,0.2081833779811859,1.9536936283111572,1.0,1.0,3.0,1,0.25,0.5,0.25,gamma_fixed
math500_101,math500,19,4.862342357635498,4.862342357635498,0.3375851511955261,0.3375851511955261,0.005015984643250704,1.0,3.0,4.0,1,0.75,1.0,0.75,gamma_fixed
math500_101,math500,20,9.578056335449219,9.578056335449219,0.12298373878002167,0.12298373878002167,4.756129214911198e-07,0.0,0.0,2.0,1,0.0,0.0,0.0,gamma_fixed
math500_101,math500,21,2.4312052726745605,2.4312052726745605,0.8296365737915039,0.8296365737915039,5.444173893920379e-06,1.0,3.0,4.0,1,0.75,1.0,0.75,gamma_fixed
math500_101,math500,22,6.379648208618164,6.379648208618164,0.1591527909040451,0.1591527909040451,3.404681137908483e-06,0.0,0.0,2.0,1,0.0,0.0,0.0,gamma_fixed
math500_101,math500,23,2.848083972930908,2.848083972930908,0.7158901691436768,0.7158901691436768,0.05588880926370621,1.0,1.0,3.0,1,0.25,0.5,0.25,gamma_fixed
math500_101,math500,24,0.35592636466026306,0.35592636466026306,0.9731157422065735,0.9731157422065735,0.0031945956870913506,1.0,2.0,4.0,1,0.5,0.6666666666666666,0.5,gamma_fixed
math500_101,math500,25,2.5464224815368652,2.5464224815368652,0.7932892441749573,0.7932892441749573,4.7688961785752326e-05,1.0,2.0,3.0,1,0.5,1.0,0.5,gamma_fixed
math500_101,math500,26,0.01091678161174059,0.01091678161174059,0.9994937181472778,0.9994937181472778,2.192322426708415e-05,1.0,3.0,4.0,1,0.75,1.0,0.75,gamma_fixed
math500_101,math500,27,0.1763819307088852,0.1763819307088852,0.9869706630706787,0.9869706630706787,0.00014107425522524863,1.0,1.0,3.0,1,0.25,0.5,0.25,gamma_fixed
math500_101,math500,28,2.0914478302001953,2.0914478302001953,0.8427014350891113,0.8427014350891113,0.0006039500585757196,1.0,2.0,3.0,1,0.5,1.0,0.5,gamma_fixed
math500_101,math500,29,9.117942810058594,9.117942810058594,0.21668799221515656,0.21668799221515656,0.0037221182137727737,1.0,1.0,3.0,1,0.25,0.5,0.25,gamma_fixed
math500_101,math500,30,11.46942138671875,11.46942138671875,0.049015190452337265,0.049015190452337265,0.002151194494217634,0.0,0.0,2.0,1,0.0,0.0,0.0,gamma_fixed
math500_101,math500,31,9.49878215789795,9.49878215789795,0.09374400973320007,0.09374400973320007,0.1127309799194336,0.0,0.0,2.0,1,0.0,0.0,0.0,gamma_fixed
math500_101,math500,32,0.4349806010723114,0.4349806010723114,0.9481399059295654,0.9481399059295654,6.493842192867305e-06,1.0,4.0,5.0,1,1.0,1.0,1.0,gamma_fixed
math500_101,math500,33,6.567713737487793,6.567713737487793,0.441154807806015,0.441154807806015,1.324887853115797e-05,1.0,4.0,5.0,1,1.0,1.0,1.0,gamma_fixed
math500_101,math500,34,2.5989744663238525,2.5989744663238525,0.4085996150970459,0.4085996150970459,0.00019476760644465685,1.0,1.0,3.0,1,0.25,0.5,0.25,gamma_fixed
math500_101,math500,35,0.00416372437030077,0.00416372437030077,0.9998186826705933,0.9998186826705933,1.6438542604446411,1.0,3.0,5.0,1,0.75,0.75,0.75,gamma_fixed
math500_101,math500,36,10.145206451416016,10.145206451416016,0.08823651820421219,0.08823651820421219,0.20041891932487488,0.0,0.0,2.0,1,0.0,0.0,0.0,gamma_fixed
math500_101,math500,37,8.003235816955566,8.003235816955566,0.22753100097179413,0.22753100097179413,7.806341272953432e-06,0.0,0.0,4.0,1,0.0,0.0,0.0,gamma_fixed
math500_101,math500,38,0.930618941783905,0.930618941783905,0.8956832885742188,0.8956832885742188,1.3700134754180908,1.0,3.0,4.0,1,0.75,1.0,0.75,gamma_fixed
math500_101,math500,39,8.839302062988281,8.839302062988281,0.14878195524215698,0.14878195524215698,0.05477167293429375,0.0,0.0,2.0,1,0.0,0.0,0.0,gamma_fixed
math500_101,math500,40,10.553452491760254,10.553452491760254,0.06608609855175018,0.06608609855175018,0.02165587618947029,0.0,0.0,2.0,1,0.0,0.0,0.0,gamma_fixed
math500_101,math500,41,10.878376007080078,10.878376007080078,0.07076168805360794,0.07076168805360794,0.0011619515717029572,1.0,2.0,5.0,1,0.5,0.5,0.5,gamma_fixed
math500_101,math500,42,0.04296884313225746,0.04296884313225746,0.9965536594390869,0.9965536594390869,0.5437650084495544,1.0,3.0,4.0,1,0.75,1.0,0.75,gamma_fixed
math500_101,math500,43,0.7756450176239014,0.7756450176239014,0.953624427318573,0.953624427318573,0.24717436730861664,1.0,4.0,5.0,1,1.0,1.0,1.0,gamma_fixed
math500_101,math500,44,7.3370161056518555,7.3370161056518555,0.1961439847946167,0.1961439847946167,8.781471115071326e-05,1.0,1.0,4.0,1,0.25,0.3333333333333333,0.25,gamma_fixed
math500_101,math500,45,0.18703997135162354,0.18703997135162354,0.9831153750419617,0.9831153750419617,0.08677622675895691,1.0,2.0,4.0,1,0.5,0.6666666666666666,0.5,gamma_fixed
math500_101,math500,46,3.9940197467803955,3.9940197467803955,0.6148800253868103,0.6148800253868103,0.00016222429985646158,1.0,2.0,3.0,1,0.5,1.0,0.5,gamma_fixed
math500_101,math500,47,0.08315644413232803,0.08315644413232803,0.9950910806655884,0.9950910806655884,0.000653208582662046,1.0,3.0,5.0,1,0.75,0.75,0.75,gamma_fixed
math500_101,math500,48,2.236339569091797,2.236339569091797,0.4596252739429474,0.4596252739429474,2.715917617024388e-06,0.0,0.0,2.0,1,0.0,0.0,0.0,gamma_fixed
math500_101,math500,49,0.008975647389888763,0.008975647389888763,0.9996305108070374,0.9996305108070374,0.00515236658975482,1.0,4.0,5.0,1,1.0,1.0,1.0,gamma_fixed
math500_101,math500,50,10.154375076293945,10.154375076293945,0.06557180732488632,0.06557180732488632,1.068120002746582,1.0,3.0,5.0,1,0.75,0.75,0.75,gamma_fixed
math500_101,math500,51,11.106098175048828,11.106098175048828,0.06076257303357124,0.06076257303357124,0.006448392290621996,0.0,0.0,2.0,1,0.0,0.0,0.0,gamma_fixed
math500_101,math500,52,5.583405494689941,5.583405494689941,0.2736518681049347,0.2736518681049347,6.636329635512084e-05,1.0,1.0,4.0,1,0.25,0.3333333333333333,0.25,gamma_fixed
math500_101,math500,53,0.9462894201278687,0.9462894201278687,0.9429171681404114,0.9429171681404114,0.00011696240107994527,1.0,2.0,4.0,1,0.5,0.6666666666666666,0.5,gamma_fixed
math500_101,math500,54,0.0645921528339386,0.0645921528339386,0.9967209696769714,0.9967209696769714,0.0011486138682812452,1.0,3.0,4.0,1,0.75,1.0,0.75,gamma_fixed
math500_101,math500,55,1.6388384103775024,1.6388384103775024,0.8562855124473572,0.8562855124473572,0.00023366103414446115,1.0,4.0,5.0,1,1.0,1.0,1.0,gamma_fixed
math500_101,math500,56,2.7644338607788086,2.7644338607788086,0.54369056224823,0.54369056224823,0.0010923321824520826,0.0,0.0,2.0,1,0.0,0.0,0.0,gamma_fixed
math500_101,math500,57,9.237313270568848,9.237313270568848,0.2196708470582962,0.2196708470582962,0.0012286348501220345,0.0,0.0,2.0,1,0.0,0.0,0.0,gamma_fixed
math500_101,math500,58,3.430847644805908,3.430847644805908,0.3548242151737213,0.3548242151737213,1.876268744468689,1.0,4.0,5.0,1,1.0,1.0,1.0,gamma_fixed
math500_101,math500,59,6.95948600769043,6.95948600769043,0.28931641578674316,0.28931641578674316,0.012774007394909859,0.0,0.0,2.0,1,0.0,0.0,0.0,gamma_fixed
math500_101,math500,60,5.945822715759277,5.945822715759277,0.27205315232276917,0.27205315232276917,1.0031514167785645,1.0,1.0,3.0,1,0.25,0.5,0.25,gamma_fixed
math500_101,math500,61,2.2216811180114746,2.2216811180114746,0.7489653825759888,0.7489653825759888,0.01654524728655815,1.0,2.0,3.0,1,0.5,1.0,0.5,gamma_fixed
math500_101,math500,62,9.332731246948242,9.332731246948242,0.1901092678308487,0.1901092678308487,0.3018464744091034,1.0,1.0,3.0,1,0.25,0.5,0.25,gamma_fixed
math500_101,math500,63,1.3106958866119385,1.3106958866119385,0.9227062463760376,0.9227062463760376,0.2450610250234604,1.0,2.0,4.0,1,0.5,0.6666666666666666,0.5,gamma_fixed
math500_101,math500,64,9.841814041137695,9.841814041137695,0.1901092678308487,0.1901092678308487,0.007051009684801102,0.0,0.0,2.0,1,0.0,0.0,0.0,gamma_fixed
math500_101,math500,65,12.393888473510742,12.393888473510742,0.05457370728254318,0.05457370728254318,0.0004548721481114626,1.0,2.0,3.0,1,0.5,1.0,0.5,gamma_fixed
math500_101,math500,66,0.3290609121322632,0.3290609121322632,0.9794917702674866,0.9794917702674866,3.745771891772165e-06,1.0,1.0,3.0,1,0.25,0.5,0.25,gamma_fixed
math500_101,math500,67,2.916952610015869,2.916952610015869,0.48546102643013,0.48546102643013,0.008730007335543633,1.0,1.0,2.0,1,0.25,1.0,0.25,gamma_fixed
math500_101,math500,68,9.517512321472168,9.517512321472168,0.1766829490661621,0.1766829490661621,7.137049396988004e-05,0.0,0.0,2.0,1,0.0,0.0,0.0,gamma_fixed
math500_101,math500,69,1.1812183856964111,1.1812183856964111,0.9032593369483948,0.9032593369483948,2.386854930591653e-06,1.0,2.0,3.0,1,0.5,1.0,0.5,gamma_fixed
math500_101,math500,70,3.923424005508423,3.923424005508423,0.4001100957393646,0.4001100957393646,0.0786333680152893,1.0,1.0,4.0,1,0.25,0.3333333333333333,0.25,gamma_fixed
math500_101,math500,71,10.834741592407227,10.834741592407227,0.07372436672449112,0.07372436672449112,0.0043701245449483395,1.0,1.0,2.0,1,0.25,1.0,0.25,gamma_fixed
math500_101,math500,72,7.620758533477783,7.620758533477783,0.30528074502944946,0.30528074502944946,0.8036361932754517,1.0,2.0,3.0,1,0.5,1.0,0.5,gamma_fixed
math500_101,math500,73,6.758194446563721,6.758194446563721,0.361116498708725,0.361116498708725,0.1313653141260147,0.0,0.0,2.0,1,0.0,0.0,0.0,gamma_fixed
math500_101,math500,74,6.723560333251953,6.723560333251953,0.20515605807304382,0.20515605807304382,0.0025024882052093744,0.0,0.0,2.0,1,0.0,0.0,0.0,gamma_fixed
math500_101,math500,75,6.615052223205566,6.615052223205566,0.06686509400606155,0.06686509400606155,1.485554575920105,0.0,0.0,2.0,1,0.0,0.0,0.0,gamma_fixed
math500_101,math500,76,3.078296184539795,3.078296184539795,0.5213325023651123,0.5213325023651123,1.1914628744125366,1.0,1.0,3.0,1,0.25,0.5,0.25,gamma_fixed
math500_101,math500,77,6.486993789672852,6.486993789672852,0.2913009226322174,0.2913009226322174,1.2515302896499634,0.0,0.0,2.0,1,0.0,0.0,0.0,gamma_fixed
math500_101,math500,78,8.054213523864746,8.054213523864746,0.0954064279794693,0.0954064279794693,1.314283847808838,1.0,1.0,2.0,1,0.25,1.0,0.25,gamma_fixed
math500_101,math500,79,3.2902350425720215,3.2902350425720215,0.5678386092185974,0.5678386092185974,1.4200085401535034,0.0,0.0,2.0,1,0.0,0.0,0.0,gamma_fixed
math500_101,math500,80,1.1415468454360962,1.1415468454360962,0.8855724334716797,0.8855724334716797,0.03513629361987114,1.0,3.0,5.0,1,0.75,0.75,0.75,gamma_fixed
math500_101,math500,81,3.471776008605957,3.471776008605957,0.3476216197013855,0.3476216197013855,0.6304900646209717,0.0,0.0,2.0,1,0.0,0.0,0.0,gamma_fixed
math500_101,math500,82,7.134932518005371,7.134932518005371,0.14336194097995758,0.14336194097995758,2.08303165435791,0.0,0.0,2.0,1,0.0,0.0,0.0,gamma_fixed
math500_101,math500,83,4.577730178833008,4.577730178833008,0.3183731138706207,0.3183731138706207,0.34198009967803955,1.0,2.0,3.0,1,0.5,1.0,0.5,gamma_fixed
math500_101,math500,84,3.493727922439575,3.493727922439575,0.4120054244995117,0.4120054244995117,1.0168739557266235,1.0,1.0,2.0,1,0.25,1.0,0.25,gamma_fixed
math500_101,math500,85,10.155879974365234,10.155879974365234,0.11735190451145172,0.11735190451145172,0.011804895475506783,0.0,0.0,2.0,1,0.0,0.0,0.0,gamma_fixed
math500_101,math500,86,6.668222427368164,6.668222427368164,0.29704633355140686,0.29704633355140686,1.5726711750030518,0.0,0.0,2.0,1,0.0,0.0,0.0,gamma_fixed
math500_101,math500,87,1.0221078395843506,1.0221078395843506,0.8627908229827881,0.8627908229827881,1.1158316135406494,1.0,1.0,3.0,1,0.25,0.5,0.25,gamma_fixed
math500_101,math500,88,4.554213523864746,4.554213523864746,0.23682597279548645,0.23682597279548645,1.8110666275024414,1.0,1.0,3.0,1,0.25,0.5,0.25,gamma_fixed
math500_101,math500,89,6.7991533279418945,6.7991533279418945,0.23915007710456848,0.23915007710456848,2.0616745948791504,1.0,1.0,3.0,1,0.25,0.5,0.25,gamma_fixed
math500_101,math500,90,0.2315850555896759,0.2315850555896759,0.9683167934417725,0.9683167934417725,0.018891504034399986,1.0,1.0,3.0,1,0.25,0.5,0.25,gamma_fixed
math500_101,math500,91,3.8317041397094727,3.8317041397094727,0.44897809624671936,0.44897809624671936,0.0003289763699285686,1.0,2.0,3.0,1,0.5,1.0,0.5,gamma_fixed
math500_101,math500,92,0.8794388771057129,0.8794388771057129,0.935065507888794,0.935065507888794,0.7487658858299255,0.0,0.0,2.0,1,0.0,0.0,0.0,gamma_fixed
math500_101,math500,93,0.9452030658721924,0.9452030658721924,0.8463095426559448,0.8463095426559448,0.0017786264652386308,1.0,2.0,3.0,1,0.5,1.0,0.5,gamma_fixed
math500_101,math500,94,5.486242294311523,5.486242294311523,0.3593575358390808,0.3593575358390808,4.610908945323899e-06,0.0,0.0,2.0,1,0.0,0.0,0.0,gamma_fixed
math500_101,math500,95,1.9676494598388672,1.9676494598388672,0.5117485523223877,0.5117485523223877,0.0003745971480384469,0.0,0.0,2.0,1,0.0,0.0,0.0,gamma_fixed
math500_101,math500,96,11.009651184082031,11.009651184082031,0.04640664905309677,0.04640664905309677,2.5197315216064453,1.0,3.0,4.0,1,0.75,1.0,0.75,gamma_fixed
math500_101,math500,97,2.5846304893493652,2.5846304893493652,0.54688560962677,0.54688560962677,1.6764423847198486,1.0,1.0,3.0,1,0.25,0.5,0.25,gamma_fixed
math500_101,math500,98,4.09808349609375,4.09808349609375,0.419107049703598,0.419107049703598,0.11465141177177429,1.0,1.0,3.0,1,0.25,0.5,0.25,gamma_fixed
math500_101,math500,99,1.171413540840149,1.171413540840149,0.8229793310165405,0.8229793310165405,0.4093492329120636,1.0,2.0,4.0,1,0.5,0.6666666666666666,0.5,gamma_fixed
math500_101,math500,100,5.416318416595459,5.416318416595459,0.4605238437652588,0.4605238437652588,1.7524347305297852,0.0,0.0,2.0,1,0.0,0.0,0.0,gamma_fixed
math500_101,math500,101,4.758973121643066,4.758973121643066,0.39333033561706543,0.39333033561706543,0.010397148318588734,1.0,3.0,4.0,1,0.75,1.0,0.75,gamma_fixed
math500_101,math500,102,2.718430995941162,2.718430995941162,0.35344088077545166,0.35344088077545166,0.030901078134775162,1.0,2.0,5.0,1,0.5,0.5,0.5,gamma_fixed
math500_101,math500,103,10.93202018737793,10.93202018737793,0.042336344718933105,0.042336344718933105,1.811535912565887e-05,0.0,0.0,2.0,1,0.0,0.0,0.0,gamma_fixed
math500_101,math500,104,0.39253389835357666,0.39253389835357666,0.9614558815956116,0.9614558815956116,2.017190456390381,1.0,3.0,5.0,1,0.75,0.75,0.75,gamma_fixed
math500_101,math500,105,9.192914962768555,9.192914962768555,0.03923126682639122,0.03923126682639122,3.0252504348754883,0.0,0.0,2.0,1,0.0,0.0,0.0,gamma_fixed
math500_101,math500,106,6.56510591506958,6.56510591506958,0.225760355591774,0.225760355591774,0.8381957411766052,0.0,0.0,2.0,1,0.0,0.0,0.0,gamma_fixed
math500_101,math500,107,4.832296848297119,4.832296848297119,0.5447534918785095,0.5447534918785095,1.0813546180725098,1.0,1.0,2.0,1,0.25,1.0,0.25,gamma_fixed
math500_101,math500,108,0.07840868085622787,0.07840868085622787,0.9935587048530579,0.9935587048530579,0.10933749377727509,1.0,2.0,4.0,1,0.5,0.6666666666666666,0.5,gamma_fixed
math500_101,math500,109,2.2623064517974854,2.2623064517974854,0.7629919052124023,0.7629919052124023,0.6496501564979553,0.0,0.0,2.0,1,0.0,0.0,0.0,gamma_fixed
math500_101,math500,110,5.720020771026611,5.720020771026611,0.34796127676963806,0.34796127676963806,0.977899432182312,1.0,4.0,5.0,1,1.0,1.0,1.0,gamma_fixed
math500_101,math500,111,4.5073652267456055,4.5073652267456055,0.13854466378688812,0.13854466378688812,0.13429754972457886,1.0,2.0,3.0,1,0.5,1.0,0.5,gamma_fixed
math500_101,math500,112,5.372798919677734,5.372798919677734,0.3055790066719055,0.3055790066719055,2.0890698432922363,0.0,0.0,2.0,1,0.0,0.0,0.0,gamma_fixed
math500_101,math500,113,2.4737064838409424,2.4737064838409424,0.6761384606361389,0.6761384606361389,0.6367066502571106,1.0,1.0,3.0,1,0.25,0.5,0.25,gamma_fixed
math500_101,math500,114,1.2498871088027954,1.2498871088027954,0.7840471863746643,0.7840471863746643,1.8600749969482422,0.0,0.0,3.0,1,0.0,0.0,0.0,gamma_fixed
math500_101,math500,115,3.2518155574798584,3.2518155574798584,0.4130125343799591,0.4130125343799591,0.5728416442871094,0.0,0.0,2.0,1,0.0,0.0,0.0,gamma_fixed
math500_101,math500,116,0.001384718925692141,0.001384718925692141,0.9999444484710693,0.9999444484710693,0.10223819315433502,1.0,3.0,5.0,1,0.75,0.75,0.75,gamma_fixed
math500_101,math500,117,5.027256965637207,5.027256965637207,0.29617735743522644,0.29617735743522644,1.4163174629211426,1.0,1.0,3.0,1,0.25,0.5,0.25,gamma_fixed
math500_101,math500,118,2.9680075645446777,2.9680075645446777,0.5898824334144592,0.5898824334144592,0.11610256135463715,1.0,3.0,4.0,1,0.75,1.0,0.75,gamma_fixed
math500_101,math500,119,5.359299182891846,5.359299182891846,0.22998838126659393,0.22998838126659393,0.7040324211120605,1.0,4.0,5.0,1,1.0,1.0,1.0,gamma_fixed
math500_101,math500,120,5.021409034729004,5.021409034729004,0.1978754997253418,0.1978754997253418,1.8344597816467285,1.0,1.0,4.0,1,0.25,0.3333333333333333,0.25,gamma_fixed
math500_101,math500,121,6.244524955749512,6.244524955749512,0.18973831832408905,0.18973831832408905,0.023834828287363052,0.0,0.0,3.0,1,0.0,0.0,0.0,gamma_fixed
math500_101,math500,122,1.8267815113067627,1.8267815113067627,0.7561307549476624,0.7561307549476624,0.020745184272527695,0.0,0.0,3.0,1,0.0,0.0,0.0,gamma_fixed
math500_101,math500,123,4.241710662841797,4.241710662841797,0.38253408670425415,0.38253408670425415,0.06534243375062943,1.0,2.0,3.0,1,0.5,1.0,0.5,gamma_fixed
math500_101,math500,124,6.70863151550293,6.70863151550293,0.25557029247283936,0.25557029247283936,0.9993778467178345,1.0,1.0,3.0,1,0.25,0.5,0.25,gamma_fixed
math500_101,math500,125,6.871582984924316,6.871582984924316,0.32307112216949463,0.32307112216949463,0.5134158730506897,0.0,0.0,2.0,1,0.0,0.0,0.0,gamma_fixed
math500_101,math500,126,2.6911048889160156,2.6911048889160156,0.677294909954071,0.677294909954071,1.7604315280914307,1.0,3.0,5.0,1,0.75,0.75,0.75,gamma_fixed
math500_101,math500,127,5.215551376342773,5.215551376342773,0.44353070855140686,0.44353070855140686,0.02103673480451107,1.0,1.0,2.0,1,0.25,1.0,0.25,gamma_fixed
math500_101,math500,128,5.331178665161133,5.331178665161133,0.24770721793174744,0.24770721793174744,0.17122989892959595,0.0,0.0,2.0,1,0.0,0.0,0.0,gamma_fixed
math500_101,math500,129,2.2490975856781006,2.2490975856781006,0.6106910705566406,0.6106910705566406,3.3262067518080585e-06,1.0,2.0,4.0,1,0.5,0.6666666666666666,0.5,gamma_fixed
math500_101,math500,130,5.151870250701904,5.151870250701904,0.5708967447280884,0.5708967447280884,0.3905598521232605,0.0,0.0,2.0,1,0.0,0.0,0.0,gamma_fixed
math500_101,math500,131,1.2632663249969482,1.2632663249969482,0.778230607509613,0.778230607509613,0.5225812792778015,0.0,0.0,3.0,1,0.0,0.0,0.0,gamma_fixed
math500_101,math500,132,1.5563702583312988,1.5563702583312988,0.6886329650878906,0.6886329650878906,0.0001245669845957309,1.0,2.0,3.0,1,0.5,1.0,0.5,gamma_fixed
math500_101,math500,133,4.398642539978027,4.398642539978027,0.4861726760864258,0.4861726760864258,2.457092761993408,1.0,1.0,2.0,1,0.25,1.0,0.25,gamma_fixed
math500_101,math500,134,7.2740797996521,7.2740797996521,0.2414969503879547,0.2414969503879547,2.5739097595214844,0.0,0.0,2.0,1,0.0,0.0,0.0,gamma_fixed
math500_101,math500,135,5.1451215744018555,5.1451215744018555,0.363948792219162,0.363948792219162,1.5917418003082275,0.0,0.0,2.0,1,0.0,0.0,0.0,gamma_fixed
math500_101,math500,136,1.6735084056854248,1.6735084056854248,0.8301430344581604,0.8301430344581604,0.6787838935852051,1.0,3.0,4.0,1,0.75,1.0,0.75,gamma_fixed
math500_101,math500,137,7.285112380981445,7.285112380981445,0.18282629549503326,0.18282629549503326,2.5040042400360107,1.0,2.0,3.0,1,0.5,1.0,0.5,gamma_fixed
math500_101,math500,138,0.6669907569885254,0.6669907569885254,0.9134048223495483,0.9134048223495483,1.7359564304351807,1.0,3.0,5.0,1,0.75,0.75,0.75,gamma_fixed
math500_101,math500,139,12.199169158935547,12.199169158935547,0.03586028143763542,0.03586028143763542,0.0013211253099143505,0.0,0.0,2.0,1,0.0,0.0,0.0,gamma_fixed
math500_101,math500,140,9.53316879272461,9.53316879272461,0.11621146649122238,0.11621146649122238,0.0335039421916008,0.0,0.0,2.0,1,0.0,0.0,0.0,gamma_fixed
math500_101,math500,141,2.837398052215576,2.837398052215576,0.8112098574638367,0.8112098574638367,1.1195380687713623,0.0,0.0,2.0,1,0.0,0.0,0.0,gamma_fixed
math500_101,math500,142,6.646336555480957,6.646336555480957,0.12565456330776215,0.12565456330776215,6.659219798166305e-05,1.0,2.0,4.0,1,0.5,0.6666666666666666,0.5,gamma_fixed
math500_101,math500,143,3.344738006591797,3.344738006591797,0.4777013659477234,0.4777013659477234,1.0572365522384644,1.0,1.0,3.0,1,0.25,0.5,0.25,gamma_fixed
math500_101,math500,144,5.415708065032959,5.415708065032959,0.5087587833404541,0.5087587833404541,0.8837586045265198,1.0,1.0,2.0,1,0.25,1.0,0.25,gamma_fixed
math500_101,math500,145,1.7811355590820312,1.7811355590820312,0.8011719584465027,0.8011719584465027,0.07267521321773529,1.0,1.0,3.0,1,0.25,0.5,0.25,gamma_fixed
math500_101,math500,146,7.830089569091797,7.830089569091797,0.35830628871917725,0.35830628871917725,2.1696478142985143e-06,0.0,0.0,2.0,1,0.0,0.0,0.0,gamma_fixed
math500_101,math500,147,5.901365280151367,5.901365280151367,0.33365216851234436,0.33365216851234436,0.01653847098350525,1.0,1.0,3.0,1,0.25,0.5,0.25,gamma_fixed
math500_101,math500,148,2.548537254333496,2.548537254333496,0.35621294379234314,0.35621294379234314,1.21063232421875,1.0,2.0,5.0,1,0.5,0.5,0.5,gamma_fixed
math500_101,math500,149,2.713088035583496,2.713088035583496,0.5243961811065674,0.5243961811065674,2.1090011596679688,0.0,0.0,2.0,1,0.0,0.0,0.0,gamma_fixed
math500_101,math500,150,5.390394687652588,5.390394687652588,0.24891969561576843,0.24891969561576843,3.3175880908966064,0.0,0.0,2.0,1,0.0,0.0,0.0,gamma_fixed
math500_101,math500,151,5.074865818023682,5.074865818023682,0.63719242811203,0.63719242811203,2.678115129470825,1.0,2.0,4.0,1,0.5,0.6666666666666666,0.5,gamma_fixed
math500_101,math500,152,8.375547409057617,8.375547409057617,0.12492045760154724,0.12492045760154724,2.3663980960845947,1.0,1.0,3.0,1,0.25,0.5,0.25,gamma_fixed
math500_101,math500,153,6.183417320251465,6.183417320251465,0.44591936469078064,0.44591936469078064,1.6703178882598877,0.0,0.0,2.0,1,0.0,0.0,0.0,gamma_fixed
math500_101,math500,154,5.033648490905762,5.033648490905762,0.4317779839038849,0.4317779839038849,1.8349066972732544,0.0,0.0,2.0,1,0.0,0.0,0.0,gamma_fixed
math500_101,math500,155,4.5524749755859375,4.5524749755859375,0.42239415645599365,0.42239415645599365,1.071263313293457,1.0,2.0,3.0,1,0.5,1.0,0.5,gamma_fixed
math500_101,math500,156,9.69868278503418,9.69868278503418,0.0954064279794693,0.0954064279794693,0.46044689416885376,0.0,0.0,2.0,1,0.0,0.0,0.0,gamma_fixed
math500_101,math500,157,3.2332611083984375,3.2332611083984375,0.48074331879615784,0.48074331879615784,0.0984601378440857,0.0,0.0,2.0,1,0.0,0.0,0.0,gamma_fixed
math500_101,math500,158,7.076760292053223,7.076760292053223,0.20455588400363922,0.20455588400363922,0.283992201089859,1.0,1.0,2.0,1,0.25,1.0,0.25,gamma_fixed
math500_101,math500,159,2.796823024749756,2.796823024749756,0.5793210864067078,0.5793210864067078,1.8458033800125122,1.0,1.0,3.0,1,0.25,0.5,0.25,gamma_fixed
math500_101,math500,160,7.024897575378418,7.024897575378418,0.16711677610874176,0.16711677610874176,2.12505841255188,0.0,0.0,2.0,1,0.0,0.0,0.0,gamma_fixed
math500_101,math500,161,8.511115074157715,8.511115074157715,0.2315659373998642,0.2315659373998642,2.595459222793579,0.0,0.0,2.0,1,0.0,0.0,0.0,gamma_fixed
math500_101,math500,162,2.037522554397583,2.037522554397583,0.7631782293319702,0.7631782293319702,0.00021231888968031853,1.0,4.0,5.0,1,1.0,1.0,1.0,gamma_fixed
math500_101,math500,163,8.692207336425781,8.692207336425781,0.1119779720902443,0.1119779720902443,1.6144953966140747,0.0,0.0,2.0,1,0.0,0.0,0.0,gamma_fixed
math500_101,math500,164,1.3615518808364868,1.3615518808364868,0.8175722360610962,0.8175722360610962,1.7846506834030151,0.0,0.0,3.0,1,0.0,0.0,0.0,gamma_fixed
math500_101,math500,165,7.698413848876953,7.698413848876953,0.19768236577510834,0.19768236577510834,2.8029680252075195,1.0,3.0,5.0,1,0.75,0.75,0.75,gamma_fixed
math500_101,math500,166,9.17041301727295,9.17041301727295,0.07726247608661652,0.07726247608661652,9.180627966998145e-05,0.0,0.0,2.0,1,0.0,0.0,0.0,gamma_fixed
math500_101,math500,167,3.970799446105957,3.970799446105957,0.3425666391849518,0.3425666391849518,2.1660654544830322,0.0,0.0,2.0,1,0.0,0.0,0.0,gamma_fixed
math500_101,math500,168,5.906674861907959,5.906674861907959,0.3476216197013855,0.3476216197013855,0.12011464685201645,1.0,1.0,2.0,1,0.25,1.0,0.25,gamma_fixed
math500_101,math500,169,2.7349343299865723,2.7349343299865723,0.6353284120559692,0.6353284120559692,2.279419183731079,1.0,1.0,2.0,1,0.25,1.0,0.25,gamma_fixed
math500_101,math500,170,5.598613739013672,5.598613739013672,0.1403147429227829,0.1403147429227829,0.8579596281051636,1.0,1.0,3.0,1,0.25,0.5,0.25,gamma_fixed
math500_101,math500,171,5.191225051879883,5.191225051879883,0.40840014815330505,0.40840014815330505,2.050349235534668,1.0,3.0,5.0,1,0.75,0.75,0.75,gamma_fixed
math500_101,math500,172,8.496265411376953,8.496265411376953,0.2073717564344406,0.2073717564344406,0.19998732209205627,1.0,1.0,4.0,1,0.25,0.3333333333333333,0.25,gamma_fixed
math500_101,math500,173,11.693185806274414,11.693185806274414,0.02760264277458191,0.02760264277458191,0.9739625453948975,0.0,0.0,2.0,1,0.0,0.0,0.0,gamma_fixed
math500_101,math500,174,6.225194931030273,6.225194931030273,0.48546102643013,0.48546102643013,0.7248021364212036,1.0,1.0,2.0,1,0.25,1.0,0.25,gamma_fixed
math500_101,math500,175,0.9688220024108887,0.9688220024108887,0.7015295624732971,0.7015295624732971,0.13114723563194275,1.0,2.0,3.0,1,0.5,1.0,0.5,gamma_fixed
math500_101,math500,176,0.5411749482154846,0.5411749482154846,0.962512731552124,0.962512731552124,1.4795429706573486,0.0,0.0,3.0,1,0.0,0.0,0.0,gamma_fixed
math500_101,math500,177,0.2364216446876526,0.2364216446876526,0.9845039248466492,0.9845039248466492,0.06624466180801392,0.0,0.0,3.0,1,0.0,0.0,0.0,gamma_fixed
math500_101,math500,178,0.3906937837600708,0.3906937837600708,0.9721956253051758,0.9721956253051758,1.166859146906063e-05,1.0,4.0,5.0,1,1.0,1.0,1.0,gamma_fixed
math500_101,math500,179,6.493672847747803,6.493672847747803,0.2595949172973633,0.2595949172973633,1.3953189849853516,1.0,2.0,4.0,1,0.5,0.6666666666666666,0.5,gamma_fixed
math500_101,math500,180,2.047106981277466,2.047106981277466,0.7489653825759888,0.7489653825759888,0.9727002382278442,1.0,1.0,3.0,1,0.25,0.5,0.25,gamma_fixed
math500_101,math500,181,3.853222131729126,3.853222131729126,0.4739838242530823,0.4739838242530823,1.6197192668914795,1.0,1.0,3.0,1,0.25,0.5,0.25,gamma_fixed
math500_101,math500,182,5.8540143966674805,5.8540143966674805,0.17275871336460114,0.17275871336460114,0.0012196942698210478,1.0,1.0,3.0,1,0.25,0.5,0.25,gamma_fixed
math500_101,math500,183,7.740509986877441,7.740509986877441,0.1532052755355835,0.1532052755355835,0.11921235173940659,0.0,0.0,2.0,1,0.0,0.0,0.0,gamma_fixed
math500_101,math500,184,8.82750129699707,8.82750129699707,0.07532542943954468,0.07532542943954468,1.1760032176971436,0.0,0.0,2.0,1,0.0,0.0,0.0,gamma_fixed
math500_101,math500,185,8.974825859069824,8.974825859069824,0.04159865528345108,0.04159865528345108,1.1266202926635742,1.0,1.0,3.0,1,0.25,0.5,0.25,gamma_fixed
math500_101,math500,186,2.732987403869629,2.732987403869629,0.7101456522941589,0.7101456522941589,6.70834633638151e-05,1.0,1.0,2.0,1,0.25,1.0,0.25,gamma_fixed
math500_101,math500,187,0.3031848073005676,0.3031848073005676,0.9819309711456299,0.9819309711456299,1.4425714015960693,1.0,1.0,3.0,1,0.25,0.5,0.25,gamma_fixed
math500_101,math500,188,7.7195024490356445,7.7195024490356445,0.3392375409603119,0.3392375409603119,2.2483456134796143,0.0,0.0,2.0,1,0.0,0.0,0.0,gamma_fixed
math500_101,math500,189,10.210644721984863,10.210644721984863,0.1175813302397728,0.1175813302397728,0.05766262114048004,0.0,0.0,2.0,1,0.0,0.0,0.0,gamma_fixed
math500_101,math500,190,9.785865783691406,9.785865783691406,0.09411091357469559,0.09411091357469559,1.885579228401184,1.0,1.0,3.0,1,0.25,0.5,0.25,gamma_fixed
math500_101,math500,191,1.2314971685409546,1.2314971685409546,0.8310555815696716,0.8310555815696716,1.1191577911376953,1.0,3.0,4.0,1,0.75,1.0,0.75,gamma_fixed
math500_101,math500,192,4.67277717590332,4.67277717590332,0.3137434422969818,0.3137434422969818,0.01367984525859356,0.0,0.0,3.0,1,0.0,0.0,0.0,gamma_fixed
math500_101,math500,193,1.4680593013763428,1.4680593013763428,0.8227784633636475,0.8227784633636475,2.4496188416378573e-05,1.0,4.0,5.0,1,1.0,1.0,1.0,gamma_fixed
math500_101,math500,194,5.3011345863342285,5.3011345863342285,0.23798517882823944,0.23798517882823944,9.585002408130094e-05,1.0,4.0,5.0,1,1.0,1.0,1.0,gamma_fixed
math500_101,math500,195,1.2473015785217285,1.2473015785217285,0.8545104265213013,0.8545104265213013,1.1189922588528134e-05,1.0,2.0,3.0,1,0.5,1.0,0.5,gamma_fixed
math500_101,math500,196,1.0345782041549683,1.0345782041549683,0.839006245136261,0.839006245136261,3.811372607742669e-06,1.0,3.0,4.0,1,0.75,1.0,0.75,gamma_fixed
math500_101,math500,197,2.7153139114379883,2.7153139114379883,0.30320098996162415,0.30320098996162415,0.00011577901022974402,0.0,0.0,2.0,1,0.0,0.0,0.0,gamma_fixed
math500_101,math500,198,8.05118465423584,8.05118465423584,0.09522026777267456,0.09522026777267456,2.6874508876062464e-06,0.0,0.0,2.0,1,0.0,0.0,0.0,gamma_fixed
math500_101,math500,199,6.993314266204834,6.993314266204834,0.33956900238990784,0.33956900238990784,0.31372523307800293,1.0,3.0,4.0,1,0.75,1.0,0.75,gamma_fixed
math500_101,math500,200,0.8000914454460144,0.8000914454460144,0.8470330238342285,0.8470330238342285,0.00015326061111409217,0.0,0.0,2.0,1,0.0,0.0,0.0,gamma_fixed
math500_101,math500,201,0.18662822246551514,0.18662822246551514,0.9754945039749146,0.9754945039749146,2.659214735031128,0.0,0.0,2.0,1,0.0,0.0,0.0,gamma_fixed
math500_101,math500,202,9.119217872619629,9.119217872619629,0.06468142569065094,0.06468142569065094,1.449419617652893,1.0,1.0,4.0,1,0.25,0.3333333333333333,0.25,gamma_fixed
math500_101,math500,203,4.015052795410156,4.015052795410156,0.32370272278785706,0.32370272278785706,0.09479549527168274,1.0,2.0,3.0,1,0.5,1.0,0.5,gamma_fixed
math500_101,math500,204,7.8448944091796875,7.8448944091796875,0.0982428789138794,0.0982428789138794,1.0095592737197876,1.0,1.0,3.0,1,0.25,0.5,0.25,gamma_fixed
math500_101,math500,205,0.0031787168700248003,0.0031787168700248003,0.9997872710227966,0.9997872710227966,2.168710231781006,1.0,3.0,5.0,1,0.75,0.75,0.75,gamma_fixed
math500_101,math500,206,11.045272827148438,11.045272827148438,0.10560528934001923,0.10560528934001923,0.41857463121414185,0.0,0.0,2.0,1,0.0,0.0,0.0,gamma_fixed
math500_101,math500,207,6.554271221160889,6.554271221160889,0.16024447977542877,0.16024447977542877,2.444915771484375,0.0,0.0,2.0,1,0.0,0.0,0.0,gamma_fixed
math500_101,math500,208,0.6041264533996582,0.6041264533996582,0.9490084052085876,0.9490084052085876,0.00010558274516370147,1.0,2.0,3.0,1,0.5,1.0,0.5,gamma_fixed
math500_101,math500,209,7.9917893409729,7.9917893409729,0.20079541206359863,0.20079541206359863,2.027876853942871,1.0,1.0,3.0,1,0.25,0.5,0.25,gamma_fixed
math500_101,math500,210,10.27312183380127,10.27312183380127,0.11919993162155151,0.11919993162155151,0.8597551584243774,0.0,0.0,2.0,1,0.0,0.0,0.0,gamma_fixed
math500_101,math500,211,1.8756451606750488,1.8756451606750488,0.8194706439971924,0.8194706439971924,0.0015459120040759444,1.0,2.0,3.0,1,0.5,1.0,0.5,gamma_fixed
math500_101,math500,212,3.0805373191833496,3.0805373191833496,0.5936387181282043,0.5936387181282043,0.22587957978248596,1.0,1.0,3.0,1,0.25,0.5,0.25,gamma_fixed
math500_101,math500,213,8.986225128173828,8.986225128173828,0.11219688504934311,0.11219688504934311,2.793763269437477e-05,1.0,1.0,2.0,1,0.25,1.0,0.25,gamma_fixed
math500_101,math500,214,0.0400371327996254,0.0400371327996254,0.9979574680328369,0.9979574680328369,2.8243090127944015e-05,1.0,4.0,5.0,1,1.0,1.0,1.0,gamma_fixed
math500_101,math500,215,9.127900123596191,9.127900123596191,0.11735190451145172,0.11735190451145172,2.0669216610258445e-05,1.0,1.0,2.0,1,0.25,1.0,0.25,gamma_fixed
math500_101,math500,216,0.48951882123947144,0.48951882123947144,0.9585261940956116,0.9585261940956116,5.11036159878131e-06,1.0,4.0,5.0,1,1.0,1.0,1.0,gamma_fixed
math500_101,math500,217,0.22306694090366364,0.22306694090366364,0.976015567779541,0.976015567779541,0.0002239976020064205,1.0,4.0,5.0,1,1.0,1.0,1.0,gamma_fixed
math500_101,math500,218,11.319087982177734,11.319087982177734,0.03468915820121765,0.03468915820121765,0.31545597314834595,0.0,0.0,3.0,1,0.0,0.0,0.0,gamma_fixed
math500_101,math500,219,7.024484634399414,7.024484634399414,0.1388155221939087,0.1388155221939087,2.7049551010131836,1.0,2.0,3.0,1,0.5,1.0,0.5,gamma_fixed
math500_101,math500,220,6.305895805358887,6.305895805358887,0.09503446519374847,0.09503446519374847,1.0027378797531128,1.0,2.0,4.0,1,0.5,0.6666666666666666,0.5,gamma_fixed
math500_101,math500,221,7.411373138427734,7.411373138427734,0.21270444989204407,0.21270444989204407,0.05212058871984482,1.0,1.0,2.0,1,0.25,1.0,0.25,gamma_fixed
math500_101,math500,222,3.291050434112549,3.291050434112549,0.2990838587284088,0.2990838587284088,2.7630538940429688,1.0,3.0,4.0,1,0.75,1.0,0.75,gamma_fixed
math500_101,math500,223,4.101799964904785,4.101799964904785,0.4502953588962555,0.4502953588962555,2.6479856967926025,1.0,2.0,3.0,1,0.5,1.0,0.5,gamma_fixed
math500_101,math500,224,4.896157264709473,4.896157264709473,0.2331543266773224,0.2331543266773224,2.1809818744659424,0.0,0.0,2.0,1,0.0,0.0,0.0,gamma_fixed
math500_101,math500,225,7.430812358856201,7.430812358856201,0.2715223431587219,0.2715223431587219,1.9547606706619263,0.0,0.0,2.0,1,0.0,0.0,0.0,gamma_fixed
math500_101,math500,226,1.4192209243774414,1.4192209243774414,0.8994632959365845,0.8994632959365845,0.9510549306869507,0.0,0.0,2.0,1,0.0,0.0,0.0,gamma_fixed
math500_101,math500,227,7.239101409912109,7.239101409912109,0.20099160075187683,0.20099160075187683,2.017963409423828,1.0,3.0,5.0,1,0.75,0.75,0.75,gamma_fixed
math500_101,math500,228,5.369783401489258,5.369783401489258,0.21500170230865479,0.21500170230865479,1.2198750972747803,0.0,0.0,2.0,1,0.0,0.0,0.0,gamma_fixed
math500_101,math500,229,10.25426959991455,10.25426959991455,0.08065471053123474,0.08065471053123474,0.9522730112075806,0.0,0.0,2.0,1,0.0,0.0,0.0,gamma_fixed
math500_101,math500,230,8.16756534576416,8.16756534576416,0.1175813302397728,0.1175813302397728,1.3307836055755615,0.0,0.0,2.0,1,0.0,0.0,0.0,gamma_fixed
math500_101,math500,231,10.433552742004395,10.433552742004395,0.045420266687870026,0.045420266687870026,0.9616376161575317,0.0,0.0,2.0,1,0.0,0.0,0.0,gamma_fixed
math500_101,math500,232,1.230085015296936,1.230085015296936,0.6470687985420227,0.6470687985420227,0.74129319190979,1.0,4.0,5.0,1,1.0,1.0,1.0,gamma_fixed
math500_101,math500,233,5.496347427368164,5.496347427368164,0.2331543266773224,0.2331543266773224,1.2397586033330299e-05,1.0,4.0,5.0,1,1.0,1.0,1.0,gamma_fixed
math500_101,math500,234,1.2039300203323364,1.2039300203323364,0.852530837059021,0.852530837059021,1.5749423027955345e-06,1.0,1.0,3.0,1,0.25,0.5,0.25,gamma_fixed
math500_101,math500,235,8.815216064453125,8.815216064453125,0.12036968767642975,0.12036968767642975,0.06926826387643814,1.0,3.0,4.0,1,0.75,1.0,0.75,gamma_fixed
math500_101,math500,236,1.0692462921142578,1.0692462921142578,0.8041113615036011,0.8041113615036011,5.9418998716864735e-05,0.0,0.0,2.0,1,0.0,0.0,0.0,gamma_fixed
math500_101,math500,237,2.930202007293701,2.930202007293701,0.5300596952438354,0.5300596952438354,0.7665722966194153,0.0,0.0,2.0,1,0.0,0.0,0.0,gamma_fixed
math500_101,math500,238,6.593748092651367,6.593748092651367,0.13480766117572784,0.13480766117572784,0.0006347387679852545,0.0,0.0,2.0,1,0.0,0.0,0.0,gamma_fixed
math500_101,math500,239,5.903960227966309,5.903960227966309,0.34694334864616394,0.34694334864616394,0.8354818820953369,1.0,1.0,3.0,1,0.25,0.5,0.25,gamma_fixed
math500_101,math500,240,3.1335246562957764,3.1335246562957764,0.4623262882232666,0.4623262882232666,3.573223829269409,0.0,0.0,2.0,1,0.0,0.0,0.0,gamma_fixed
math500_101,math500,241,1.9534255266189575,1.9534255266189575,0.7537346482276917,0.7537346482276917,0.024244196712970734,1.0,1.0,2.0,1,0.25,1.0,0.25,gamma_fixed
math500_101,math500,242,7.2267351150512695,7.2267351150512695,0.2496500015258789,0.2496500015258789,0.8624529838562012,0.0,0.0,2.0,1,0.0,0.0,0.0,gamma_fixed
math500_101,math500,243,2.8015522956848145,2.8015522956848145,0.7579789757728577,0.7579789757728577,1.0465887784957886,1.0,1.0,3.0,1,0.25,0.5,0.25,gamma_fixed
math500_101,math500,244,1.866441011428833,1.866441011428833,0.4838045835494995,0.4838045835494995,0.3655106723308563,1.0,1.0,2.0,1,0.25,1.0,0.25,gamma_fixed
math500_101,math500,245,7.688436031341553,7.688436031341553,0.272318959236145,0.272318959236145,0.9213920831680298,1.0,3.0,4.0,1,0.75,1.0,0.75,gamma_fixed
math500_101,math500,246,3.3236396312713623,3.3236396312713623,0.24553965032100677,0.24553965032100677,0.0007900726632215083,1.0,3.0,4.0,1,0.75,1.0,0.75,gamma_fixed
math500_101,math500,247,0.004431854467839003,0.004431854467839003,0.9997598528862,0.9997598528862,0.00032388133695349097,1.0,4.0,5.0,1,1.0,1.0,1.0,gamma_fixed
math500_101,math500,248,4.561882019042969,4.561882019042969,0.2935856282711029,0.2935856282711029,0.7986613512039185,1.0,3.0,4.0,1,0.75,1.0,0.75,gamma_fixed
math500_101,math500,249,8.106122970581055,8.106122970581055,0.15607449412345886,0.15607449412345886,0.35680627822875977,0.0,0.0,2.0,1,0.0,0.0,0.0,gamma_fixed
math500_101,math500,250,1.0683075189590454,1.0683075189590454,0.9022675156593323,0.9022675156593323,0.00011005121632479131,1.0,1.0,3.0,1,0.25,0.5,0.25,gamma_fixed
math500_101,math500,251,6.710944175720215,6.710944175720215,0.19122646749019623,0.19122646749019623,0.000697977258823812,0.0,0.0,2.0,1,0.0,0.0,0.0,gamma_fixed
math500_101,math500,252,10.937590599060059,10.937590599060059,0.08128728717565536,0.08128728717565536,0.010629164054989815,0.0,0.0,2.0,1,0.0,0.0,0.0,gamma_fixed
math500_101,math500,253,1.8790619373321533,1.8790619373321533,0.8282199501991272,0.8282199501991272,0.7634020447731018,0.0,0.0,2.0,1,0.0,0.0,0.0,gamma_fixed
math500_101,math500,254,8.344388008117676,8.344388008117676,0.18661437928676605,0.18661437928676605,1.3572403076977935e-06,1.0,1.0,3.0,1,0.25,0.5,0.25,gamma_fixed
math500_101,math500,255,9.679357528686523,9.679357528686523,0.05958731845021248,0.05958731845021248,1.627912998199463,0.0,0.0,2.0,1,0.0,0.0,0.0,gamma_fixed
math500_101,math500,256,9.213943481445312,9.213943481445312,0.0650615319609642,0.0650615319609642,2.1624228954315186,0.0,0.0,2.0,1,0.0,0.0,0.0,gamma_fixed
math500_101,math500,257,7.434909820556641,7.434909820556641,0.21146179735660553,0.21146179735660553,0.07882227748632431,1.0,2.0,3.0,1,0.5,1.0,0.5,gamma_fixed
math500_101,math500,258,3.6970105171203613,3.6970105171203613,0.6792821288108826,0.6792821288108826,0.8810176849365234,1.0,2.0,4.0,1,0.5,0.6666666666666666,0.5,gamma_fixed
math500_101,math500,259,10.476117134094238,10.476117134094238,0.17633819580078125,0.17633819580078125,0.021266784518957138,0.0,0.0,2.0,1,0.0,0.0,0.0,gamma_fixed
math500_101,math500,260,5.938228130340576,5.938228130340576,0.30978554487228394,0.30978554487228394,0.0025691594928503036,1.0,2.0,4.0,1,0.5,0.6666666666666666,0.5,gamma_fixed
math500_101,math500,261,1.131819725036621,1.131819725036621,0.933184027671814,0.933184027671814,1.532134774606675e-05,1.0,2.0,5.0,1,0.5,0.5,0.5,gamma_fixed
math500_101,math500,262,9.277267456054688,9.277267456054688,0.20118798315525055,0.20118798315525055,0.9662927389144897,1.0,1.0,2.0,1,0.25,1.0,0.25,gamma_fixed
math500_101,math500,263,4.302691459655762,4.302691459655762,0.4307251274585724,0.4307251274585724,0.03882646560668945,1.0,1.0,3.0,1,0.25,0.5,0.25,gamma_fixed
math500_101,math500,264,4.297029972076416,4.297029972076416,0.3158954977989197,0.3158954977989197,0.0013292641378939152,0.0,0.0,2.0,1,0.0,0.0,0.0,gamma_fixed
math500_101,math500,265,11.09904670715332,11.09904670715332,0.06305979937314987,0.06305979937314987,3.7475168937817216e-05,0.0,0.0,2.0,1,0.0,0.0,0.0,gamma_fixed
math500_101,math500,266,9.043906211853027,9.043906211853027,0.1710798293352127,0.1710798293352127,0.5824020504951477,0.0,0.0,2.0,1,0.0,0.0,0.0,gamma_fixed
math500_101,math500,267,9.933586120605469,9.933586120605469,0.0954064279794693,0.0954064279794693,0.005577471572905779,0.0,0.0,2.0,1,0.0,0.0,0.0,gamma_fixed
math500_101,math500,268,6.453754425048828,6.453754425048828,0.4345274865627289,0.4345274865627289,0.005112354643642902,0.0,0.0,2.0,1,0.0,0.0,0.0,gamma_fixed
math500_101,math500,269,0.9778249859809875,0.9778249859809875,0.9063519239425659,0.9063519239425659,1.4370426470122766e-05,1.0,2.0,4.0,1,0.5,0.6666666666666666,0.5,gamma_fixed
math500_101,math500,270,10.89690113067627,10.89690113067627,0.06076257303357124,0.06076257303357124,0.937055766582489,1.0,2.0,3.0,1,0.5,1.0,0.5,gamma_fixed
math500_101,math500,271,12.311209678649902,12.311209678649902,0.019573206081986427,0.019573206081986427,8.881730173015967e-05,0.0,0.0,2.0,1,0.0,0.0,0.0,gamma_fixed
math500_101,math500,272,10.574302673339844,10.574302673339844,0.04658827930688858,0.04658827930688858,1.3336591720581055,0.0,0.0,2.0,1,0.0,0.0,0.0,gamma_fixed
math500_101,math500,273,9.385560989379883,9.385560989379883,0.05719275027513504,0.05719275027513504,3.440114974975586,1.0,1.0,5.0,1,0.25,0.25,0.25,gamma_fixed
math500_101,math500,274,0.08319266140460968,0.08319266140460968,0.9933465123176575,0.9933465123176575,0.01111349742859602,1.0,3.0,4.0,1,0.75,1.0,0.75,gamma_fixed
math500_101,math500,275,9.680744171142578,9.680744171142578,0.05372761934995651,0.05372761934995651,0.26084089279174805,0.0,0.0,2.0,1,0.0,0.0,0.0,gamma_fixed
math500_101,math500,276,8.789693832397461,8.789693832397461,0.1281328648328781,0.1281328648328781,2.17830753326416,0.0,0.0,2.0,1,0.0,0.0,0.0,gamma_fixed
math500_101,math500,277,4.063765525817871,4.063765525817871,0.4390060305595398,0.4390060305595398,2.7926886081695557,0.0,0.0,2.0,1,0.0,0.0,0.0,gamma_fixed
math500_101,math500,278,1.3345706462860107,1.3345706462860107,0.8675433397293091,0.8675433397293091,1.5194050073623657,0.0,0.0,3.0,1,0.0,0.0,0.0,gamma_fixed
math500_101,math500,279,7.81206750869751,7.81206750869751,0.1906670480966568,0.1906670480966568,0.27934926748275757,1.0,1.0,3.0,1,0.25,0.5,0.25,gamma_fixed
math500_101,math500,280,1.1611754894256592,1.1611754894256592,0.906794548034668,0.906794548034668,2.1055564880371094,1.0,1.0,2.0,1,0.25,1.0,0.25,gamma_fixed
math500_101,math500,281,0.34554430842399597,0.34554430842399597,0.9634531140327454,0.9634531140327454,0.2871216833591461,1.0,4.0,5.0,1,1.0,1.0,1.0,gamma_fixed
math500_101,math500,282,2.2348384857177734,2.2348384857177734,0.8373692035675049,0.8373692035675049,2.621492967591621e-05,1.0,1.0,2.0,1,0.25,1.0,0.25,gamma_fixed
math500_101,math500,283,1.028942584991455,1.028942584991455,0.9209058284759521,0.9209058284759521,1.8128563165664673,1.0,3.0,4.0,1,0.75,1.0,0.75,gamma_fixed
math500_101,math500,284,2.9214723110198975,2.9214723110198975,0.3476216197013855,0.3476216197013855,1.215369462966919,0.0,0.0,2.0,1,0.0,0.0,0.0,gamma_fixed
math500_101,math500,285,6.144828796386719,6.144828796386719,0.5075182318687439,0.5075182318687439,0.01816500350832939,1.0,1.0,3.0,1,0.25,0.5,0.25,gamma_fixed
math500_101,math500,286,0.07357975840568542,0.07357975840568542,0.9949051141738892,0.9949051141738892,0.7778664231300354,1.0,1.0,4.0,1,0.25,0.3333333333333333,0.25,gamma_fixed
math500_101,math500,287,1.8197579383850098,1.8197579383850098,0.7818489074707031,0.7818489074707031,0.0001514520263299346,0.0,0.0,3.0,1,0.0,0.0,0.0,gamma_fixed
math500_101,math500,288,4.366649627685547,4.366649627685547,0.63719242811203,0.63719242811203,0.5144875645637512,1.0,2.0,5.0,1,0.5,0.5,0.5,gamma_fixed
math500_101,math500,289,2.5065112113952637,2.5065112113952637,0.4091986119747162,0.4091986119747162,1.1427572965621948,0.0,0.0,2.0,1,0.0,0.0,0.0,gamma_fixed
math500_101,math500,290,6.3236846923828125,6.3236846923828125,0.22356639802455902,0.22356639802455902,0.8175708055496216,1.0,1.0,3.0,1,0.25,0.5,0.25,gamma_fixed
math500_101,math500,291,10.070947647094727,10.070947647094727,0.06912250071763992,0.06912250071763992,0.34340977668762207,0.0,0.0,2.0,1,0.0,0.0,0.0,gamma_fixed
math500_101,math500,292,11.485218048095703,11.485218048095703,0.03355628252029419,0.03355628252029419,0.8334503769874573,0.0,0.0,2.0,1,0.0,0.0,0.0,gamma_fixed
math500_101,math500,293,1.6942665576934814,1.6942665576934814,0.5593081712722778,0.5593081712722778,0.436512291431427,0.0,0.0,2.0,1,0.0,0.0,0.0,gamma_fixed
math500_101,math500,294,0.9865003824234009,0.9865003824234009,0.6942034363746643,0.6942034363746643,1.027771234512329,1.0,2.0,3.0,1,0.5,1.0,0.5,gamma_fixed
math500_101,math500,295,10.109131813049316,10.109131813049316,0.15501122176647186,0.15501122176647186,0.7890554666519165,0.0,0.0,2.0,1,0.0,0.0,0.0,gamma_fixed
math500_101,math500,296,11.11983871459961,11.11983871459961,0.05586788430809975,0.05586788430809975,2.5955617427825928,0.0,0.0,2.0,1,0.0,0.0,0.0,gamma_fixed
math500_101,math500,297,2.156834840774536,2.156834840774536,0.7316156029701233,0.7316156029701233,0.0030296510085463524,1.0,3.0,5.0,1,0.75,0.75,0.75,gamma_fixed
math500_101,math500,298,3.2612366676330566,3.2612366676330566,0.6029871702194214,0.6029871702194214,1.1056816577911377,0.0,0.0,2.0,1,0.0,0.0,0.0,gamma_fixed
math500_101,math500,299,4.839083671569824,4.839083671569824,0.19048093259334564,0.19048093259334564,0.0014935033395886421,0.0,0.0,2.0,1,0.0,0.0,0.0,gamma_fixed
math500_101,math500,300,11.795001983642578,11.795001983642578,0.01775212585926056,0.01775212585926056,0.918067455291748,1.0,1.0,4.0,1,0.25,0.3333333333333333,0.25,gamma_fixed
math500_101,math500,301,8.299591064453125,8.299591064453125,0.2741868793964386,0.2741868793964386,0.015340188518166542,1.0,1.0,2.0,1,0.25,1.0,0.25,gamma_fixed
math500_101,math500,302,11.414644241333008,11.414644241333008,0.12492045760154724,0.12492045760154724,1.0068055391311646,0.0,0.0,2.0,1,0.0,0.0,0.0,gamma_fixed
math500_101,math500,303,5.642384052276611,5.642384052276611,0.2037583887577057,0.2037583887577057,0.005198333412408829,0.0,0.0,2.0,1,0.0,0.0,0.0,gamma_fixed
math500_101,math500,304,8.769570350646973,8.769570350646973,0.13786983489990234,0.13786983489990234,0.0009412292274646461,0.0,0.0,2.0,1,0.0,0.0,0.0,gamma_fixed
math500_101,math500,305,8.69649600982666,8.69649600982666,0.3643043637275696,0.3643043637275696,0.0014298774767667055,1.0,1.0,3.0,1,0.25,0.5,0.25,gamma_fixed
math500_101,math500,306,5.105874061584473,5.105874061584473,0.4193117320537567,0.4193117320537567,0.45064520835876465,1.0,1.0,3.0,1,0.25,0.5,0.25,gamma_fixed
math500_101,math500,307,6.803374290466309,6.803374290466309,0.24698257446289062,0.24698257446289062,0.9847915172576904,0.0,0.0,2.0,1,0.0,0.0,0.0,gamma_fixed
math500_101,math500,308,9.08283519744873,9.08283519744873,0.07229841500520706,0.07229841500520706,0.025619393214583397,0.0,0.0,2.0,1,0.0,0.0,0.0,gamma_fixed
math500_101,math500,309,7.0878143310546875,7.0878143310546875,0.14308220148086548,0.14308220148086548,0.1934625506401062,1.0,1.0,4.0,1,0.25,0.3333333333333333,0.25,gamma_fixed
math500_101,math500,310,0.09831684827804565,0.09831684827804565,0.9929903745651245,0.9929903745651245,0.0012010756181553006,1.0,1.0,3.0,1,0.25,0.5,0.25,gamma_fixed
math500_101,math500,311,10.147130966186523,10.147130966186523,0.23567241430282593,0.23567241430282593,3.240831574657932e-06,1.0,2.0,3.0,1,0.5,1.0,0.5,gamma_fixed
math500_101,math500,312,10.71499252319336,10.71499252319336,0.1126360148191452,0.1126360148191452,1.68500457675691e-06,0.0,0.0,2.0,1,0.0,0.0,0.0,gamma_fixed
math500_101,math500,313,5.446443557739258,5.446443557739258,0.30349722504615784,0.30349722504615784,0.0028073617722839117,1.0,1.0,2.0,1,0.25,1.0,0.25,gamma_fixed
math500_101,math500,314,6.04050874710083,6.04050874710083,0.447883278131485,0.447883278131485,8.128333138301969e-05,0.0,0.0,2.0,1,0.0,0.0,0.0,gamma_fixed
math500_101,math500,315,11.751541137695312,11.751541137695312,0.023655949160456657,0.023655949160456657,0.0001644112344365567,0.0,0.0,2.0,1,0.0,0.0,0.0,gamma_fixed
math500_101,math500,316,7.635586738586426,7.635586738586426,0.19235022366046906,0.19235022366046906,1.2591807842254639,0.0,0.0,3.0,1,0.0,0.0,0.0,gamma_fixed
math500_101,math500,317,10.73354721069336,10.73354721069336,0.12838336825370789,0.12838336825370789,0.0014509373577311635,1.0,1.0,2.0,1,0.25,1.0,0.25,gamma_fixed
math500_101,math500,318,2.8360233306884766,2.8360233306884766,0.6669572591781616,0.6669572591781616,0.001573946443386376,1.0,2.0,5.0,1,0.5,0.5,0.5,gamma_fixed
math500_101,math500,319,7.432295799255371,7.432295799255371,0.4305148720741272,0.4305148720741272,0.03348178416490555,0.0,0.0,2.0,1,0.0,0.0,0.0,gamma_fixed
math500_101,math500,320,3.0242114067077637,3.0242114067077637,0.533435046672821,0.533435046672821,3.0728378295898438,1.0,3.0,5.0,1,0.75,0.75,0.75,gamma_fixed
math500_101,math500,321,2.5479013919830322,2.5479013919830322,0.7792763113975525,0.7792763113975525,0.7345889210700989,0.0,0.0,2.0,1,0.0,0.0,0.0,gamma_fixed
math500_101,math500,322,5.979374408721924,5.979374408721924,0.13349758088588715,0.13349758088588715,0.8221474289894104,1.0,1.0,3.0,1,0.25,0.5,0.25,gamma_fixed
math500_101,math500,323,1.1838947534561157,1.1838947534561157,0.7484170198440552,0.7484170198440552,0.9766104221343994,1.0,2.0,5.0,1,0.5,0.5,0.5,gamma_fixed
math500_101,math500,324,9.177705764770508,9.177705764770508,0.24482133984565735,0.24482133984565735,0.0050264401361346245,0.0,0.0,2.0,1,0.0,0.0,0.0,gamma_fixed
math500_101,math500,325,6.846770286560059,6.846770286560059,0.25382915139198303,0.25382915139198303,0.0017018815269693732,1.0,2.0,4.0,1,0.5,0.6666666666666666,0.5,gamma_fixed
math500_101,math500,326,1.0386990308761597,1.0386990308761597,0.9293757081031799,0.9293757081031799,0.03441806137561798,1.0,2.0,4.0,1,0.5,0.6666666666666666,0.5,gamma_fixed
math500_101,math500,327,0.10795455425977707,0.10795455425977707,0.9943397641181946,0.9943397641181946,0.0008439868688583374,1.0,3.0,4.0,1,0.75,1.0,0.75,gamma_fixed
math500_101,math500,328,1.373888611793518,1.373888611793518,0.5274778604507446,0.5274778604507446,1.2197327613830566,1.0,1.0,3.0,1,0.25,0.5,0.25,gamma_fixed
math500_101,math500,329,9.099231719970703,9.099231719970703,0.18844570219516754,0.18844570219516754,0.9127750992774963,0.0,0.0,2.0,1,0.0,0.0,0.0,gamma_fixed
math500_101,math500,330,2.6962294578552246,2.6962294578552246,0.7908719778060913,0.7908719778060913,0.5732973217964172,1.0,4.0,5.0,1,1.0,1.0,1.0,gamma_fixed
math500_101,math500,331,10.084482192993164,10.084482192993164,0.06493458151817322,0.06493458151817322,0.30473172664642334,0.0,0.0,2.0,1,0.0,0.0,0.0,gamma_fixed
math500_101,math500,332,6.366308212280273,6.366308212280273,0.13800452649593353,0.13800452649593353,0.4399619698524475,0.0,0.0,2.0,1,0.0,0.0,0.0,gamma_fixed
math500_101,math500,333,7.568087577819824,7.568087577819824,0.3859110176563263,0.3859110176563263,0.9777984619140625,1.0,4.0,5.0,1,1.0,1.0,1.0,gamma_fixed
math500_101,math500,334,10.202354431152344,10.202354431152344,0.11440977454185486,0.11440977454185486,0.00017600003047846258,0.0,0.0,2.0,1,0.0,0.0,0.0,gamma_fixed
math500_101,math500,335,4.930415153503418,4.930415153503418,0.545818567276001,0.545818567276001,1.2920732842758298e-05,0.0,0.0,2.0,1,0.0,0.0,0.0,gamma_fixed
math500_101,math500,336,6.6278395652771,6.6278395652771,0.4028545618057251,0.4028545618057251,5.7010325690498576e-05,1.0,2.0,3.0,1,0.5,1.0,0.5,gamma_fixed
math500_101,math500,337,6.973130702972412,6.973130702972412,0.280963271856308,0.280963271856308,0.0021377205848693848,0.0,0.0,2.0,1,0.0,0.0,0.0,gamma_fixed
math500_101,math500,338,11.686513900756836,11.686513900756836,0.04300304129719734,0.04300304129719734,1.5201973915100098,1.0,2.0,5.0,1,0.5,0.5,0.5,gamma_fixed
math500_101,math500,339,2.6993234157562256,2.6993234157562256,0.7995111346244812,0.7995111346244812,0.8830524682998657,0.0,0.0,2.0,1,0.0,0.0,0.0,gamma_fixed
math500_101,math500,340,4.47701358795166,4.47701358795166,0.6620901823043823,0.6620901823043823,0.0010973369935527444,1.0,2.0,3.0,1,0.5,1.0,0.5,gamma_fixed
math500_101,math500,341,4.614136219024658,4.614136219024658,0.2755289673805237,0.2755289673805237,0.45303425192832947,1.0,1.0,3.0,1,0.25,0.5,0.25,gamma_fixed
math500_101,math500,342,6.884484767913818,6.884484767913818,0.24916288256645203,0.24916288256645203,0.00028794733225367963,1.0,1.0,3.0,1,0.25,0.5,0.25,gamma_fixed
math500_101,math500,343,2.2942938804626465,2.2942938804626465,0.6142798662185669,0.6142798662185669,0.0003208921698387712,0.0,0.0,2.0,1,0.0,0.0,0.0,gamma_fixed
math500_101,math500,344,8.778231620788574,8.778231620788574,0.13297712802886963,0.13297712802886963,0.004252184648066759,1.0,1.0,3.0,1,0.25,0.5,0.25,gamma_fixed
math500_101,math500,345,11.024681091308594,11.024681091308594,0.06392785906791687,0.06392785906791687,0.0019130517030134797,0.0,0.0,2.0,1,0.0,0.0,0.0,gamma_fixed
math500_101,math500,346,0.33636853098869324,0.33636853098869324,0.9830253720283508,0.9830253720283508,1.2730716036912781e-07,1.0,3.0,4.0,1,0.75,1.0,0.75,gamma_fixed
math500_101,math500,347,8.230680465698242,8.230680465698242,0.10768816620111465,0.10768816620111465,2.4876064344425686e-05,0.0,0.0,2.0,1,0.0,0.0,0.0,gamma_fixed
math500_101,math500,348,10.499504089355469,10.499504089355469,0.06725803762674332,0.06725803762674332,4.982851896784268e-05,1.0,2.0,3.0,1,0.5,1.0,0.5,gamma_fixed
math500_101,math500,349,5.597237586975098,5.597237586975098,0.5706180930137634,0.5706180930137634,0.0005484884604811668,1.0,1.0,3.0,1,0.25,0.5,0.25,gamma_fixed
math500_101,math500,350,1.8109049797058105,1.8109049797058105,0.8335956335067749,0.8335956335067749,0.7037997245788574,0.0,0.0,2.0,1,0.0,0.0,0.0,gamma_fixed
math500_101,math500,351,10.172075271606445,10.172075271606445,0.195570170879364,0.195570170879364,0.9371617436408997,0.0,0.0,2.0,1,0.0,0.0,0.0,gamma_fixed
math500_101,math500,352,2.8761138916015625,2.8761138916015625,0.7355557680130005,0.7355557680130005,0.00010719864076236263,1.0,4.0,5.0,1,1.0,1.0,1.0,gamma_fixed
math500_101,math500,353,7.979851722717285,7.979851722717285,0.28233852982521057,0.28233852982521057,0.5224696397781372,1.0,1.0,3.0,1,0.25,0.5,0.25,gamma_fixed
math500_101,math500,354,3.9924392700195312,3.9924392700195312,0.7027295827865601,0.7027295827865601,0.00021182995988056064,1.0,2.0,3.0,1,0.5,1.0,0.5,gamma_fixed
math500_101,math500,355,8.479873657226562,8.479873657226562,0.3756851553916931,0.3756851553916931,6.450666842283681e-05,1.0,2.0,3.0,1,0.5,1.0,0.5,gamma_fixed
math500_101,math500,356,7.532454967498779,7.532454967498779,0.1591527909040451,0.1591527909040451,2.2596268536290154e-05,1.0,4.0,5.0,1,1.0,1.0,1.0,gamma_fixed
math500_101,math500,357,9.568893432617188,9.568893432617188,0.1404518336057663,0.1404518336057663,2.2788970470428467,1.0,2.0,3.0,1,0.5,1.0,0.5,gamma_fixed
math500_101,math500,358,2.0078091621398926,2.0078091621398926,0.5965444445610046,0.5965444445610046,0.0021936490666121244,1.0,1.0,3.0,1,0.25,0.5,0.25,gamma_fixed
math500_101,math500,359,5.574000358581543,5.574000358581543,0.3442434072494507,0.3442434072494507,0.0018148766830563545,1.0,3.0,5.0,1,0.75,0.75,0.75,gamma_fixed
math500_101,math500,360,6.6635847091674805,6.6635847091674805,0.48050859570503235,0.48050859570503235,4.0885424823500216e-05,1.0,2.0,4.0,1,0.5,0.6666666666666666,0.5,gamma_fixed
math500_101,math500,361,9.444473266601562,9.444473266601562,0.07696125656366348,0.07696125656366348,2.8282591301831417e-05,0.0,0.0,2.0,1,0.0,0.0,0.0,gamma_fixed
math500_101,math500,362,12.256750106811523,12.256750106811523,0.04008324444293976,0.04008324444293976,8.925041765905917e-05,1.0,2.0,5.0,1,0.5,0.5,0.5,gamma_fixed
math500_101,math500,363,6.930776596069336,6.930776596069336,0.4897466003894806,0.4897466003894806,0.000826115719974041,1.0,1.0,3.0,1,0.25,0.5,0.25,gamma_fixed
math500_101,math500,364,8.043319702148438,8.043319702148438,0.2039574682712555,0.2039574682712555,3.0490462449961342e-05,0.0,0.0,2.0,1,0.0,0.0,0.0,gamma_fixed
math500_101,math500,365,10.588425636291504,10.588425636291504,0.12084081023931503,0.12084081023931503,0.840474009513855,1.0,4.0,5.0,1,1.0,1.0,1.0,gamma_fixed
math500_101,math500,366,3.804640769958496,3.804640769958496,0.3362690508365631,0.3362690508365631,1.6797633171081543,1.0,4.0,5.0,1,1.0,1.0,1.0,gamma_fixed
math500_101,math500,367,8.586867332458496,8.586867332458496,0.1704128533601761,0.1704128533601761,1.8495128154754639,0.0,0.0,2.0,1,0.0,0.0,0.0,gamma_fixed
math500_101,math500,368,8.393967628479004,8.393967628479004,0.2023702710866928,0.2023702710866928,0.0035153517965227365,0.0,0.0,2.0,1,0.0,0.0,0.0,gamma_fixed
math500_101,math500,369,5.236581802368164,5.236581802368164,0.29879194498062134,0.29879194498062134,1.948706030845642,0.0,0.0,2.0,1,0.0,0.0,0.0,gamma_fixed
math500_101,math500,370,8.728217124938965,8.728217124938965,0.1667906939983368,0.1667906939983368,0.2137080729007721,1.0,1.0,3.0,1,0.25,0.5,0.25,gamma_fixed
math500_101,math500,371,0.12580636143684387,0.12580636143684387,0.9877089262008667,0.9877089262008667,0.0015824326546862721,1.0,1.0,3.0,1,0.25,0.5,0.25,gamma_fixed
math500_101,math500,372,3.3172597885131836,3.3172597885131836,0.7767121195793152,0.7767121195793152,0.00011788783012889326,1.0,2.0,3.0,1,0.5,1.0,0.5,gamma_fixed
math500_101,math500,373,4.887796401977539,4.887796401977539,0.24794922769069672,0.24794922769069672,6.08702293902752e-06,1.0,4.0,5.0,1,1.0,1.0,1.0,gamma_fixed
math500_101,math500,374,6.071743488311768,6.071743488311768,0.45694005489349365,0.45694005489349365,0.004931261297315359,1.0,4.0,5.0,1,1.0,1.0,1.0,gamma_fixed
math500_101,math500,375,2.4424285888671875,2.4424285888671875,0.7973668575286865,0.7973668575286865,1.0990866422653198,1.0,4.0,5.0,1,1.0,1.0,1.0,gamma_fixed
math500_101,math500,376,0.2906559109687805,0.2906559109687805,0.9659261107444763,0.9659261107444763,7.150295004976215e-07,1.0,3.0,4.0,1,0.75,1.0,0.75,gamma_fixed
math500_101,math500,377,9.07650375366211,9.07650375366211,0.1630861759185791,0.1630861759185791,0.21076996624469757,1.0,2.0,3.0,1,0.5,1.0,0.5,gamma_fixed
math500_101,math500,378,9.80093002319336,9.80093002319336,0.18807801604270935,0.18807801604270935,5.873497502761893e-05,1.0,1.0,2.0,1,0.25,1.0,0.25,gamma_fixed
math500_101,math500,379,8.562519073486328,8.562519073486328,0.17685556411743164,0.17685556411743164,1.531566858291626,1.0,1.0,3.0,1,0.25,0.5,0.25,gamma_fixed
math500_101,math500,380,4.630842208862305,4.630842208862305,0.22708705067634583,0.22708705067634583,3.4650559425354004,1.0,1.0,2.0,1,0.25,1.0,0.25,gamma_fixed
math500_101,math500,381,7.503599643707275,7.503599643707275,0.12226523458957672,0.12226523458957672,8.363066444871947e-05,0.0,0.0,2.0,1,0.0,0.0,0.0,gamma_fixed
math500_101,math500,382,1.2091728448867798,1.2091728448867798,0.8704073429107666,0.8704073429107666,0.6846645474433899,1.0,1.0,2.0,1,0.25,1.0,0.25,gamma_fixed
math500_101,math500,383,2.1225924491882324,2.1225924491882324,0.875095009803772,0.875095009803772,0.8287882804870605,1.0,4.0,5.0,1,1.0,1.0,1.0,gamma_fixed
math500_101,math500,384,0.12348994612693787,0.12348994612693787,0.9915217757225037,0.9915217757225037,3.6695064409286715e-06,1.0,1.0,4.0,1,0.25,0.3333333333333333,0.25,gamma_fixed
math500_101,math500,385,4.85618782043457,4.85618782043457,0.2976270616054535,0.2976270616054535,2.0694671547971666e-05,1.0,4.0,5.0,1,1.0,1.0,1.0,gamma_fixed
math500_101,math500,386,7.521165370941162,7.521165370941162,0.17191721498966217,0.17191721498966217,0.16054487228393555,1.0,1.0,3.0,1,0.25,0.5,0.25,gamma_fixed
math500_101,math500,387,2.6343724727630615,2.6343724727630615,0.4483208656311035,0.4483208656311035,2.0413472652435303,1.0,2.0,5.0,1,0.5,0.5,0.5,gamma_fixed
math500_101,math500,388,5.655796051025391,5.655796051025391,0.5323941707611084,0.5323941707611084,2.0626177501981147e-05,0.0,0.0,2.0,1,0.0,0.0,0.0,gamma_fixed
math500_101,math500,389,0.7514833211898804,0.7514833211898804,0.9411060810089111,0.9411060810089111,2.4038844108581543,0.0,0.0,5.0,1,0.0,0.0,0.0,gamma_fixed
math500_101,math500,390,1.742842674255371,1.742842674255371,0.8491034507751465,0.8491034507751465,0.2885153293609619,1.0,2.0,4.0,1,0.5,0.6666666666666666,0.5,gamma_fixed
math500_101,math500,391,6.866130352020264,6.866130352020264,0.23406687378883362,0.23406687378883362,4.958202043781057e-05,1.0,1.0,2.0,1,0.25,1.0,0.25,gamma_fixed
math500_101,math500,392,5.112130165100098,5.112130165100098,0.15884225070476532,0.15884225070476532,5.898552626604214e-05,0.0,0.0,2.0,1,0.0,0.0,0.0,gamma_fixed
math500_101,math500,393,4.085244178771973,4.085244178771973,0.5773443579673767,0.5773443579673767,1.2618143558502197,1.0,3.0,4.0,1,0.75,1.0,0.75,gamma_fixed
math500_101,math500,394,3.7496895790100098,3.7496895790100098,0.31008824706077576,0.31008824706077576,2.233917713165283,0.0,0.0,2.0,1,0.0,0.0,0.0,gamma_fixed
math500_101,math500,395,1.740920066833496,1.740920066833496,0.8636338114738464,0.8636338114738464,1.592526912689209,1.0,4.0,5.0,1,1.0,1.0,1.0,gamma_fixed
math500_101,math500,396,3.5489461421966553,3.5489461421966553,0.3904600143432617,0.3904600143432617,0.9926138520240784,0.0,0.0,2.0,1,0.0,0.0,0.0,gamma_fixed
math500_101,math500,397,5.4062910079956055,5.4062910079956055,0.3859110176563263,0.3859110176563263,0.0005544111481867731,0.0,0.0,2.0,1,0.0,0.0,0.0,gamma_fixed
math500_101,math500,398,9.535213470458984,9.535213470458984,0.10810964554548264,0.10810964554548264,2.3136030904424842e-06,0.0,0.0,2.0,1,0.0,0.0,0.0,gamma_fixed
math500_101,math500,399,5.501333236694336,5.501333236694336,0.4430977702140808,0.4430977702140808,1.2388548851013184,1.0,3.0,4.0,1,0.75,1.0,0.75,gamma_fixed
math500_101,math500,400,7.572710990905762,7.572710990905762,0.3174417316913605,0.3174417316913605,1.8100595474243164,0.0,0.0,2.0,1,0.0,0.0,0.0,gamma_fixed
math500_101,math500,401,2.455256938934326,2.455256938934326,0.8057817220687866,0.8057817220687866,0.07970867305994034,1.0,4.0,5.0,1,1.0,1.0,1.0,gamma_fixed
math500_101,math500,402,0.9160460233688354,0.9160460233688354,0.9396711587905884,0.9396711587905884,0.06700170785188675,0.0,0.0,4.0,1,0.0,0.0,0.0,gamma_fixed
math500_101,math500,403,0.19925570487976074,0.19925570487976074,0.9817062616348267,0.9817062616348267,1.993231308006216e-05,1.0,4.0,5.0,1,1.0,1.0,1.0,gamma_fixed
math500_101,math500,404,3.461376667022705,3.461376667022705,0.3486415445804596,0.3486415445804596,0.0013619019882753491,0.0,0.0,2.0,1,0.0,0.0,0.0,gamma_fixed
math500_101,math500,405,6.949024677276611,6.949024677276611,0.28233852982521057,0.28233852982521057,2.623065948486328,0.0,0.0,2.0,1,0.0,0.0,0.0,gamma_fixed
math500_101,math500,406,6.975348472595215,6.975348472595215,0.2047557532787323,0.2047557532787323,3.134758234024048,1.0,1.0,5.0,1,0.25,0.25,0.25,gamma_fixed
math500_101,math500,407,1.575964331626892,1.575964331626892,0.8715769648551941,0.8715769648551941,1.7379670143127441,0.0,0.0,3.0,1,0.0,0.0,0.0,gamma_fixed
math500_101,math500,408,7.376819610595703,7.376819610595703,0.23406687378883362,0.23406687378883362,0.004086880013346672,1.0,2.0,3.0,1,0.5,1.0,0.5,gamma_fixed
math500_101,math500,409,11.39432144165039,11.39432144165039,0.09121542423963547,0.09121542423963547,0.003753047902137041,0.0,0.0,2.0,1,0.0,0.0,0.0,gamma_fixed
math500_101,math500,410,5.077668190002441,5.077668190002441,0.4935877323150635,0.4935877323150635,0.07354825735092163,0.0,0.0,2.0,1,0.0,0.0,0.0,gamma_fixed
math500_101,math500,411,2.923022985458374,2.923022985458374,0.6484920978546143,0.6484920978546143,0.0020089037716388702,1.0,2.0,4.0,1,0.5,0.6666666666666666,0.5,gamma_fixed
math500_101,math500,412,3.1181578636169434,3.1181578636169434,0.4099985957145691,0.4099985957145691,2.0746017526107607e-06,1.0,1.0,3.0,1,0.25,0.5,0.25,gamma_fixed
math500_101,math500,413,0.26151421666145325,0.26151421666145325,0.9626890420913696,0.9626890420913696,2.6806249618530273,1.0,4.0,5.0,1,1.0,1.0,1.0,gamma_fixed
math500_101,math500,414,4.1757707595825195,4.1757707595825195,0.7122292518615723,0.7122292518615723,0.036738619208335876,1.0,3.0,5.0,1,0.75,0.75,0.75,gamma_fixed
math500_101,math500,415,7.534257411956787,7.534257411956787,0.25782641768455505,0.25782641768455505,0.06059814244508743,1.0,1.0,3.0,1,0.25,0.5,0.25,gamma_fixed
math500_101,math500,416,6.418058395385742,6.418058395385742,0.2145821899175644,0.2145821899175644,0.007033752277493477,1.0,1.0,2.0,1,0.25,1.0,0.25,gamma_fixed
math500_101,math500,417,1.9092656373977661,1.9092656373977661,0.8646886944770813,0.8646886944770813,0.002776393201202154,1.0,3.0,4.0,1,0.75,1.0,0.75,gamma_fixed
math500_101,math500,418,3.3090484142303467,3.3090484142303467,0.4062124788761139,0.4062124788761139,0.0009113979176618159,0.0,0.0,2.0,1,0.0,0.0,0.0,gamma_fixed
math500_101,math500,419,6.329099178314209,6.329099178314209,0.41972142457962036,0.41972142457962036,0.005112560000270605,1.0,1.0,4.0,1,0.25,0.3333333333333333,0.25,gamma_fixed
math500_101,math500,420,1.688875436782837,1.688875436782837,0.48546102643013,0.48546102643013,0.575197696685791,1.0,3.0,5.0,1,0.75,0.75,0.75,gamma_fixed
math500_101,math500,421,5.072965145111084,5.072965145111084,0.4967308044433594,0.4967308044433594,0.08612637966871262,1.0,3.0,4.0,1,0.75,1.0,0.75,gamma_fixed
math500_101,math500,422,3.6444833278656006,3.6444833278656006,0.532914400100708,0.532914400100708,5.100436101201922e-05,1.0,1.0,3.0,1,0.25,0.5,0.25,gamma_fixed
math500_101,math500,423,7.887031078338623,7.887031078338623,0.22753100097179413,0.22753100097179413,0.0014034496853128076,1.0,1.0,5.0,1,0.25,0.25,0.25,gamma_fixed
math500_101,math500,424,8.814872741699219,8.814872741699219,0.21774861216545105,0.21774861216545105,0.027361685410141945,1.0,2.0,3.0,1,0.5,1.0,0.5,gamma_fixed
math500_101,math500,425,11.054401397705078,11.054401397705078,0.07272327691316605,0.07272327691316605,1.6881422996520996,1.0,1.0,3.0,1,0.25,0.5,0.25,gamma_fixed
math500_101,math500,426,6.825149059295654,6.825149059295654,0.1746245175600052,0.1746245175600052,3.695268392562866,1.0,1.0,5.0,1,0.25,0.25,0.25,gamma_fixed
math500_101,math500,427,3.187227487564087,3.187227487564087,0.35970866680145264,0.35970866680145264,1.4451996088027954,1.0,4.0,5.0,1,1.0,1.0,1.0,gamma_fixed
math500_101,math500,428,3.7289161682128906,3.7289161682128906,0.455380916595459,0.455380916595459,3.2545413970947266,0.0,0.0,2.0,1,0.0,0.0,0.0,gamma_fixed
math500_101,math500,429,0.7946010828018188,0.7946010828018188,0.9164202213287354,0.9164202213287354,2.19757080078125,1.0,1.0,2.0,1,0.25,1.0,0.25,gamma_fixed
math500_101,math500,430,1.89870285987854,1.89870285987854,0.7947431206703186,0.7947431206703186,0.9376018047332764,1.0,3.0,4.0,1,0.75,1.0,0.75,gamma_fixed
math500_101,math500,431,1.8477070331573486,1.8477070331573486,0.48664772510528564,0.48664772510528564,4.084375381469727,1.0,2.0,3.0,1,0.5,1.0,0.5,gamma_fixed
math500_101,math500,432,5.644936561584473,5.644936561584473,0.16484752297401428,0.16484752297401428,0.1281309723854065,0.0,0.0,2.0,1,0.0,0.0,0.0,gamma_fixed
math500_101,math500,433,6.0225419998168945,6.0225419998168945,0.1942378580570221,0.1942378580570221,0.04251017048954964,1.0,1.0,3.0,1,0.25,0.5,0.25,gamma_fixed
math500_101,math500,434,3.64870285987854,3.64870285987854,0.3224407434463501,0.3224407434463501,1.346879482269287,1.0,2.0,4.0,1,0.5,0.6666666666666666,0.5,gamma_fixed
math500_101,math500,435,1.1672896146774292,1.1672896146774292,0.8859509229660034,0.8859509229660034,1.174519419670105,1.0,1.0,3.0,1,0.25,0.5,0.25,gamma_fixed
math500_101,math500,436,2.883261203765869,2.883261203765869,0.6271605491638184,0.6271605491638184,0.2103584110736847,1.0,1.0,2.0,1,0.25,1.0,0.25,gamma_fixed
math500_101,math500,437,8.430671691894531,8.430671691894531,0.12467670440673828,0.12467670440673828,1.0478928089141846,0.0,0.0,2.0,1,0.0,0.0,0.0,gamma_fixed
math500_101,math500,438,1.0341039896011353,1.0341039896011353,0.8519066572189331,0.8519066572189331,1.0133241415023804,1.0,1.0,3.0,1,0.25,0.5,0.25,gamma_fixed
math500_101,math500,439,6.162965774536133,6.162965774536133,0.51475590467453,0.51475590467453,0.0041206697933375835,0.0,0.0,2.0,1,0.0,0.0,0.0,gamma_fixed
math500_101,math500,440,5.296686172485352,5.296686172485352,0.49818822741508484,0.49818822741508484,0.9843467473983765,1.0,1.0,3.0,1,0.25,0.5,0.25,gamma_fixed
math500_101,math500,441,1.410550594329834,1.410550594329834,0.744953453540802,0.744953453540802,2.0830910205841064,1.0,3.0,4.0,1,0.75,1.0,0.75,gamma_fixed
math500_101,math500,442,4.575191497802734,4.575191497802734,0.37312573194503784,0.37312573194503784,1.5268661975860596,0.0,0.0,2.0,1,0.0,0.0,0.0,gamma_fixed
math500_101,math500,443,1.1307512521743774,1.1307512521743774,0.8869247436523438,0.8869247436523438,1.2072490453720093,1.0,3.0,4.0,1,0.75,1.0,0.75,gamma_fixed
math500_101,math500,444,2.8547632694244385,2.8547632694244385,0.6310001611709595,0.6310001611709595,1.0534725189208984,1.0,1.0,3.0,1,0.25,0.5,0.25,gamma_fixed
math500_101,math500,445,10.492849349975586,10.492849349975586,0.08192483335733414,0.08192483335733414,0.0370602011680603,0.0,0.0,2.0,1,0.0,0.0,0.0,gamma_fixed
math500_101,math500,446,3.8942792415618896,3.8942792415618896,0.35970866680145264,0.35970866680145264,0.001437011524103582,1.0,4.0,5.0,1,1.0,1.0,1.0,gamma_fixed
math500_101,math500,447,2.7816781997680664,2.7816781997680664,0.5991716980934143,0.5991716980934143,0.6684155464172363,1.0,3.0,4.0,1,0.75,1.0,0.75,gamma_fixed
math500_101,math500,448,1.0718469619750977,1.0718469619750977,0.7977563142776489,0.7977563142776489,1.45895516872406,1.0,1.0,3.0,1,0.25,0.5,0.25,gamma_fixed
math500_101,math500,449,9.512380599975586,9.512380599975586,0.093561090528965,0.093561090528965,2.886744499206543,1.0,1.0,2.0,1,0.25,1.0,0.25,gamma_fixed
math500_101,math500,450,0.7067503333091736,0.7067503333091736,0.8995731472969055,0.8995731472969055,0.2208908200263977,1.0,4.0,5.0,1,1.0,1.0,1.0,gamma_fixed
math500_101,math500,451,3.9878792762756348,3.9878792762756348,0.5500994324684143,0.5500994324684143,1.4089275737205753e-06,0.0,0.0,2.0,1,0.0,0.0,0.0,gamma_fixed
math500_101,math500,452,1.110718011856079,1.110718011856079,0.7008448839187622,0.7008448839187622,1.6317083835601807,1.0,2.0,4.0,1,0.5,0.6666666666666666,0.5,gamma_fixed
math500_101,math500,453,7.2091875076293945,7.2091875076293945,0.31930723786354065,0.31930723786354065,5.177010461920872e-05,1.0,3.0,4.0,1,0.75,1.0,0.75,gamma_fixed
math500_101,math500,454,0.4403320550918579,0.4403320550918579,0.945048987865448,0.945048987865448,0.0006953270640224218,1.0,1.0,3.0,1,0.25,0.5,0.25,gamma_fixed
math500_101,math500,455,6.439056873321533,6.439056873321533,0.33300110697746277,0.33300110697746277,0.0021388852037489414,1.0,1.0,3.0,1,0.25,0.5,0.25,gamma_fixed
math500_101,math500,456,10.748185157775879,10.748185157775879,0.14364221692085266,0.14364221692085266,0.03354658931493759,1.0,1.0,3.0,1,0.25,0.5,0.25,gamma_fixed
math500_101,math500,457,0.9693455696105957,0.9693455696105957,0.9422556161880493,0.9422556161880493,0.0007968391291797161,1.0,4.0,5.0,1,1.0,1.0,1.0,gamma_fixed
math500_101,math500,458,9.85223388671875,9.85223388671875,0.16892164945602417,0.16892164945602417,1.0891425609588623,1.0,3.0,4.0,1,0.75,1.0,0.75,gamma_fixed
math500_101,math500,459,4.293819427490234,4.293819427490234,0.37955719232559204,0.37955719232559204,0.4172862768173218,1.0,1.0,2.0,1,0.25,1.0,0.25,gamma_fixed
math500_101,math500,460,11.963321685791016,11.963321685791016,0.03750792145729065,0.03750792145729065,0.386835515499115,0.0,0.0,2.0,1,0.0,0.0,0.0,gamma_fixed
math500_101,math500,461,1.961456537246704,1.961456537246704,0.5463517904281616,0.5463517904281616,0.009361987002193928,1.0,2.0,5.0,1,0.5,0.5,0.5,gamma_fixed
math500_101,math500,462,3.433259963989258,3.433259963989258,0.553602397441864,0.553602397441864,2.1801334071369638e-07,0.0,0.0,2.0,1,0.0,0.0,0.0,gamma_fixed
math500_101,math500,463,9.479910850524902,9.479910850524902,0.11024190485477448,0.11024190485477448,0.030588436871767044,1.0,2.0,3.0,1,0.5,1.0,0.5,gamma_fixed
math500_101,math500,464,9.621664047241211,9.621664047241211,0.12394831329584122,0.12394831329584122,2.842845060513355e-05,1.0,1.0,2.0,1,0.25,1.0,0.25,gamma_fixed
math500_101,math500,465,1.1115496158599854,1.1115496158599854,0.779181182384491,0.779181182384491,7.714626917731948e-06,0.0,0.0,2.0,1,0.0,0.0,0.0,gamma_fixed
math500_101,math500,466,5.205166339874268,5.205166339874268,0.47444695234298706,0.47444695234298706,4.9289905291516334e-05,1.0,3.0,4.0,1,0.75,1.0,0.75,gamma_fixed
math500_101,math500,467,1.2114897966384888,1.2114897966384888,0.8045040369033813,0.8045040369033813,0.00023438085918314755,1.0,4.0,5.0,1,1.0,1.0,1.0,gamma_fixed
math500_101,math500,468,1.942041039466858,1.942041039466858,0.882281482219696,0.882281482219696,3.846291747322539e-06,1.0,2.0,3.0,1,0.5,1.0,0.5,gamma_fixed
math500_101,math500,469,5.35427188873291,5.35427188873291,0.29850029945373535,0.29850029945373535,2.3774505280016456e-06,0.0,0.0,2.0,1,0.0,0.0,0.0,gamma_fixed
math500_101,math500,470,9.006784439086914,9.006784439086914,0.14462751150131226,0.14462751150131226,0.9664407968521118,0.0,0.0,2.0,1,0.0,0.0,0.0,gamma_fixed
math500_101,math500,471,9.99630355834961,9.99630355834961,0.15501122176647186,0.15501122176647186,2.5112302637353423e-07,0.0,0.0,2.0,1,0.0,0.0,0.0,gamma_fixed
math500_101,math500,472,1.5676668882369995,1.5676668882369995,0.5790382623672485,0.5790382623672485,0.0028357147239148617,1.0,2.0,4.0,1,0.5,0.6666666666666666,0.5,gamma_fixed
math500_101,math500,473,10.940007209777832,10.940007209777832,0.1626090705394745,0.1626090705394745,0.06534577161073685,0.0,0.0,2.0,1,0.0,0.0,0.0,gamma_fixed
math500_101,math500,474,5.4343976974487305,5.4343976974487305,0.3043876588344574,0.3043876588344574,0.01241309568285942,0.0,0.0,2.0,1,0.0,0.0,0.0,gamma_fixed
math500_101,math500,475,11.417659759521484,11.417659759521484,0.0861925259232521,0.0861925259232521,0.009578960947692394,1.0,1.0,5.0,1,0.25,0.25,0.25,gamma_fixed
math500_101,math500,476,12.017216682434082,12.017216682434082,0.03441920131444931,0.03441920131444931,2.3667354980716482e-05,1.0,1.0,3.0,1,0.25,0.5,0.25,gamma_fixed
math500_101,math500,477,6.613034248352051,6.613034248352051,0.19404825568199158,0.19404825568199158,0.003979647532105446,0.0,0.0,2.0,1,0.0,0.0,0.0,gamma_fixed
math500_101,math500,478,4.044856071472168,4.044856071472168,0.31404998898506165,0.31404998898506165,0.0001633982901694253,0.0,0.0,2.0,1,0.0,0.0,0.0,gamma_fixed
math500_101,math500,479,5.399803161621094,5.399803161621094,0.29879194498062134,0.29879194498062134,5.490800685947761e-05,1.0,4.0,5.0,1,1.0,1.0,1.0,gamma_fixed
math500_101,math500,480,6.653050422668457,6.653050422668457,0.3558652698993683,0.3558652698993683,0.00014060508692637086,0.0,0.0,2.0,1,0.0,0.0,0.0,gamma_fixed
math500_101,math500,481,6.717959403991699,6.717959403991699,0.19048093259334564,0.19048093259334564,2.2797441943112062e-06,0.0,0.0,2.0,1,0.0,0.0,0.0,gamma_fixed
math500_101,math500,482,8.391485214233398,8.391485214233398,0.103360615670681,0.103360615670681,0.9605469107627869,1.0,1.0,2.0,1,0.25,1.0,0.25,gamma_fixed
math500_101,math500,483,1.9210832118988037,1.9210832118988037,0.5428947806358337,0.5428947806358337,0.44663169980049133,1.0,2.0,3.0,1,0.5,1.0,0.5,gamma_fixed
math500_101,math500,484,9.59964370727539,9.59964370727539,0.2315659373998642,0.2315659373998642,1.0359119176864624,1.0,1.0,3.0,1,0.25,0.5,0.25,gamma_fixed
math500_101,math500,485,6.477616310119629,6.477616310119629,0.4315672218799591,0.4315672218799591,1.2040421962738037,1.0,2.0,3.0,1,0.5,1.0,0.5,gamma_fixed
math500_101,math500,486,6.152501583099365,6.152501583099365,0.24032065272331238,0.24032065272331238,0.9978168606758118,1.0,1.0,2.0,1,0.25,1.0,0.25,gamma_fixed
math500_101,math500,487,10.979692459106445,10.979692459106445,0.07386849820613861,0.07386849820613861,0.000871978816576302,0.0,0.0,2.0,1,0.0,0.0,0.0,gamma_fixed
math500_101,math500,488,3.2136306762695312,3.2136306762695312,0.6109893321990967,0.6109893321990967,0.00024393407511524856,1.0,3.0,4.0,1,0.75,1.0,0.75,gamma_fixed
math500_101,math500,489,10.409577369689941,10.409577369689941,0.05752884969115257,0.05752884969115257,0.10948383808135986,0.0,0.0,2.0,1,0.0,0.0,0.0,gamma_fixed
math500_101,math500,490,9.65267276763916,9.65267276763916,0.08419587463140488,0.08419587463140488,0.0024995210114866495,0.0,0.0,2.0,1,0.0,0.0,0.0,gamma_fixed
math500_101,math500,491,11.472872734069824,11.472872734069824,0.03189479559659958,0.03189479559659958,0.009427748620510101,0.0,0.0,2.0,1,0.0,0.0,0.0,gamma_fixed
math500_101,math500,492,7.808368682861328,7.808368682861328,0.44941672682762146,0.44941672682762146,1.7419558763504028,1.0,2.0,4.0,1,0.5,0.6666666666666666,0.5,gamma_fixed
math500_101,math500,493,5.681716442108154,5.681716442108154,0.32815873622894287,0.32815873622894287,0.9116599559783936,0.0,0.0,2.0,1,0.0,0.0,0.0,gamma_fixed
math500_101,math500,494,4.3525848388671875,4.3525848388671875,0.22753100097179413,0.22753100097179413,0.00539423618465662,0.0,0.0,2.0,1,0.0,0.0,0.0,gamma_fixed
math500_101,math500,495,4.085609436035156,4.085609436035156,0.2862251400947571,0.2862251400947571,0.796295166015625,0.0,0.0,2.0,1,0.0,0.0,0.0,gamma_fixed
math500_101,math500,496,1.839530110359192,1.839530110359192,0.8500368595123291,0.8500368595123291,0.023598773404955864,0.0,0.0,2.0,1,0.0,0.0,0.0,gamma_fixed
math500_101,math500,497,1.8576550483703613,1.8576550483703613,0.7744398713111877,0.7744398713111877,0.0001686451432760805,1.0,1.0,3.0,1,0.25,0.5,0.25,gamma_fixed
math500_101,math500,498,9.228290557861328,9.228290557861328,0.17091284692287445,0.17091284692287445,0.9741668701171875,0.0,0.0,2.0,1,0.0,0.0,0.0,gamma_fixed
math500_101,math500,499,4.452085971832275,4.452085971832275,0.3002544343471527,0.3002544343471527,0.46678879857063293,1.0,1.0,3.0,1,0.25,0.5,0.25,gamma_fixed
math500_101,math500,500,0.19293323159217834,0.19293323159217834,0.9745869040489197,0.9745869040489197,0.0008040886605158448,1.0,4.0,5.0,1,1.0,1.0,1.0,gamma_fixed
math500_101,math500,501,5.470267295837402,5.470267295837402,0.18104957044124603,0.18104957044124603,7.735192752988951e-08,0.0,0.0,2.0,1,0.0,0.0,0.0,gamma_fixed
math500_101,math500,502,1.9580198526382446,1.9580198526382446,0.7301880717277527,0.7301880717277527,1.246442735691744e-07,1.0,4.0,5.0,1,1.0,1.0,1.0,gamma_fixed
math500_101,math500,503,9.616694450378418,9.616694450378418,0.13402009010314941,0.13402009010314941,1.9735693058464676e-05,1.0,4.0,5.0,1,1.0,1.0,1.0,gamma_fixed
math500_101,math500,504,5.538867950439453,5.538867950439453,0.582725465297699,0.582725465297699,9.094872075365856e-05,1.0,2.0,3.0,1,0.5,1.0,0.5,gamma_fixed
math500_101,math500,505,6.679527759552002,6.679527759552002,0.3333264887332916,0.3333264887332916,0.02580799162387848,1.0,2.0,4.0,1,0.5,0.6666666666666666,0.5,gamma_fixed
math500_101,math500,506,9.24538803100586,9.24538803100586,0.15592214465141296,0.15592214465141296,1.5612891912460327,1.0,3.0,4.0,1,0.75,1.0,0.75,gamma_fixed
math500_101,math500,507,0.009047703817486763,0.009047703817486763,0.9994236826896667,0.9994236826896667,1.1719891546135841e-07,1.0,3.0,4.0,1,0.75,1.0,0.75,gamma_fixed
math500_101,math500,508,9.677301406860352,9.677301406860352,0.09015273302793503,0.09015273302793503,0.00013764102186542004,1.0,4.0,5.0,1,1.0,1.0,1.0,gamma_fixed
math500_101,math500,509,2.9066615104675293,2.9066615104675293,0.3472823202610016,0.3472823202610016,4.009946792393748e-07,0.0,0.0,2.0,1,0.0,0.0,0.0,gamma_fixed
math500_101,math500,510,2.698101043701172,2.698101043701172,0.6502359509468079,0.6502359509468079,0.00024869784829206765,0.0,0.0,2.0,1,0.0,0.0,0.0,gamma_fixed
math500_101,math500,511,2.197878837585449,2.197878837585449,0.7103191018104553,0.7103191018104553,2.8109172944823513e-06,0.0,0.0,2.0,1,0.0,0.0,0.0,gamma_fixed
math500_101,math500,512,1.7391135692596436,1.7391135692596436,0.7436813712120056,0.7436813712120056,1.7085230297197995e-07,1.0,4.0,5.0,1,1.0,1.0,1.0,gamma_fixed
math500_101,math500,513,3.6051650047302246,3.6051650047302246,0.7456812858581543,0.7456812858581543,0.12373615801334381,1.0,4.0,5.0,1,1.0,1.0,1.0,gamma_fixed
math500_101,math500,514,10.514631271362305,10.514631271362305,0.09709832072257996,0.09709832072257996,0.6484662294387817,1.0,3.0,4.0,1,0.75,1.0,0.75,gamma_fixed
math500_101,math500,515,0.07811661809682846,0.07811661809682846,0.9948785901069641,0.9948785901069641,0.951110303401947,1.0,1.0,3.0,1,0.25,0.5,0.25,gamma_fixed
math500_101,math500,516,3.4708142280578613,3.4708142280578613,0.5321342945098877,0.5321342945098877,1.43484628200531,0.0,0.0,2.0,1,0.0,0.0,0.0,gamma_fixed
math500_101,math500,517,8.895502090454102,8.895502090454102,0.07955951243638992,0.07955951243638992,1.5706675052642822,1.0,1.0,2.0,1,0.25,1.0,0.25,gamma_fixed
math500_101,math500,518,0.06417898088693619,0.06417898088693619,0.9959646463394165,0.9959646463394165,0.6962637901306152,1.0,2.0,4.0,1,0.5,0.6666666666666666,0.5,gamma_fixed
math500_101,math500,519,2.4684934616088867,2.4684934616088867,0.5645211935043335,0.5645211935043335,1.3333896398544312,1.0,1.0,3.0,1,0.25,0.5,0.25,gamma_fixed
math500_101,math500,520,11.425715446472168,11.425715446472168,0.0365675613284111,0.0365675613284111,0.17412352561950684,0.0,0.0,2.0,1,0.0,0.0,0.0,gamma_fixed
math500_101,math500,521,4.4654974937438965,4.4654974937438965,0.3548242151737213,0.3548242151737213,0.6365207433700562,1.0,2.0,3.0,1,0.5,1.0,0.5,gamma_fixed
math500_101,math500,522,4.427946090698242,4.427946090698242,0.3412310779094696,0.3412310779094696,0.005337891168892384,1.0,2.0,3.0,1,0.5,1.0,0.5,gamma_fixed
math500_101,math500,523,1.4168179035186768,1.4168179035186768,0.8895270228385925,0.8895270228385925,0.0003116170992143452,1.0,4.0,5.0,1,1.0,1.0,1.0,gamma_fixed
math500_101,math500,524,9.803413391113281,9.803413391113281,0.1895531266927719,0.1895531266927719,0.9224382638931274,0.0,0.0,2.0,1,0.0,0.0,0.0,gamma_fixed
math500_101,math500,525,2.572803497314453,2.572803497314453,0.7206248044967651,0.7206248044967651,1.214056134223938,1.0,2.0,3.0,1,0.5,1.0,0.5,gamma_fixed
math500_101,math500,526,2.8911423683166504,2.8911423683166504,0.3727615177631378,0.3727615177631378,0.627049446105957,1.0,4.0,5.0,1,1.0,1.0,1.0,gamma_fixed
math500_101,math500,527,0.35656899213790894,0.35656899213790894,0.9773568511009216,0.9773568511009216,1.7603201866149902,0.0,0.0,4.0,1,0.0,0.0,0.0,gamma_fixed
math500_101,math500,528,0.39163097739219666,0.39163097739219666,0.9598434567451477,0.9598434567451477,0.1444782316684723,0.0,0.0,3.0,1,0.0,0.0,0.0,gamma_fixed
math500_101,math500,529,0.01683056727051735,0.01683056727051735,0.9990658760070801,0.9990658760070801,0.0014240266755223274,1.0,3.0,4.0,1,0.75,1.0,0.75,gamma_fixed
math500_101,math500,530,2.976294994354248,2.976294994354248,0.5295423269271851,0.5295423269271851,1.3899862096877769e-05,1.0,3.0,4.0,1,0.75,1.0,0.75,gamma_fixed
math500_101,math500,531,9.31296443939209,9.31296443939209,0.21437272429466248,0.21437272429466248,1.0203217267990112,1.0,1.0,3.0,1,0.25,0.5,0.25,gamma_fixed
math500_101,math500,532,1.8119289875030518,1.8119289875030518,0.6379706859588623,0.6379706859588623,2.5586023330688477,1.0,2.0,4.0,1,0.5,0.6666666666666666,0.5,gamma_fixed
math500_101,math500,533,4.096444129943848,4.096444129943848,0.3049827516078949,0.3049827516078949,3.6329116821289062,0.0,0.0,2.0,1,0.0,0.0,0.0,gamma_fixed
math500_101,math500,534,2.667418956756592,2.667418956756592,0.5977107286453247,0.5977107286453247,0.00636849831789732,1.0,3.0,4.0,1,0.75,1.0,0.75,gamma_fixed
math500_101,math500,535,7.192555904388428,7.192555904388428,0.29559943079948425,0.29559943079948425,0.5234281420707703,0.0,0.0,2.0,1,0.0,0.0,0.0,gamma_fixed
math500_101,math500,536,7.61426305770874,7.61426305770874,0.2513624429702759,0.2513624429702759,0.012712344527244568,0.0,0.0,2.0,1,0.0,0.0,0.0,gamma_fixed
math500_101,math500,537,4.820730209350586,4.820730209350586,0.3046850860118866,0.3046850860118866,1.121245265007019,0.0,0.0,2.0,1,0.0,0.0,0.0,gamma_fixed
math500_101,math500,538,0.1876894235610962,0.1876894235610962,0.9822006821632385,0.9822006821632385,2.6154327392578125,0.0,0.0,2.0,1,0.0,0.0,0.0,gamma_fixed
math500_101,math500,539,0.19701296091079712,0.19701296091079712,0.9800000190734863,0.9800000190734863,1.0408680438995361,1.0,4.0,5.0,1,1.0,1.0,1.0,gamma_fixed
math500_101,math500,540,4.541269302368164,4.541269302368164,0.270463764667511,0.270463764667511,3.7545883655548096,1.0,1.0,4.0,1,0.25,0.3333333333333333,0.25,gamma_fixed
math500_101,math500,541,0.5738977193832397,0.5738977193832397,0.9528971314430237,0.9528971314430237,2.877978563308716,1.0,2.0,5.0,1,0.5,0.5,0.5,gamma_fixed
math500_101,math500,542,5.982245445251465,5.982245445251465,0.29791784286499023,0.29791784286499023,1.757384181022644,0.0,0.0,2.0,1,0.0,0.0,0.0,gamma_fixed
math500_101,math500,543,2.2217350006103516,2.2217350006103516,0.7366340756416321,0.7366340756416321,0.2797004282474518,1.0,3.0,4.0,1,0.75,1.0,0.75,gamma_fixed
math500_101,math500,544,1.6354103088378906,1.6354103088378906,0.8465161323547363,0.8465161323547363,3.1575958728790283,0.0,0.0,2.0,1,0.0,0.0,0.0,gamma_fixed
math500_101,math500,545,1.6999794244766235,1.6999794244766235,0.7657912373542786,0.7657912373542786,1.830368319133413e-06,0.0,0.0,3.0,1,0.0,0.0,0.0,gamma_fixed
math500_101,math500,546,6.905356407165527,6.905356407165527,0.25457391142845154,0.25457391142845154,0.0015842774882912636,1.0,1.0,3.0,1,0.25,0.5,0.25,gamma_fixed
math500_101,math500,547,4.784161567687988,4.784161567687988,0.681108832359314,0.681108832359314,0.0013894502772018313,1.0,1.0,3.0,1,0.25,0.5,0.25,gamma_fixed
math500_101,math500,548,0.4701750874519348,0.4701750874519348,0.9514442682266235,0.9514442682266235,0.0012445024913176894,1.0,2.0,4.0,1,0.5,0.6666666666666666,0.5,gamma_fixed
math500_101,math500,549,4.398876667022705,4.398876667022705,0.34796127676963806,0.34796127676963806,0.7414794564247131,1.0,4.0,5.0,1,1.0,1.0,1.0,gamma_fixed
math500_101,math500,550,3.5884342193603516,3.5884342193603516,0.6168346405029297,0.6168346405029297,0.011250652372837067,0.0,0.0,2.0,1,0.0,0.0,0.0,gamma_fixed
math500_101,math500,551,4.700664520263672,4.700664520263672,0.5452857613563538,0.5452857613563538,4.984896349924384e-06,1.0,4.0,5.0,1,1.0,1.0,1.0,gamma_fixed
math500_101,math500,552,7.01793098449707,7.01793098449707,0.41604864597320557,0.41604864597320557,0.00015474730753339827,1.0,1.0,3.0,1,0.25,0.5,0.25,gamma_fixed
math500_101,math500,553,11.57487678527832,11.57487678527832,0.03877420723438263,0.03877420723438263,0.0019442426273599267,0.0,0.0,2.0,1,0.0,0.0,0.0,gamma_fixed
math500_101,math500,554,0.17203740775585175,0.17203740775585175,0.9884326457977295,0.9884326457977295,0.03895949199795723,1.0,4.0,5.0,1,1.0,1.0,1.0,gamma_fixed
math500_101,math500,555,4.856197834014893,4.856197834014893,0.45183709263801575,0.45183709263801575,3.8055739402770996,0.0,0.0,2.0,1,0.0,0.0,0.0,gamma_fixed
math500_101,math500,556,0.6350585222244263,0.6350585222244263,0.924002468585968,0.924002468585968,0.460623562335968,1.0,4.0,5.0,1,1.0,1.0,1.0,gamma_fixed
math500_101,math500,557,11.147503852844238,11.147503852844238,0.0887550413608551,0.0887550413608551,0.016705933958292007,1.0,1.0,3.0,1,0.25,0.5,0.25,gamma_fixed
math500_101,math500,558,9.777843475341797,9.777843475341797,0.18282629549503326,0.18282629549503326,0.0023161463905125856,1.0,1.0,3.0,1,0.25,0.5,0.25,gamma_fixed
math500_101,math500,559,1.1799798011779785,1.1799798011779785,0.7085870504379272,0.7085870504379272,0.0002598067803774029,0.0,0.0,2.0,1,0.0,0.0,0.0,gamma_fixed
math500_101,math500,560,12.16524887084961,12.16524887084961,0.0315232090651989,0.0315232090651989,0.081972137093544,1.0,1.0,3.0,1,0.25,0.5,0.25,gamma_fixed
math500_101,math500,561,7.5558271408081055,7.5558271408081055,0.2286447137594223,0.2286447137594223,0.0001090705773094669,1.0,1.0,3.0,1,0.25,0.5,0.25,gamma_fixed
math500_101,math500,562,0.6795921921730042,0.6795921921730042,0.8964489102363586,0.8964489102363586,6.65067886984616e-07,1.0,4.0,5.0,1,1.0,1.0,1.0,gamma_fixed
math500_101,math500,563,2.120812177658081,2.120812177658081,0.8526349067687988,0.8526349067687988,0.03190581128001213,1.0,2.0,4.0,1,0.5,0.6666666666666666,0.5,gamma_fixed
math500_101,math500,564,10.687032699584961,10.687032699584961,0.07258138060569763,0.07258138060569763,0.00047742249444127083,0.0,0.0,2.0,1,0.0,0.0,0.0,gamma_fixed
math500_101,math500,565,4.566903114318848,4.566903114318848,0.37770840525627136,0.37770840525627136,4.3799815330203273e-07,0.0,0.0,2.0,1,0.0,0.0,0.0,gamma_fixed
math500_101,math500,566,8.902444839477539,8.902444839477539,0.2089981734752655,0.2089981734752655,0.4060388505458832,1.0,1.0,3.0,1,0.25,0.5,0.25,gamma_fixed
math500_101,math500,567,0.11919364333152771,0.11919364333152771,0.9914233684539795,0.9914233684539795,0.0015236897161230445,1.0,4.0,5.0,1,1.0,1.0,1.0,gamma_fixed
math500_101,math500,568,11.425207138061523,11.425207138061523,0.04250204190611839,0.04250204190611839,0.0002200487651862204,1.0,1.0,3.0,1,0.25,0.5,0.25,gamma_fixed
math500_101,math500,569,5.045435905456543,5.045435905456543,0.44985586404800415,0.44985586404800415,0.0006906302296556532,1.0,1.0,3.0,1,0.25,0.5,0.25,gamma_fixed
math500_101,math500,570,3.8272664546966553,3.8272664546966553,0.5321342945098877,0.5321342945098877,1.2026673630316509e-06,1.0,1.0,4.0,1,0.25,0.3333333333333333,0.25,gamma_fixed
math500_101,math500,571,10.36473274230957,10.36473274230957,0.1322002410888672,0.1322002410888672,2.3126874566514743e-06,1.0,2.0,4.0,1,0.5,0.6666666666666666,0.5,gamma_fixed
math500_101,math500,572,11.040614128112793,11.040614128112793,0.08703836053609848,0.08703836053609848,8.476225048070773e-05,1.0,1.0,2.0,1,0.25,1.0,0.25,gamma_fixed
math500_101,math500,573,3.9848525524139404,3.9848525524139404,0.4986749589443207,0.4986749589443207,0.0005685362266376615,1.0,1.0,4.0,1,0.25,0.3333333333333333,0.25,gamma_fixed
math500_101,math500,574,0.20851391553878784,0.20851391553878784,0.9847593307495117,0.9847593307495117,0.9754656553268433,0.0,0.0,3.0,1,0.0,0.0,0.0,gamma_fixed
math500_101,math500,575,0.0715891569852829,0.0715891569852829,0.9956416487693787,0.9956416487693787,1.257860541343689,1.0,2.0,4.0,1,0.5,0.6666666666666666,0.5,gamma_fixed
math500_101,math500,576,4.241518020629883,4.241518020629883,0.3722158968448639,0.3722158968448639,3.4435930252075195,0.0,0.0,2.0,1,0.0,0.0,0.0,gamma_fixed
math500_101,math500,577,8.255587577819824,8.255587577819824,0.19576126337051392,0.19576126337051392,0.018174828961491585,0.0,0.0,2.0,1,0.0,0.0,0.0,gamma_fixed
math500_101,math500,578,6.953122138977051,6.953122138977051,0.14072641730308533,0.14072641730308533,1.2872034311294556,1.0,1.0,5.0,1,0.25,0.25,0.25,gamma_fixed
math500_101,math500,579,0.8209255933761597,0.8209255933761597,0.8654278516769409,0.8654278516769409,1.0559573411228484e-06,1.0,4.0,5.0,1,1.0,1.0,1.0,gamma_fixed
math500_101,math500,580,0.06459762156009674,0.06459762156009674,0.996365487575531,0.996365487575531,3.50882842781175e-08,1.0,4.0,5.0,1,1.0,1.0,1.0,gamma_fixed
math500_101,math500,581,8.767450332641602,8.767450332641602,0.12788285315036774,0.12788285315036774,1.3444948196411133,1.0,1.0,2.0,1,0.25,1.0,0.25,gamma_fixed
math500_101,math500,582,4.641356468200684,4.641356468200684,0.2047557532787323,0.2047557532787323,0.29595980048179626,1.0,3.0,4.0,1,0.75,1.0,0.75,gamma_fixed
math500_101,math500,583,10.424040794372559,10.424040794372559,0.09175145626068115,0.09175145626068115,0.3446219265460968,0.0,0.0,2.0,1,0.0,0.0,0.0,gamma_fixed
math500_101,math500,584,8.924427032470703,8.924427032470703,0.12540937960147858,0.12540937960147858,0.04553757980465889,1.0,1.0,3.0,1,0.25,0.5,0.25,gamma_fixed
math500_101,math500,585,2.9439046382904053,2.9439046382904053,0.7037597298622131,0.7037597298622131,0.861553430557251,1.0,2.0,3.0,1,0.5,1.0,0.5,gamma_fixed
math500_101,math500,586,3.786759853363037,3.786759853363037,0.2845529615879059,0.2845529615879059,0.001533265458419919,1.0,4.0,5.0,1,1.0,1.0,1.0,gamma_fixed
math500_101,math500,587,9.500812530517578,9.500812530517578,0.24126124382019043,0.24126124382019043,4.248733603162691e-05,0.0,0.0,2.0,1,0.0,0.0,0.0,gamma_fixed
math500_101,math500,588,9.9520902633667,9.9520902633667,0.08927662670612335,0.08927662670612335,6.174519739943207e-07,0.0,0.0,2.0,1,0.0,0.0,0.0,gamma_fixed
math500_101,math500,589,4.985514163970947,4.985514163970947,0.4467911720275879,0.4467911720275879,0.000122993384138681,1.0,4.0,5.0,1,1.0,1.0,1.0,gamma_fixed
math500_101,math500,590,8.375531196594238,8.375531196594238,0.1108897477388382,0.1108897477388382,0.0008901740075089037,1.0,2.0,3.0,1,0.5,1.0,0.5,gamma_fixed
math500_101,math500,591,0.320878267288208,0.320878267288208,0.9808976650238037,0.9808976650238037,1.2164058685302734,1.0,3.0,4.0,1,0.75,1.0,0.75,gamma_fixed
math500_101,math500,592,3.9011449813842773,3.9011449813842773,0.5013605952262878,0.5013605952262878,2.867103099822998,0.0,0.0,2.0,1,0.0,0.0,0.0,gamma_fixed
math500_101,math500,593,3.046466827392578,3.046466827392578,0.48712316155433655,0.48712316155433655,2.320911107744905e-06,1.0,4.0,5.0,1,1.0,1.0,1.0,gamma_fixed
math500_101,math500,594,0.5131851434707642,0.5131851434707642,0.9421693086624146,0.9421693086624146,0.2107626497745514,1.0,4.0,5.0,1,1.0,1.0,1.0,gamma_fixed
math500_101,math500,595,11.347291946411133,11.347291946411133,0.06557180732488632,0.06557180732488632,0.00039585947524756193,0.0,0.0,2.0,1,0.0,0.0,0.0,gamma_fixed
math500_101,math500,596,8.50750732421875,8.50750732421875,0.1306600719690323,0.1306600719690323,1.626072116778232e-05,1.0,1.0,2.0,1,0.25,1.0,0.25,gamma_fixed
math500_101,math500,597,0.4864308834075928,0.4864308834075928,0.9394130706787109,0.9394130706787109,6.024525873726816e-07,1.0,4.0,5.0,1,1.0,1.0,1.0,gamma_fixed
math500_101,math500,598,1.1093504428863525,1.1093504428863525,0.9101769924163818,0.9101769924163818,1.3087812476442195e-05,1.0,4.0,5.0,1,1.0,1.0,1.0,gamma_fixed
math500_101,math500,599,11.735208511352539,11.735208511352539,0.04622572660446167,0.04622572660446167,0.0036704109515994787,1.0,4.0,5.0,1,1.0,1.0,1.0,gamma_fixed
math500_101,math500,600,4.989177703857422,4.989177703857422,0.6669572591781616,0.6669572591781616,4.932057345286012e-05,1.0,1.0,3.0,1,0.25,0.5,0.25,gamma_fixed
math500_101,math500,601,1.2932789325714111,1.2932789325714111,0.719394326210022,0.719394326210022,3.5719618608709425e-05,0.0,0.0,3.0,1,0.0,0.0,0.0,gamma_fixed
math500_101,math500,602,2.63688588142395,2.63688588142395,0.6032816767692566,0.6032816767692566,0.0008106186287477612,1.0,1.0,3.0,1,0.25,0.5,0.25,gamma_fixed
math500_101,math500,603,0.405165433883667,0.405165433883667,0.9639825224876404,0.9639825224876404,0.026056844741106033,1.0,1.0,3.0,1,0.25,0.5,0.25,gamma_fixed
math500_101,math500,604,6.24751615524292,6.24751615524292,0.2079801857471466,0.2079801857471466,2.5542685985565186,0.0,0.0,2.0,1,0.0,0.0,0.0,gamma_fixed
math500_101,math500,605,1.6085273027420044,1.6085273027420044,0.8936083316802979,0.8936083316802979,0.4140241742134094,1.0,4.0,5.0,1,1.0,1.0,1.0,gamma_fixed
math500_101,math500,606,9.778146743774414,9.778146743774414,0.0721573457121849,0.0721573457121849,0.9874592423439026,1.0,1.0,2.0,1,0.25,1.0,0.25,gamma_fixed
math500_101,math500,607,5.148046493530273,5.148046493530273,0.4991621971130371,0.4991621971130371,3.8727444007236045e-06,0.0,0.0,2.0,1,0.0,0.0,0.0,gamma_fixed
math500_101,math500,608,6.995771884918213,6.995771884918213,0.1533549726009369,0.1533549726009369,0.007838808000087738,1.0,2.0,3.0,1,0.5,1.0,0.5,gamma_fixed
math500_101,math500,609,2.680978775024414,2.680978775024414,0.7665393948554993,0.7665393948554993,0.0008670904790051281,1.0,2.0,3.0,1,0.5,1.0,0.5,gamma_fixed
math500_101,math500,610,0.04308897256851196,0.04308897256851196,0.9979307651519775,0.9979307651519775,0.0019992440938949585,1.0,4.0,5.0,1,1.0,1.0,1.0,gamma_fixed
math500_101,math500,611,4.575014114379883,4.575014114379883,0.28594574332237244,0.28594574332237244,4.0727372834226117e-05,0.0,0.0,2.0,1,0.0,0.0,0.0,gamma_fixed
math500_101,math500,612,8.805933952331543,8.805933952331543,0.18881411850452423,0.18881411850452423,0.0077996281906962395,1.0,2.0,3.0,1,0.5,1.0,0.5,gamma_fixed
math500_101,math500,613,11.150882720947266,11.150882720947266,0.048255279660224915,0.048255279660224915,0.008265729993581772,0.0,0.0,2.0,1,0.0,0.0,0.0,gamma_fixed
math500_101,math500,614,6.4563117027282715,6.4563117027282715,0.21208222210407257,0.21208222210407257,3.557618038030341e-05,0.0,0.0,2.0,1,0.0,0.0,0.0,gamma_fixed
math500_101,math500,615,8.81680965423584,8.81680965423584,0.2941596210002899,0.2941596210002899,0.3076702654361725,0.0,0.0,2.0,1,0.0,0.0,0.0,gamma_fixed
math500_101,math500,616,12.135885238647461,12.135885238647461,0.029729217290878296,0.029729217290878296,1.360341191291809,0.0,0.0,2.0,1,0.0,0.0,0.0,gamma_fixed
math500_101,math500,617,2.360386371612549,2.360386371612549,0.4926246106624603,0.4926246106624603,0.2024255096912384,1.0,3.0,4.0,1,0.75,1.0,0.75,gamma_fixed
math500_101,math500,618,1.8108841180801392,1.8108841180801392,0.8849781155586243,0.8849781155586243,0.0008201473392546177,1.0,4.0,5.0,1,1.0,1.0,1.0,gamma_fixed
math500_101,math500,619,7.393026351928711,7.393026351928711,0.3278384506702423,0.3278384506702423,0.0013628709129989147,1.0,2.0,3.0,1,0.5,1.0,0.5,gamma_fixed
math500_101,math500,620,0.5395042300224304,0.5395042300224304,0.9630122184753418,0.9630122184753418,0.00021124552586115897,1.0,4.0,5.0,1,1.0,1.0,1.0,gamma_fixed
math500_101,math500,621,0.49247533082962036,0.49247533082962036,0.966722309589386,0.966722309589386,0.0003812431823462248,1.0,4.0,5.0,1,1.0,1.0,1.0,gamma_fixed
math500_101,math500,622,5.814631462097168,5.814631462097168,0.5415709018707275,0.5415709018707275,6.911019681865582e-06,1.0,1.0,3.0,1,0.25,0.5,0.25,gamma_fixed
math500_101,math500,623,8.82913589477539,8.82913589477539,0.30320098996162415,0.30320098996162415,0.5920035243034363,1.0,4.0,5.0,1,1.0,1.0,1.0,gamma_fixed
math500_101,math500,624,5.92905855178833,5.92905855178833,0.5261916518211365,0.5261916518211365,8.267747762147337e-05,1.0,1.0,2.0,1,0.25,1.0,0.25,gamma_fixed
math500_101,math500,625,7.182065010070801,7.182065010070801,0.4737524688243866,0.4737524688243866,0.020381545647978783,1.0,3.0,4.0,1,0.75,1.0,0.75,gamma_fixed
math500_101,math500,626,1.2485358715057373,1.2485358715057373,0.7362744808197021,0.7362744808197021,2.200901746749878,0.0,0.0,2.0,1,0.0,0.0,0.0,gamma_fixed
math500_101,math500,627,8.425804138183594,8.425804138183594,0.13480766117572784,0.13480766117572784,8.626905037090182e-05,0.0,0.0,2.0,1,0.0,0.0,0.0,gamma_fixed
math500_101,math500,628,6.250275611877441,6.250275611877441,0.26575106382369995,0.26575106382369995,0.91434645652771,0.0,0.0,2.0,1,0.0,0.0,0.0,gamma_fixed
math500_101,math500,629,4.536488056182861,4.536488056182861,0.3227557837963104,0.3227557837963104,4.7440997150260955e-05,0.0,0.0,3.0,1,0.0,0.0,0.0,gamma_fixed
math500_101,math500,630,0.499968945980072,0.499968945980072,0.92914879322052,0.92914879322052,0.9364217519760132,1.0,2.0,3.0,1,0.5,1.0,0.5,gamma_fixed
math500_101,math500,631,0.8181847333908081,0.8181847333908081,0.9192773103713989,0.9192773103713989,1.0258365869522095,0.0,0.0,2.0,1,0.0,0.0,0.0,gamma_fixed
math500_101,math500,632,4.044447898864746,4.044447898864746,0.3555178940296173,0.3555178940296173,0.9264891743659973,0.0,0.0,2.0,1,0.0,0.0,0.0,gamma_fixed
math500_101,math500,633,11.885429382324219,11.885429382324219,0.021371370181441307,0.021371370181441307,2.9863210784242256e-06,0.0,0.0,3.0,1,0.0,0.0,0.0,gamma_fixed
math500_101,math500,634,2.0694477558135986,2.0694477558135986,0.8717896938323975,0.8717896938323975,0.00042581363231875,1.0,2.0,3.0,1,0.5,1.0,0.5,gamma_fixed
math500_101,math500,635,2.55147647857666,2.55147647857666,0.45427048206329346,0.45427048206329346,1.6733294614823535e-05,0.0,0.0,2.0,1,0.0,0.0,0.0,gamma_fixed
math500_101,math500,636,2.7252211570739746,2.7252211570739746,0.8056833744049072,0.8056833744049072,0.0001510406145825982,1.0,2.0,5.0,1,0.5,0.5,0.5,gamma_fixed
math500_101,math500,637,0.24335235357284546,0.24335235357284546,0.9829203486442566,0.9829203486442566,0.0020556265953928232,1.0,4.0,5.0,1,1.0,1.0,1.0,gamma_fixed
math500_101,math500,638,0.3170594573020935,0.3170594573020935,0.9825604557991028,0.9825604557991028,0.0012403044383972883,1.0,3.0,4.0,1,0.75,1.0,0.75,gamma_fixed
math500_101,math500,639,3.667313575744629,3.667313575744629,0.6776257157325745,0.6776257157325745,0.008570908568799496,1.0,4.0,5.0,1,1.0,1.0,1.0,gamma_fixed
math500_101,math500,640,4.376984119415283,4.376984119415283,0.5628697276115417,0.5628697276115417,6.430818029912189e-05,1.0,2.0,3.0,1,0.5,1.0,0.5,gamma_fixed
math500_101,math500,641,8.136798858642578,8.136798858642578,0.38234737515449524,0.38234737515449524,0.00039577772258780897,1.0,4.0,5.0,1,1.0,1.0,1.0,gamma_fixed
math500_101,math500,642,9.711042404174805,9.711042404174805,0.2133285403251648,0.2133285403251648,2.0407838974279002e-07,1.0,4.0,5.0,1,1.0,1.0,1.0,gamma_fixed
math500_101,math500,643,6.1550188064575195,6.1550188064575195,0.4189024567604065,0.4189024567604065,2.920260521932505e-05,1.0,2.0,3.0,1,0.5,1.0,0.5,gamma_fixed
math500_101,math500,644,0.8419353365898132,0.8419353365898132,0.937408447265625,0.937408447265625,0.0029105977155268192,1.0,4.0,5.0,1,1.0,1.0,1.0,gamma_fixed
math500_101,math500,645,4.08950138092041,4.08950138092041,0.4816831648349762,0.4816831648349762,0.9199609756469727,0.0,0.0,2.0,1,0.0,0.0,0.0,gamma_fixed
math500_101,math500,646,5.151274681091309,5.151274681091309,0.5287672281265259,0.5287672281265259,1.4933470487594604,1.0,1.0,4.0,1,0.25,0.3333333333333333,0.25,gamma_fixed
math500_101,math500,647,1.070460319519043,1.070460319519043,0.9102881550788879,0.9102881550788879,1.1269960403442383,1.0,3.0,5.0,1,0.75,0.75,0.75,gamma_fixed
math500_101,math500,648,2.259376287460327,2.259376287460327,0.5821567177772522,0.5821567177772522,0.660666286945343,0.0,0.0,2.0,1,0.0,0.0,0.0,gamma_fixed
math500_101,math500,649,0.5487223267555237,0.5487223267555237,0.9667518138885498,0.9667518138885498,4.5602797626997926e-07,1.0,4.0,5.0,1,1.0,1.0,1.0,gamma_fixed
math500_101,math500,650,5.681246280670166,5.681246280670166,0.42946508526802063,0.42946508526802063,0.3279258906841278,1.0,4.0,5.0,1,1.0,1.0,1.0,gamma_fixed
math500_101,math500,651,2.5145225524902344,2.5145225524902344,0.7351967096328735,0.7351967096328735,1.9403712769872072e-07,1.0,1.0,2.0,1,0.25,1.0,0.25,gamma_fixed
math500_101,math500,652,2.344006061553955,2.344006061553955,0.44635504484176636,0.44635504484176636,0.0006913444376550615,1.0,3.0,4.0,1,0.75,1.0,0.75,gamma_fixed
math500_101,math500,653,7.126276016235352,7.126276016235352,0.32212603092193604,0.32212603092193604,0.003043901175260544,1.0,4.0,5.0,1,1.0,1.0,1.0,gamma_fixed
math500_101,math500,654,10.802459716796875,10.802459716796875,0.2023702710866928,0.2023702710866928,0.00026446394622325897,0.0,0.0,2.0,1,0.0,0.0,0.0,gamma_fixed
math500_101,math500,655,8.638867378234863,8.638867378234863,0.10275676101446152,0.10275676101446152,0.0005493026692420244,1.0,1.0,3.0,1,0.25,0.5,0.25,gamma_fixed
math500_101,math500,656,4.030759334564209,4.030759334564209,0.6330060362815857,0.6330060362815857,0.08597826957702637,1.0,4.0,5.0,1,1.0,1.0,1.0,gamma_fixed
math500_101,math500,657,5.414020538330078,5.414020538330078,0.4698362350463867,0.4698362350463867,2.566476905485615e-05,1.0,1.0,2.0,1,0.25,1.0,0.25,gamma_fixed
math500_101,math500,658,0.04659310355782509,0.04659310355782509,0.9976624250411987,0.9976624250411987,5.873493478247838e-07,1.0,4.0,5.0,1,1.0,1.0,1.0,gamma_fixed
math500_101,math500,659,3.448620080947876,3.448620080947876,0.6310001611709595,0.6310001611709595,0.0002007894217967987,1.0,4.0,5.0,1,1.0,1.0,1.0,gamma_fixed
math500_101,math500,660,5.264440059661865,5.264440059661865,0.3252871632575989,0.3252871632575989,0.003094429150223732,1.0,1.0,3.0,1,0.25,0.5,0.25,gamma_fixed
math500_101,math500,661,0.9346112012863159,0.9346112012863159,0.9106215834617615,0.9106215834617615,1.502652230556123e-05,1.0,4.0,5.0,1,1.0,1.0,1.0,gamma_fixed
math500_101,math500,662,2.4789979457855225,2.4789979457855225,0.48050859570503235,0.48050859570503235,0.0004675158124882728,1.0,4.0,5.0,1,1.0,1.0,1.0,gamma_fixed
math500_101,math500,663,11.833589553833008,11.833589553833008,0.06305979937314987,0.06305979937314987,0.5355303287506104,1.0,4.0,5.0,1,1.0,1.0,1.0,gamma_fixed
math500_101,math500,664,0.9551264643669128,0.9551264643669128,0.7843343615531921,0.7843343615531921,4.487019032239914e-05,1.0,3.0,4.0,1,0.75,1.0,0.75,gamma_fixed
math500_101,math500,665,0.06419755518436432,0.06419755518436432,0.9941273927688599,0.9941273927688599,0.018229350447654724,1.0,4.0,5.0,1,1.0,1.0,1.0,gamma_fixed
math500_101,math500,666,5.742512226104736,5.742512226104736,0.3632386326789856,0.3632386326789856,0.00021106781787239015,1.0,4.0,5.0,1,1.0,1.0,1.0,gamma_fixed
math500_101,math500,667,6.54452657699585,6.54452657699585,0.4800395965576172,0.4800395965576172,0.0001164232671726495,1.0,1.0,4.0,1,0.25,0.3333333333333333,0.25,gamma_fixed
math500_101,math500,668,10.20415210723877,10.20415210723877,0.18643222749233246,0.18643222749233246,1.368107557296753,0.0,0.0,2.0,1,0.0,0.0,0.0,gamma_fixed
math500_101,math500,669,3.642334461212158,3.642334461212158,0.7136216759681702,0.7136216759681702,2.4673542976379395,1.0,3.0,4.0,1,0.75,1.0,0.75,gamma_fixed
math500_101,math500,670,5.65822172164917,5.65822172164917,0.3476216197013855,0.3476216197013855,1.7901852130889893,0.0,0.0,2.0,1,0.0,0.0,0.0,gamma_fixed
math500_101,math500,671,7.361410140991211,7.361410140991211,0.1812264621257782,0.1812264621257782,1.765748143196106,0.0,0.0,2.0,1,0.0,0.0,0.0,gamma_fixed
math500_101,math500,672,0.8742266893386841,0.8742266893386841,0.881205141544342,0.881205141544342,1.9190549850463867,0.0,0.0,3.0,1,0.0,0.0,0.0,gamma_fixed
math500_101,math500,673,3.3749709129333496,3.3749709129333496,0.6426605582237244,0.6426605582237244,0.5607081651687622,1.0,4.0,5.0,1,1.0,1.0,1.0,gamma_fixed
math500_101,math500,674,6.875584602355957,6.875584602355957,0.19806884229183197,0.19806884229183197,0.997788667678833,1.0,4.0,5.0,1,1.0,1.0,1.0,gamma_fixed
math500_101,math500,675,2.3846595287323,2.3846595287323,0.5533321499824524,0.5533321499824524,2.4927450795075856e-05,1.0,4.0,5.0,1,1.0,1.0,1.0,gamma_fixed
math500_101,math500,676,11.407984733581543,11.407984733581543,0.07372436672449112,0.07372436672449112,9.864124876912683e-06,0.0,0.0,2.0,1,0.0,0.0,0.0,gamma_fixed
math500_101,math500,677,2.7778072357177734,2.7778072357177734,0.7576090097427368,0.7576090097427368,3.942676630686037e-05,1.0,1.0,3.0,1,0.25,0.5,0.25,gamma_fixed
math500_101,math500,678,0.354286789894104,0.354286789894104,0.9655134677886963,0.9655134677886963,0.00554098142310977,1.0,4.0,5.0,1,1.0,1.0,1.0,gamma_fixed
math500_101,math500,679,6.222367286682129,6.222367286682129,0.3439074158668518,0.3439074158668518,1.4007105827331543,1.0,1.0,3.0,1,0.25,0.5,0.25,gamma_fixed
math500_101,math500,680,2.5972208976745605,2.5972208976745605,0.4042338728904724,0.4042338728904724,0.468618243932724,1.0,2.0,4.0,1,0.5,0.6666666666666666,0.5,gamma_fixed
math500_101,math500,681,4.687309265136719,4.687309265136719,0.4134160578250885,0.4134160578250885,1.983121364901308e-06,0.0,0.0,2.0,1,0.0,0.0,0.0,gamma_fixed
math500_101,math500,682,11.30974292755127,11.30974292755127,0.06939303874969482,0.06939303874969482,2.3368264010059647e-05,1.0,4.0,5.0,1,1.0,1.0,1.0,gamma_fixed
math500_101,math500,683,8.53624153137207,8.53624153137207,0.1667906939983368,0.1667906939983368,1.0232259035110474,1.0,1.0,2.0,1,0.25,1.0,0.25,gamma_fixed
math500_101,math500,684,5.097546100616455,5.097546100616455,0.3177519142627716,0.3177519142627716,1.0001723766326904,1.0,2.0,5.0,1,0.5,0.5,0.5,gamma_fixed
math500_101,math500,685,1.2185691595077515,1.2185691595077515,0.8937719464302063,0.8937719464302063,1.3156486602383666e-06,1.0,3.0,4.0,1,0.75,1.0,0.75,gamma_fixed
math500_101,math500,686,0.31588536500930786,0.31588536500930786,0.9637766480445862,0.9637766480445862,0.00010408448724774644,1.0,3.0,4.0,1,0.75,1.0,0.75,gamma_fixed
math500_101,math500,687,2.5028653144836426,2.5028653144836426,0.8288267850875854,0.8288267850875854,0.0010244908044114709,1.0,1.0,3.0,1,0.25,0.5,0.25,gamma_fixed
math500_101,math500,688,1.271419882774353,1.271419882774353,0.7570542693138123,0.7570542693138123,1.0076952321469435e-06,1.0,1.0,3.0,1,0.25,0.5,0.25,gamma_fixed
math500_101,math500,689,0.011663497425615788,0.011663497425615788,0.9993731379508972,0.9993731379508972,0.00013307914196047932,1.0,3.0,4.0,1,0.75,1.0,0.75,gamma_fixed
math500_101,math500,690,4.898541450500488,4.898541450500488,0.3352853059768677,0.3352853059768677,2.030200242996216,0.0,0.0,2.0,1,0.0,0.0,0.0,gamma_fixed
math500_101,math500,691,1.2690706253051758,1.2690706253051758,0.562320351600647,0.562320351600647,6.303509536564889e-08,1.0,4.0,5.0,1,1.0,1.0,1.0,gamma_fixed
math500_101,math500,692,0.2962191104888916,0.2962191104888916,0.9809126853942871,0.9809126853942871,0.016121285036206245,1.0,4.0,5.0,1,1.0,1.0,1.0,gamma_fixed
math500_101,math500,693,11.833039283752441,11.833039283752441,0.04135562479496002,0.04135562479496002,0.0014904325362294912,1.0,2.0,4.0,1,0.5,0.6666666666666666,0.5,gamma_fixed
math500_101,math500,694,0.08081188797950745,0.08081188797950745,0.9953493475914001,0.9953493475914001,0.002081346232444048,1.0,3.0,5.0,1,0.75,0.75,0.75,gamma_fixed
math500_101,math500,695,3.1169376373291016,3.1169376373291016,0.30827659368515015,0.30827659368515015,0.006488759070634842,1.0,1.0,5.0,1,0.25,0.25,0.25,gamma_fixed
math500_101,math500,696,0.7426632046699524,0.7426632046699524,0.9567726850509644,0.9567726850509644,0.03917624056339264,1.0,4.0,5.0,1,1.0,1.0,1.0,gamma_fixed
math500_101,math500,697,2.384033679962158,2.384033679962158,0.7635509967803955,0.7635509967803955,5.128323391545564e-05,1.0,1.0,3.0,1,0.25,0.5,0.25,gamma_fixed
math500_101,math500,698,0.0023653481621295214,0.0023653481621295214,0.9998603463172913,0.9998603463172913,0.18373623490333557,1.0,3.0,5.0,1,0.75,0.75,0.75,gamma_fixed
math500_101,math500,699,4.642061233520508,4.642061233520508,0.4332563281059265,0.4332563281059265,2.336724281311035,0.0,0.0,2.0,1,0.0,0.0,0.0,gamma_fixed
math500_101,math500,700,0.5204439759254456,0.5204439759254456,0.9156934022903442,0.9156934022903442,1.6486623287200928,1.0,3.0,4.0,1,0.75,1.0,0.75,gamma_fixed
math500_101,math500,701,3.692647933959961,3.692647933959961,0.5864362120628357,0.5864362120628357,1.2314237356185913,0.0,0.0,2.0,1,0.0,0.0,0.0,gamma_fixed
math500_101,math500,702,2.9830944538116455,2.9830944538116455,0.7654174566268921,0.7654174566268921,0.07776788622140884,0.0,0.0,2.0,1,0.0,0.0,0.0,gamma_fixed
math500_101,math500,703,0.7026493549346924,0.7026493549346924,0.9280153512954712,0.9280153512954712,3.316180664114654e-05,1.0,4.0,5.0,1,1.0,1.0,1.0,gamma_fixed
math500_101,math500,704,3.686326503753662,3.686326503753662,0.42033669352531433,0.42033669352531433,0.00026241110754199326,1.0,2.0,4.0,1,0.5,0.6666666666666666,0.5,gamma_fixed
math500_101,math500,705,0.04921141266822815,0.04921141266822815,0.9969357848167419,0.9969357848167419,1.6047266721725464,1.0,4.0,5.0,1,1.0,1.0,1.0,gamma_fixed
math500_101,math500,706,0.3555399179458618,0.3555399179458618,0.9803739786148071,0.9803739786148071,0.0011645101476460695,1.0,4.0,5.0,1,1.0,1.0,1.0,gamma_fixed
math500_101,math500,707,6.79496431350708,6.79496431350708,0.5122485160827637,0.5122485160827637,0.04499465599656105,1.0,4.0,5.0,1,1.0,1.0,1.0,gamma_fixed
math500_101,math500,708,4.298221588134766,4.298221588134766,0.5298009514808655,0.5298009514808655,1.295205220230855e-05,1.0,1.0,3.0,1,0.25,0.5,0.25,gamma_fixed
math500_101,math500,709,0.6700819134712219,0.6700819134712219,0.9474457502365112,0.9474457502365112,0.04564912989735603,1.0,3.0,5.0,1,0.75,0.75,0.75,gamma_fixed
math500_101,math500,710,12.29308032989502,12.29308032989502,0.0315232090651989,0.0315232090651989,0.9978875517845154,0.0,0.0,2.0,1,0.0,0.0,0.0,gamma_fixed
math500_101,math500,711,9.203102111816406,9.203102111816406,0.3551709055900574,0.3551709055900574,0.903617799282074,0.0,0.0,2.0,1,0.0,0.0,0.0,gamma_fixed
math500_101,math500,712,7.315576076507568,7.315576076507568,0.28316691517829895,0.28316691517829895,0.12224315851926804,1.0,1.0,5.0,1,0.25,0.25,0.25,gamma_fixed
math500_101,math500,713,0.17888548970222473,0.17888548970222473,0.9907957911491394,0.9907957911491394,5.583578058576677e-06,1.0,2.0,4.0,1,0.5,0.6666666666666666,0.5,gamma_fixed
math500_101,math500,714,4.04540491104126,4.04540491104126,0.28988203406333923,0.28988203406333923,0.35676276683807373,1.0,2.0,4.0,1,0.5,0.6666666666666666,0.5,gamma_fixed
math500_101,math500,715,0.4317764937877655,0.4317764937877655,0.9714097380638123,0.9714097380638123,4.9529667194292415e-06,1.0,1.0,3.0,1,0.25,0.5,0.25,gamma_fixed
math500_101,math500,716,1.3265619277954102,1.3265619277954102,0.6656559109687805,0.6656559109687805,4.0947128354673623e-07,1.0,1.0,3.0,1,0.25,0.5,0.25,gamma_fixed
math500_101,math500,717,1.0139718055725098,1.0139718055725098,0.8036206960678101,0.8036206960678101,6.556434186677507e-07,0.0,0.0,2.0,1,0.0,0.0,0.0,gamma_fixed
math500_101,math500,718,3.426257848739624,3.426257848739624,0.7044472694396973,0.7044472694396973,1.2334388884482905e-05,1.0,2.0,3.0,1,0.5,1.0,0.5,gamma_fixed
math500_101,math500,719,10.098817825317383,10.098817825317383,0.13854466378688812,0.13854466378688812,0.09712009131908417,1.0,1.0,3.0,1,0.25,0.5,0.25,gamma_fixed
math500_101,math500,720,9.803873062133789,9.803873062133789,0.23682597279548645,0.23682597279548645,0.0003750300966203213,1.0,4.0,5.0,1,1.0,1.0,1.0,gamma_fixed
math500_101,math500,721,4.1630377769470215,4.1630377769470215,0.3548242151737213,0.3548242151737213,9.512930773780681e-06,1.0,1.0,3.0,1,0.25,0.5,0.25,gamma_fixed
math500_101,math500,722,5.020384788513184,5.020384788513184,0.3103911876678467,0.3103911876678467,0.0006448321510106325,1.0,1.0,3.0,1,0.25,0.5,0.25,gamma_fixed
math500_101,math500,723,2.33443284034729,2.33443284034729,0.7319729924201965,0.7319729924201965,2.175077438354492,1.0,3.0,4.0,1,0.75,1.0,0.75,gamma_fixed
math500_101,math500,724,5.046148777008057,5.046148777008057,0.5678386092185974,0.5678386092185974,0.8088334798812866,1.0,2.0,4.0,1,0.5,0.6666666666666666,0.5,gamma_fixed
math500_101,math500,725,1.779056191444397,1.779056191444397,0.7746289968490601,0.7746289968490601,0.00016549124848097563,1.0,3.0,4.0,1,0.75,1.0,0.75,gamma_fixed
math500_101,math500,726,4.615414619445801,4.615414619445801,0.6831071972846985,0.6831071972846985,7.268966874107718e-05,1.0,3.0,4.0,1,0.75,1.0,0.75,gamma_fixed
math500_101,math500,727,12.100229263305664,12.100229263305664,0.12888585031032562,0.12888585031032562,0.00020429315918590873,1.0,2.0,3.0,1,0.5,1.0,0.5,gamma_fixed
math500_101,math500,728,0.282016396522522,0.282016396522522,0.9712466597557068,0.9712466597557068,2.1072564125061035,1.0,3.0,5.0,1,0.75,0.75,0.75,gamma_fixed
math500_101,math500,729,1.4078748226165771,1.4078748226165771,0.8267048001289368,0.8267048001289368,0.5040967464447021,1.0,4.0,5.0,1,1.0,1.0,1.0,gamma_fixed
math500_101,math500,730,1.317563772201538,1.317563772201538,0.8837366700172424,0.8837366700172424,0.36937853693962097,1.0,2.0,5.0,1,0.5,0.5,0.5,gamma_fixed
math500_101,math500,731,0.075676828622818,0.075676828622818,0.993039608001709,0.993039608001709,0.026003757491707802,1.0,4.0,5.0,1,1.0,1.0,1.0,gamma_fixed
math500_101,math500,732,1.0696780681610107,1.0696780681610107,0.9219181537628174,0.9219181537628174,3.934195774490945e-05,1.0,1.0,3.0,1,0.25,0.5,0.25,gamma_fixed
math500_101,math500,733,0.1867644041776657,0.1867644041776657,0.9788791537284851,0.9788791537284851,0.00026006053667515516,1.0,4.0,5.0,1,1.0,1.0,1.0,gamma_fixed
math500_101,math500,734,9.329124450683594,9.329124450683594,0.25984856486320496,0.25984856486320496,0.0005144667811691761,1.0,4.0,5.0,1,1.0,1.0,1.0,gamma_fixed
math500_101,math500,735,5.736394882202148,5.736394882202148,0.21988548338413239,0.21988548338413239,1.0546170473098755,1.0,1.0,3.0,1,0.25,0.5,0.25,gamma_fixed
math500_101,math500,736,5.269055366516113,5.269055366516113,0.2675739526748657,0.2675739526748657,1.9161263704299927,1.0,3.0,5.0,1,0.75,0.75,0.75,gamma_fixed
math500_101,math500,737,2.401207447052002,2.401207447052002,0.7966857552528381,0.7966857552528381,0.5089111328125,1.0,1.0,3.0,1,0.25,0.5,0.25,gamma_fixed
math500_101,math500,738,4.269861221313477,4.269861221313477,0.32401901483535767,0.32401901483535767,0.4310791790485382,1.0,4.0,5.0,1,1.0,1.0,1.0,gamma_fixed
math500_101,math500,739,7.212474346160889,7.212474346160889,0.19291457533836365,0.19291457533836365,0.0003266364801675081,1.0,2.0,3.0,1,0.5,1.0,0.5,gamma_fixed
math500_101,math500,740,0.025027699768543243,0.025027699768543243,0.9981706142425537,0.9981706142425537,0.07788238674402237,1.0,4.0,5.0,1,1.0,1.0,1.0,gamma_fixed
math500_101,math500,741,1.0723470449447632,1.0723470449447632,0.5711756348609924,0.5711756348609924,0.00012579058238770813,1.0,3.0,5.0,1,0.75,0.75,0.75,gamma_fixed
math500_101,math500,742,1.805249571800232,1.805249571800232,0.7867316007614136,0.7867316007614136,0.0002551430952735245,1.0,1.0,3.0,1,0.25,0.5,0.25,gamma_fixed
math500_101,math500,743,0.05491477996110916,0.05491477996110916,0.9955353736877441,0.9955353736877441,0.9591560363769531,0.0,0.0,4.0,1,0.0,0.0,0.0,gamma_fixed
math500_101,math500,744,0.0035745424684137106,0.0035745424684137106,0.9997828006744385,0.9997828006744385,0.10694628953933716,1.0,4.0,5.0,1,1.0,1.0,1.0,gamma_fixed
math500_101,math500,745,0.01375864539295435,0.01375864539295435,0.9992878437042236,0.9992878437042236,4.0508837173547363e-07,1.0,4.0,5.0,1,1.0,1.0,1.0,gamma_fixed
